AAPL,NVDA,TSLA,META
-0.007691236320908067,0.048832607384594016,0.16879451260286096,0.04112683144860847
-0.0655904982827223,-0.034489600567996874,-0.00025720668994270134,-0.022453519093032448
-0.0214731814034986,0.03317370223039405,0.015688043665694176,-0.010945856163596222
0.09560604952659023,0.1583400612634647,0.15084593365171223,0.08339219628990942
-0.0055240125384487995,-0.01438993245021418,0.06562083944686455,-0.03007871901457302
0.051285214711553756,0.04622384837885812,-0.0207800386755252,0.04463253491993357
-0.042283913900702276,-0.017687744285648968,-0.026475805312348537,-0.04092655012938249
0.02813834225784904,0.04963195650685608,-0.024064387275638185,0.05677906883933987
-0.0020426845853863825,-0.0075209030995059,0.04263263821287683,0.005109242601438204
-0.05405188292264993,-0.08108352827994117,-0.08446087652228773,-0.0441248839353047
0.016548909093006194,0.049755820023383676,-0.057898921000518445,-0.008873817806930279
-0.014475556363462105,-0.046305761963519466,0.05467504939194526,-0.02567617887389928
0.08363999515801689,0.09567904465032542,0.07276481895829454,0.07115257565837631
-0.011649691236680984,-0.03553457594447,0.05503939414254686,0.019618905176518577
0.025272403036641765,0.030117392017691178,0.006195761068727163,0.03177107746022793
0.007190333482730759,-0.015097174679550381,0.043078797207400474,0.005207862649959328
0.01943719556248363,0.02590207086053886,0.12754711640906993,-0.002285908722708962
0.04926935791140821,0.05093199485256716,0.0866771798728856,0.019152819434848117
-0.009169191632882906,-0.011013139285008819,0.02770162075738181,-0.006757850414123059
0.007914415339022703,0.04817270766336596,0.020854428493631318,-0.004076740350467708
-0.01366146449781611,-0.008108588402026018,0.011580411041559343,0.016822172440494804
-0.020975367397197575,-0.018192763797308754,-0.010038465581097953,-0.0055945857657183845
-0.031398192338738085,-0.06305066835275978,-0.08328137479063667,-0.04263791462431464
0.02839682209035116,0.05991050971737656,0.06400415510269586,0.06505084824418457
-0.0038830132112200448,-0.007507007132150305,-0.036839791089286374,0.015514291131213685
0.028460370614868214,0.01945694171552997,0.02728753098899391,0.02633422400843677
0.0007065303708755486,0.025535266215651102,0.09666945779957149,-0.013613654402270569
-0.01634180312020608,-0.01944168422441718,-0.037801017814305886,-0.024784615302518083
0.03231692248787805,0.02407613122374665,0.040002020280935593,0.059842750872668306
0.020876802789946452,-0.020923442564521732,-0.023547759980736722,0.05275732464572785
-0.0162305049594597,-0.03304307524539844,-0.10873700220740792,-0.011990773258912405
0.014049566304652646,0.02965001853598346,0.0819187203405193,0.014673962438529418
0.014897807297735786,0.008375759992464059,0.009180180665024101,0.008779614694581757
0.010264269183878454,0.013693429763694628,0.018533023597782732,0.006738170705365133
0.010291598929585342,0.023496904674060355,-0.003250973870209664,0.013294401016639689
0.023522756372814573,0.02471898853318112,0.04925154604829151,0.005146252070908381
0.015613134050265508,0.03187103296706776,-0.009971196406895207,0.003900997607314554
-0.011494410628693661,-0.033151815191140535,-0.0023199593370761967,-0.014553256529065467
-0.0121472921623484,-0.0028877564655665233,-0.02305818093053759,-0.024085974142439574
0.0061245434512428925,0.0316904003817262,0.015518160889563192,0.008302760050161442
-0.005929675598458882,0.055730623801838505,-0.005191880165631997,0.019488780346752863
0.02328777792308087,0.03010495900899505,0.01793204109959487,0.010894435069515785
-0.005795057032904087,0.006294084185109318,-0.0069313094591098995,0.017160570723475273
0.01926129352304714,0.018509248140506376,0.00930057241369536,0.05860461997372521
-0.007483115510265974,-0.02195056540497886,0.014654934735012084,0.006155831934671297
0.006417591828379813,0.028201883195388192,-0.013037700356063059,0.015097763350550658
-0.006796517407934924,-0.03477600476487327,0.002433081947381517,-0.011603414031694572
0.004347613387733389,-0.022328545733099225,0.001659467041868106,-0.013265853535292398
0.00043971977604161995,-0.004497061093735422,-0.017736751939729612,-0.016190436371872865
-0.0009741163041417051,0.044759228905203494,0.035583725409644835,-0.0016424706363321212
0.012222671232574558,-0.007832943310799123,0.07284966703702293,0.029849086890122552
0.004618742059304935,0.0021551112227080867,-0.018588326218028427,0.0034865941587451914
0.0054900508537676996,-0.006337051785389287,0.0015867839932886055,-0.011061240484250752
-0.008649587413096562,0.00011408176771203813,-0.02126741082055923,-0.016957390175572205
0.0280832353829447,0.01735831194717086,0.024320646383694,0.01960423546344066
0.005894823859577023,-0.012976084992106828,0.07004464847857836,0.002726058590936324
0.031089765107644433,0.027002848356217534,-0.00978535494822048,0.030934297986484886
0.025402225678145814,0.034843401111878655,0.08590431690632504,-0.008161665453646723
-0.04920112490988062,-0.06284045595704786,-0.052277046427824686,-0.05335651533666006
0.0085963010489974,0.015370659287633068,-0.03937370329089697,0.018322425698698974
0.012291222770250514,0.026649732418449267,0.05776761532071402,0.017004114084639938
0.026157117631124754,-0.011539089551220396,-0.008889888882897297,0.01345742796339962
-0.0013925642339620617,0.018302189311524848,0.009787666254598352,-0.0005094191739502509
0.0003981245752666698,-0.0019508763036720986,0.012196058432993926,0.0017392062071890286
-0.005731018417560664,0.0046807881886901,-0.003052506049991116,0.012007015982547496
0.025827499466571327,0.028264683014132933,-0.006595797039905825,0.001799122389487539
0.02112017193068919,-0.008088941390061399,0.007474555771254048,0.01254529820693507
-0.01781002538487449,-0.022959741347752766,-0.04171541244464825,-0.03452230062900953
0.01318819584372931,0.027183582371838835,0.025817844628587844,0.0070682607690097385
-0.03120736920490494,-0.035938566342595575,-0.02697370050614223,-0.08682610883696777
0.02278499694768543,0.004903297804681178,0.05039944763683731,0.02088354627196484
0.00831275026911415,0.031851743556398394,0.06747855280845434,0.0287260413337004
-0.0018932624816170947,0.003389399351691223,0.036213124954005624,0.045119885504957984
0.0,0.008593735593376351,0.07651403502187115,-0.017538970206134756
0.026398830996639634,0.023341326165834224,0.12645108117682743,0.028965610593725197
-0.0031077482610147394,0.0032978364424933273,0.01323965619758905,0.002410947419971361
0.02302321147702758,0.034277443767972385,-0.017404076436543424,0.011229582821416728
0.0042910620900673034,0.02827732958622183,0.020579243780394125,0.0037698370384564753
0.0017477237059238277,-0.002835150888956872,0.10241918272489342,0.0023286595405719287
-0.004624029871063478,-0.04160054754377088,-0.031294179797161696,-0.025080454946964013
0.016413156773826005,0.03179542865029669,0.013099686323903579,0.003049753121580943
0.006853675635892878,-0.014535962316670953,0.019074500672006927,0.002291675004966721
-0.012381437440139422,-0.009085747960858408,-0.029785727485036655,0.002701479402285898
-0.0020221530877386905,0.006564476246387915,0.00013329605943815782,0.004555359861981566
0.02085489995226254,0.02986377026349849,0.09049888548491682,0.013909332064764857
-0.013897519156335315,-0.017491249737647964,-0.04649333201590645,-0.015066934010289263
0.0028051632326952895,0.010617543487608731,0.015167860710440668,-0.00780700264490224
-0.04658488698941582,-0.030047939683198625,-0.05105769412846385,-0.030777072133553747
-0.002480266649275177,0.006371626235111903,-0.06559870288489437,-0.008158491242599078
0.023423625894255132,0.022022680660730477,0.08298067038819532,0.012020451381108873
-0.01656379921742394,-0.019964875163266758,-0.04185494718429495,-0.014581105257438288
0.018986879340392462,0.024177833399675008,0.01520390470417943,0.013681303362663998
0.012027532702981404,0.01408973651808971,-0.007781454581928156,0.005173331770428727
0.09956361914045045,7.077447428218985e-05,-0.038884339639871014,0.07857869086970493
0.024885466240142734,0.036582055743881424,0.03720897247565101,-0.006763805642736945
0.006655630010968051,0.01956171575249794,0.0013458747004375454,-0.00848973328702255
0.0036181770173604358,0.005241122594720124,-0.0013323884879125765,-0.002846024364409967
0.03429450151897313,0.004310034778240387,0.0030659693985973365,0.06285125187878171
-0.022998115984189427,-0.012070155187344356,-0.025063424630081085,0.011841595549338425
0.01443016877398526,-0.0030852458720333014,-0.023781465364230404,-0.02047351525227859
-0.030191168591291156,-0.028619100321522345,-0.03163934754750347,-0.02646892602146945
0.03269406858934521,0.05297275365573582,0.12331118921207428,0.014573474469897466
0.01754283547442056,0.0002403811985636896,0.04172205380429948,0.005410574758886958
-0.0008918644573117684,0.010518896339081886,0.018162259872136134,-0.00022967441839328348
-0.0026142747691248343,0.06470580116256322,0.10618769683979797,-0.0003059220671502048
0.008298391977301594,-0.0061998520305307885,0.02764276800974182,0.004507870307109927
0.0012540979496068081,-0.010020802647733782,-0.0045463782503080055,0.0009524829198769643
0.02194687077846933,0.00020614050459973228,0.0635722137952821,0.02415472592597235
0.05024868585754173,0.043713669318093,0.023768211540485355,-0.007462360213677402
0.011889156586564946,0.0028931863618677917,-0.017607920006301417,0.016270639019999943
-0.00823754230555762,0.0023360986927752083,0.004527486632740915,0.034156968490907255
0.013507349306803008,0.0018025196880377807,0.0621915738853809,0.07901762658072839
-0.012026302459609195,-0.011397304929025335,0.03897652873348478,-0.03580838319736836
-0.0016212569478834093,0.040314168749872294,-0.01138789608941323,0.0014995958241623213
0.03334960950590592,0.01709926068669062,0.11839534141276628,-0.0015675695515036602
0.03906034071784656,0.03313851506039356,-0.04782238606695396,0.00761061211850529
-0.02093650173202669,0.03731673712986924,-0.060034084286439256,0.02361563309267931
-0.08344786427658892,-0.09736502145731162,-0.0945727929773044,-0.03834589942509457
0.0006617712216501118,-0.030660083614463547,0.02743348445504921,-0.029243082919650203
-0.06966638160922513,-0.057850687795359644,-0.23651789445767657,-0.04178324065105133
0.0391116991776164,0.06515264163222856,0.10366923114657202,0.009396530088970905
-0.0331905894972704,-0.032228669429148045,0.013720031040026988,-0.020783012134863443
-0.013215665261101425,-0.012032135877197474,0.003709375196707332,-0.005535825871554353
0.02955874433950468,0.05655173303252953,0.11852211424147706,-0.0017268668731745828
0.0015590737299885503,0.009182992154108751,0.06936453038904387,0.023285205224768256
-0.029957844064434448,-0.03736882493055504,-0.017947393738460667,-0.03321590444479969
-0.016092419040028283,-0.004083463189997076,-0.04237854336559032,-0.03357174987340062
-0.03223417054386794,-0.022250243560272,0.04326101937694436,-0.009027487956543793
0.02987503076421479,0.026553313624273458,0.016241895082045352,-0.017496737172393712
0.015593516784521054,0.009580822975070548,-0.05761528541471742,0.02624929052829209
-0.04285108642406584,-0.041521883964416674,-0.10915761260898618,-0.02274931527383005
0.010216572041552931,0.018327702059740086,0.019345803747202597,0.0020458651672054023
0.03682946348606014,0.04169618915814069,0.0491842305281949,0.02097838470727012
0.023588596088074038,0.012447633900272604,0.033459528236176775,0.007817950607944752
-0.007596935596803618,0.014527620679055246,-0.005069748902601041,0.01916721692991637
0.014963305041650686,0.02278063601459337,0.023442192423042928,0.00041992976689855484
0.008426705925200641,0.00618909791225521,0.043670173422939704,0.01789943284349347
-0.03281253209613511,-0.041408982542638036,-0.07665503512528221,-0.025411208353773206
0.030326187647637115,0.043463391890213546,0.025192518630920653,0.017957298581085912
-0.029088269824799343,0.0068666472016548985,-0.02787018407731412,-0.02289385925760236
0.016824601947696353,0.016426276685987673,0.026977120398229415,-0.002089752975601899
-0.000956253347243092,-0.009010023829569154,0.0014567215247855486,0.021615064082175693
0.017246264436863883,-0.005507063200369529,0.018793074176697643,0.0026124974571788986
0.06158477463489096,0.03310565365243804,0.018943822515122916,0.04184265693903391
-0.026885747423799452,0.0015627313073589481,0.009786884708723409,0.0014132122798168692
0.0007431827822732836,-0.010796142249119864,0.032273287618783654,-0.015767953345078727
-0.003968541880994753,-0.008925682675179918,-0.02729299577407529,-0.018940368790774084
-0.014099594535863907,-0.01141043496802735,-0.020731092265373598,-0.0029665152926467092
-0.025873803955137033,-0.022978677088049092,-0.020310891071385614,-0.017181286689901345
0.013105748641803167,0.010886815699714631,-0.020850455371877373,0.02329213063620205
-0.00546121308583489,-0.008888430353717964,0.0016576578966101716,0.04089954859579501
-0.009629516162088915,-0.012181325125871719,0.007425427859397711,-0.002190913631317041
-0.006152866913641234,0.017012524431875314,-0.01219258008931434,0.023699527704522484
8.688595220141177e-05,-0.03359639309536176,-0.0008324460631960825,-0.02733755459003132
0.013382460832623323,0.019255964056423477,0.010414737676610572,0.022056735799409883
-0.04741882227999203,-0.05917470837487148,-0.04493353448533056,-0.05671646818272253
0.03638038712040384,0.03095626367633913,0.011777078527549948,0.047994606184605354
-0.057648097961863494,-0.038348756738515254,-0.05707106115006527,-0.06517733335818979
-0.0008273218290710176,0.0037228872920728917,0.03163027338080621,-0.006673487893118917
0.015236872775584763,0.03428041980525894,0.05675891678442002,0.01496253594629117
0.04002491174260906,0.057803531184686924,-0.0069123197353376745,0.07994403477049093
0.03487842177118167,0.026169145752200033,0.03983908014025376,0.025084764298269505
-0.0011368455263939322,0.027994403998684844,-0.018755444602258167,-0.004319039416331632
-0.020169893797376662,-0.06608714237701789,-0.020418708541599162,-0.05118396660498269
-0.0030135731433084544,-0.06522943408741269,-0.026215382510501505,-0.023005426590704512
0.02990113719146154,0.04949826813435827,0.016363110813065698,0.014756891309137371
-0.0023460778685077143,0.002883592225288991,-0.012957330573612593,-0.005076633395996617
0.00041936280365228995,-0.011941970703208769,-0.007948653293047676,0.006775238696481867
0.008682575300217626,0.016279859565003503,-0.0010042223136041864,0.007231214530412644
-0.007592949215368546,-0.006904892163604661,0.07893944622909929,-0.01429720502922742
-0.011456855948654237,0.0004842063839891294,0.09709745318946535,-0.01107922421789325
0.00515483135820143,0.0008561043816531904,0.025622441945055478,0.0035601714925107314
-0.011017796583781814,-0.02657742424570746,-0.019537882465358328,-0.011941914115524435
-0.030194116785864925,0.0039847457903977495,0.06377098448424992,-0.0047200210216381665
0.01152754485541379,-0.013967204538787449,0.0622723727366544,0.031138692535318948
0.007439627950801475,0.0211517494974468,0.03297682427747412,-0.004814390316813326
0.00481459955312148,0.0020004717910142374,0.02028074420821668,0.008023112056231775
0.020880348998558156,0.01052016798034875,-0.03149318478843732,-0.0030282518764792646
0.030361494346013564,-0.0008583666686622884,0.029784568093447848,0.034003825683420044
0.0029291937843191115,0.011472385405613055,-0.02763741793314288,0.003379224711001532
-0.001138040679734895,-0.010728815357515806,0.04227093212295058,-0.019917204796576188
-0.005628212552909369,0.012039048996200905,0.009493325730045684,-0.0076574534129471555
0.01219517119948067,0.0035705231345924343,0.068886056292822,0.02080453549747554
0.005077866387362186,-0.019049439902013507,0.012573321033348567,-0.007662978788995089
-0.02112500562487422,-0.03190819092848963,-0.07241913725041024,-0.019525756503309982
0.011917428059663842,0.0032042997133771172,0.03668958724599977,-0.0028829781352296578
-0.00675756660173454,0.003155627854262974,-0.027615591895456065,-0.012966106526724527
-0.005159861457929236,0.022453601628626595,0.04775997018342951,0.002336963038851799
0.04887607842328368,0.003880899581841029,-0.010337277993335172,0.004947749546549402
-0.0005475924142249555,-0.008871215012063572,-0.016688013184044656,0.00043544889419821147
0.0069395102334410584,0.00742939004703617,0.05183107739238726,-0.004326066172918076
-0.01597777874950116,-0.005204233442322813,0.05790353852575241,0.006970617061079649
0.012319028262697351,0.004529134539868261,-0.06715493498509616,-0.013146777828739999
0.028066971725327815,-0.004058607813954586,-0.01475762913420309,-0.02111655597233961
-0.007000411993450615,-0.020466593116475505,0.00876920991536227,0.003811535985258544
0.007682702467882471,-0.0011920619730148693,0.024149533626973363,-0.0026515499260170747
0.0351407962981702,-0.0072411595448100136,0.0028971067347807124,0.03527190496882457
-0.013404064373025925,0.0033469362957922466,0.0034595328945027123,-0.0007946695136375123
-0.008563287662772073,0.015524263474589392,0.04232058232357712,-0.01789882945571075
-0.00773240589503327,-0.006927216077468578,0.015552413007484785,0.004733852185905004
-0.02503005947390664,0.004471004625868031,0.03358173995604568,-0.015569707948731172
0.01228788283430299,0.021966825123102662,0.007290726849836652,0.007519796583834777
-0.03424107366377097,-0.06076211970682229,0.027994766442436515,-0.028675897799304448
0.033553661903010276,0.05621976610685707,0.07644846869014829,0.020412229598435368
0.008594573885697638,-0.005052303627336931,0.07548123816080572,-0.004363380188236711
-0.023523567944245594,0.025634946105427863,-0.08144231364811663,-0.04092766754522449
-0.00139634820054614,-0.010090086487771356,0.046075003355075396,-0.02264189170274712
0.016096359672785596,0.003479556296978206,0.00583390055163722,0.002187984338954707
-0.015242689160631437,-0.024803192153687734,-0.011074621019438693,-0.024132429954859324
-0.013825563026808613,-0.026153006298403,-0.02254816438492551,0.023019183059258916
0.00541245007683461,0.012807187386503638,0.022015499815695144,0.038017216612450916
0.03232773850516154,0.02580556514968993,0.00696170884124915,0.02414143599334271
0.03600253792846796,0.03685256295334004,-0.006440854103183227,0.01995077307503052
0.015945902728624853,-0.011240374982957253,0.0019507385857471659,0.005955549912960124
0.02730722462684607,-0.0043300592646187235,0.039555086200732226,0.012706032177610715
0.0016780977895852949,-0.01609572440222918,0.002596544878530684,0.014427063125900271
-0.0077134722505064176,-0.03927950920794627,-0.021669174678462418,-0.0357676789902161
-0.03561179751555928,0.010262322731952956,-0.033811459334112025,-0.026586723796089142
-0.03813886910099817,-0.004704122583567601,-0.051455133708131096,-0.02549189889185947
0.01638499399159949,0.018855543601159867,0.05668432585298431,0.014144678285688925
0.00631689910708617,0.023868575760472285,0.03851924269165984,0.019165548190949074
-0.007808721547088417,-0.0019382208344805977,-0.020956118951172036,-0.0016112411388330171
0.025431654693979625,0.009836593780381375,-0.005514295631595512,-0.0006003264419166797
-0.003102871891670916,-0.005375288646503927,0.002631883215661463,0.006023475832290004
0.0010961232638900134,0.06050799008651176,0.013044842106937113,-0.005685942562585529
-0.006595295374423695,-0.012229390804831647,-0.016300455142510474,0.010708815080756728
-0.0045689449718289196,0.03452241525883324,-0.053982110546516617,0.00894115290723442
-0.001922310300870404,0.03241989139862421,0.008462878423046197,-0.005458646055479508
0.001774651519678155,-0.019165215536340305,0.005479859012751231,0.0004066899181944581
-0.0162349413857443,0.02436456392786715,-0.024685864957400334,0.012746331623596441
-0.01780193410423059,-0.028064193794901913,0.0024209343993348833,-0.001460952480738095
-0.00867360504394444,-0.005179185381503985,-0.01358555824881115,-0.01539741678320181
0.0012327505673686884,0.006553566200862965,-0.007751801260508434,-0.029496481708256767
-0.030251921248375543,-0.03898751943682436,-0.08937612559287707,-0.004713786296699873
-0.0011118595493855913,-0.015001566040034203,-0.022161184525391956,0.02102002241692982
-0.004060390181018483,0.024930412077254785,0.059954347975619646,-0.005847206199949059
-0.035401857242555825,-0.08575174768175946,-0.08402401628244031,-0.03707545573351054
0.002229028097549653,0.03012590871434219,-0.009898985904473094,0.011438311510361272
0.05245116975882025,0.009235725750888862,0.061615106636751404,0.027904666439942986
-0.02111491242912386,-0.031968469664230094,-0.04554943930628858,-0.022562085618970624
-0.024760648906357926,-0.04590462178040615,-0.04963546753524194,-0.013957945676285671
-0.01593826207938218,-0.03452210208820321,-0.04984401019282242,0.008693323019993236
0.01068125188288632,0.007349874329749,-0.038532236280417013,0.025445721419078676
-0.04256673885150674,-0.07222110196368339,-0.06022747806878096,-0.034530674261578166
0.039845198029510316,0.0772694741881983,0.17932714140524914,0.04003970916271558
-0.00920903870181992,-0.004162007098688585,-0.008228833280182691,-0.0031660147149816993
0.016368071650554396,0.0412639046240259,0.046130766690605556,0.033337950610942885
-0.0076546670758227625,-0.010638773194056424,-0.008425900400429927,-0.020211709791306674
0.024162399148464273,0.02574337334639698,0.02027649657712341,0.0197367874346551
0.012662555299757973,0.007551977740280624,-0.04486533694757771,0.019999572083264135
-0.006471575966675108,0.0037551030011489317,0.03616869761350537,0.016794715782399692
-0.03449309238811767,-0.04748878196876666,-0.07184055905976201,-0.019160789267274096
-0.004490453680233119,0.009641080084375349,0.002614584056873359,0.0404112433814844
0.027941918673161183,0.02616134336246182,0.02284097771296026,0.011754061099079054
-0.0069126896503483555,-0.008797561420859861,-0.011770465503008509,-0.009963208372540631
-0.020196065899845964,-0.03327322256389784,-0.04935894253519092,-0.029647349013424616
0.004154850296302028,-0.008559253829028762,0.015929083234572167,-0.01212420552217273
0.005128384821564635,0.02396223556366842,-0.034440713289359076,0.01523822740603095
0.0014837669369455074,0.008453948685823881,-0.012065159218404247,0.027186924759088075
-0.012350527561593038,-0.005925849460982129,0.039029424523405194,-0.009744012641642355
0.018591867908434187,0.03635028436773212,0.04958242699342897,0.022420391844673034
0.006934493150839864,0.03413452541055503,-0.00929552576717066,0.013925031014546245
0.023303694177839528,0.012644468335975871,0.043324388497766333,0.033744091183989064
0.002459077608159332,-0.009048969310141892,0.0008244361718844317,-0.00861555137935062
0.013301683748441215,0.0201399407217758,-0.03031223705748461,0.02205619614149427
0.01905112542722171,0.012192651501427168,0.018941076007001657,-0.0002236127398232935
0.020049288131397325,0.005780297675872527,-0.009964638245883383,-0.0017906058632577268
-0.013321369634252818,0.05465939150033705,0.03620406408291566,-0.002948737400087693
0.02401604097555679,0.030466663594505526,0.0824615371588125,-0.005729651137505767
-0.018014651287321104,-0.026005774434504993,-0.04027179907894094,-0.022659411309034632
0.018535206652879412,0.054781796981616726,0.009000306677510112,0.016376699002211968
-0.002531220872376162,-0.014025123556631273,0.001257911412789418,-0.005342023469308982
0.005055702288673329,-0.03522447360349578,-0.034587909254449344,-0.012951896681053603
-0.012913040566381984,-0.012478305871238746,0.006082481415169929,0.001355794382018559
0.0029259299959753715,0.012396833566440122,0.03435484924604316,-0.003906699853672102
-0.011754489868537934,-0.03378234265107905,-0.03338171795091616,-0.016555877761877787
0.01787766696496725,0.02756230134897493,0.01340170287553078,0.015427574186223359
0.0029733392265237856,0.013840614286105302,0.011992516455123612,0.006322383556359521
-0.002452240943865244,-0.006237937484781104,-0.046385859854230695,0.0017478410718335963
-0.006045384909865224,-0.006849759854451005,-0.014780794025162398,0.011561061138513453
-0.0007489919053320403,0.003137221943963008,-0.02537683713134589,0.07043335930883372
-0.015248652019299007,-0.020785801198162056,0.04680461290993818,-0.013535589329919705
0.008181350781120346,-0.011576244887968571,-0.035203052789871174,-0.007720125948167263
-0.03602672694635191,-0.03327011603712359,-0.016636360929421883,-0.013168229939243178
0.001953697712687509,0.007445494004147753,-0.003956776807325818,-0.010546792483359688
0.012721043390721899,0.004451114888774743,-0.011090612633393284,0.015747531644545325
0.005313494832053383,0.019720806406151748,0.013219694470214068,-0.002941726799064974
-0.026143480036654558,-0.0375929793051704,-0.0666139869184463,-0.04195464247160109
-0.00743800927189052,0.002835108459445313,-0.019001672485714396,0.0018284513286942832
-0.025254592107116995,-0.03903965131127494,-0.04525703659502106,-0.013069262823848932
0.017761094302411438,-0.006800778125710767,-0.03133918628539079,0.008917336992417235
0.019650460344751135,0.04140926085932169,0.031084853734470938,0.03438852244237472
-0.009301729216266484,-0.005456037896926372,-0.02213414578006038,-0.0015205120274204447
-0.011309444982791638,-0.010627701457423871,0.0018013224952045325,-0.017588566597415586
-0.0012823056079519304,0.0035612039028687843,-0.025252562795766022,0.011643176921795645
0.020794421784166336,0.038134455477531096,0.040553601408475165,0.015881333032036864
-0.014877400338569479,0.025622680866498798,-0.010105809239520404,-0.007497832776519016
0.013226452826716159,0.04054003715000197,0.04306162202970284,0.0262162748490712
-0.0015747986267733319,0.0022870824124452014,-0.002889839951081735,0.009687028036891645
-0.00039414910668467563,0.003333554183902322,0.023599290742317446,-0.0003967049050431235
-0.012454040915575063,-0.013595106139551207,0.018752900206065234,0.015415116922093417
-0.005362192815981374,0.04768865476303149,-0.008964584890580543,-0.012154740653236058
-0.0026518675718222116,0.001230617216062657,-0.002113500469111133,0.0012160509545042022
0.006256430609563609,0.03109849636676315,-0.030563287475861584,6.064694216282824e-05
-0.0122285568109465,0.01134919853685165,-0.05482031154624074,-0.009493502862942964
0.018843461849052695,0.03522975151088163,0.04473860632554917,0.01313268094270251
7.950556487246166e-05,0.0023154119356637204,0.010098272085864791,0.01868315528639613
0.0066498933214707125,-0.009236810379797622,-0.0025481655598922595,-0.008653294248162956
0.0030722344290659287,-0.005443682104206956,-0.008000903407653626,-0.010332775777779765
-0.00805545759509046,0.003837812536756232,0.018761400839628444,0.006669756687397609
0.009784616264012669,0.02270996488517114,-0.00037708912038201647,-0.003615854105074981
0.024280657792773584,0.010797013007526106,0.012708130416930218,0.016496469502976677
-0.006458427687627128,-0.012860764784394269,-0.03012429716067012,-5.9365994938082854e-05
0.003926132537702495,0.001222146290790208,0.009151155788618984,-0.01698060177037213
0.012522065216690102,0.04646077302948297,0.0192069740346885,0.016267843397847745
-0.010143145463057406,-0.0009923546456217583,0.010823457790850165,-0.020566129916855844
0.014005765663110783,-0.011412047121077122,-0.003986737073227676,0.007946278125440664
0.01261804891580772,0.024629893543237476,0.004628256702323586,0.020080456517030748
-0.0020917875636039932,0.008987009625330986,0.051343820984031875,0.004590893931515282
-0.0021714309436255473,0.007748985569353915,0.03479874196476401,0.0075755658303069935
-0.0022512321038179964,-0.00912715224387625,-0.011763228305736152,-0.005288133514379061
0.012467949942067378,0.04891269953662938,0.02476994196174637,0.0409521825673535
0.011434332885321554,0.0020869834039019554,-0.011624991064809973,-0.010600423799469384
0.004611030225901469,-0.0012117166039342113,-0.0015582931945795787,-0.011949938200306135
0.0022604818639462825,0.010419476541087968,-0.00262225819371756,0.019029213450298853
0.019407089048203874,0.013513890559231963,0.001444593124038416,0.00087444813627729
0.01461135509463532,0.010270464749259467,-0.028870583198134143,-0.005427755727513178
0.017795759725753233,-0.015912138245919496,-0.02289574720602526,-0.006512506531460012
-0.009242223022784891,-0.023291026619321434,0.01257859403128338,-0.013905542018761832
0.012970295006080124,0.007383638649636726,0.006321812249024031,0.013705792898077735
-0.004212512100060354,0.022792905587615864,0.042832279170544656,0.007788670249289467
0.00785844237294168,-0.012879467838872042,-0.02534398967789286,-0.0030343215884210137
0.023814361695698012,-0.020379358089865456,-0.02293732311171139,-0.012747922658220398
-0.004501934219404983,-0.0451145905908726,-0.004263873629526309,-0.0091609214265638
-0.014175973775139182,-0.04338474902577665,-0.009854715165981626,-0.009626359985386164
-0.027283408860708153,0.03350264752724203,0.003099673103658058,-0.01241701270878433
0.025642462577576297,-0.0089722897362346,0.021857165705963834,0.01388175930824904
-0.005144911002369008,0.04198130298502793,-0.007919294852611359,0.013287044839094757
0.009582735432292015,0.009435343601914843,-0.00924460786068585,0.014224025298209125
0.011917720889668018,-0.0018387690617141686,-0.009097683584931696,0.05160796200567627
0.00289045250892233,-0.013590469395463668,0.02189168871378688,0.007194097360564094
-0.015012851666857388,-0.004467336128677994,-0.019718078031379437,-0.012562835336980046
-0.012270833240662663,0.015241591714094943,0.0034062276545409947,0.014762197070125336
0.004542179660984589,0.008119512297979022,0.04587275846182932,-0.040902166351766335
0.0015094509316572397,-0.008324692817607553,0.014437208664382839,-0.005653629736941806
-0.00233397386833302,0.012790645335298329,0.03217472594711166,-0.012283959866757654
0.012565362644506998,0.0032853643300918495,9.862134908657855e-05,-0.002019358492989457
-0.0027863408659429627,0.022900127066466835,0.001661168327351945,0.02162988143351824
0.000748229055118691,0.017746342550600765,0.005205072568156722,0.011220742175672989
-0.00477836466771174,-0.013218893927549182,-0.021971130346089583,0.0014864561458803507
-0.0003420038100496951,-0.0034923528691048755,0.02075293960905606,-0.005240487767322671
-0.0033603086314221045,-0.017847101391297072,-0.005295892009324611,-0.00132826412131145
0.0017845121913255438,-0.011959629469227007,-0.003061037245157465,-0.0032451719576295467
0.02056030246495884,0.010403326621675296,0.020181504916966016,0.00744530345008801
0.001409594625208089,0.0141171841184284,-0.0070584091033222005,0.0014604131296057947
0.01345682452370818,-0.01185890523663153,-0.04418754471286682,0.00926351766556884
-0.006172703622375092,-0.02497102425030586,-0.03027123516946714,-0.022372847138826216
-0.02583204210850989,-0.021716417008558885,0.03437259258571844,-0.008404624749000679
0.002320426137335588,0.039039090384923876,-0.022783267048393844,-0.0009288108215167892
0.010105587203902327,0.05014105693275477,0.010031571629142592,0.011896768276429222
0.010204779985434606,0.05340939521587585,0.03756503320848795,0.011013958996000934
-0.0006012136307041521,-0.007542650694672422,0.0030958501857263057,0.005927185237875803
-0.008457165844761905,0.01908882747684699,0.0038177489873267093,0.0078484347465494
-0.005542478531944036,-0.006549107388408005,-0.014217568331421088,-0.010944833845804558
0.007158896189433809,0.025413138122136296,0.015229452832627683,0.022388684977344843
0.02996372385178913,0.0022946190473091327,0.026324794631827943,0.02132059833811541
-0.008460512552202646,-0.013268787577646391,0.0065592749200010505,-0.0033682099541365437
0.004468747881407262,0.002498620083692364,-0.002217981262751364,0.007012961186870842
0.007447117876211598,-0.002007340457728076,-0.00231847373209337,-0.017878829696318734
0.004221430909280578,0.019762156337109617,0.0016098361025145228,0.0026078487647380544
0.015370769865636652,-0.00795513388555917,0.026035942688487673,0.01561138010662458
-0.010135001755305968,-0.014355332071714012,0.0012609548743898497,-0.01213577894783855
-0.006727252061624161,-0.007278358379900695,0.001312369553312357,0.001138333427759563
-0.03366235112362082,0.013481441127842879,-0.024935356375548032,0.0018236618879279142
0.003885959416990857,-0.014609323609253488,0.009099139444443169,-0.005773318726227266
-0.009608084660380488,0.004054574755130592,0.002003341828722264,5.309702273178092e-05
0.006124897913640177,0.004441074921889423,0.015117058319369688,-0.00695572652301633
-0.0016116451325981884,-0.004441074921889383,0.0015335851645735571,-0.0023026836320097304
-0.01851839057418652,-0.0154957353374947,0.0032970919669145526,-0.022609308466096333
-0.021592609063626592,-0.036597741012581335,-0.03936976129858423,-0.025042257832727254
0.003422189023495353,0.00627956967572834,0.012534643183807646,0.004991661045665174
0.016731573026295268,0.03218852689466169,0.01684451236014587,-0.0407369597763809
0.006696835666040678,0.02435783263230164,0.002258262820491851,0.007980625467238104
0.0006126341684433639,-0.017997309896628108,0.027160841972020323,0.020031576490737817
-0.010605919843403214,-0.019250478077459183,0.021677401377557137,0.0017550346596299216
-0.024089101805788125,-0.045381961723975024,-0.017592195347548873,-0.037254192326897605
0.0064619354035729435,-0.008831383903919287,0.0048111864344248965,-0.0030578045186829324
-0.009355629662973416,0.009652703174478383,-0.0074897880450971975,-0.0006478462329734728
0.008094428928695786,0.0012542140723367315,-0.00033534501293734615,0.010609754204751765
-0.024913086686112754,-0.049918770705562915,0.008106673348889567,-0.05015687774028073
0.014058672255418288,0.035790011439025556,-0.0012035741082394261,0.020419658572285202
0.006287657105870763,0.01210170415279387,0.002763320999873195,0.0020402284170174833
0.009043334191298349,0.01795405532592486,0.01377889392912291,-0.013336549513778441
-0.0027254598497666307,-0.011645570241546173,-0.010284539562274665,0.002517968884726682
-0.0006299833234905462,-0.006549883779504596,0.008177997401230774,-0.014035212084957819
-0.009144712736678077,-0.0011603393011359025,0.01725061613832015,-0.005175491024730235
-0.004248931401886368,0.01288153383485873,0.006630349593761303,0.00237541759170636
0.020023898888849607,0.03781674946517888,0.008886865672994949,0.012219335514677595
0.007484132200676765,0.005319776281120082,0.02974907491710917,-0.011541666354137758
0.011737352898429849,0.016332947841476375,0.03161711443997285,0.03205840162714377
0.014967437820932386,0.0030551543361484043,-0.006734486474692475,0.013771374652764058
0.0033552738760662523,-0.008424713355559152,0.0017687488821671587,0.002320797999225645
0.001473070729636965,0.026299078543651332,0.03205181901693134,0.0032227680463071656
-0.005298852382145262,0.0014973565495557126,0.017387072543931938,-0.05183533535564046
-0.0003364527107436875,0.019176035027114145,0.11921843486746743,0.012490459879740148
0.0045644338611909585,0.06480547627376909,-0.0062938149592970775,-0.039974239650633334
-0.0031525751493087497,-0.010820197502213623,0.018898727534898532,-0.011432488484562743
0.024684634095337863,0.019842061938419912,0.03705562944417333,0.014941168840497236
-0.018322566677121236,0.024789350689933397,0.03374062327713504,0.02076614663938181
-0.005623441946335839,0.010118271406180488,0.08149724419582528,0.01961653445007554
0.007091101795887961,0.021981102795325294,-0.03074274797958024,-0.0057745256253710145
0.009750798414291094,0.007434219648425236,0.03509368755165895,0.010732113714127816
-0.003504707065878112,0.1137060554773902,0.01313564628546233,0.012675046444730562
0.0035758325954581838,-0.0016458553813320914,-0.006378469186125081,0.015598924835080404
-0.005568118017789637,0.03474835650207179,-0.04961124617557869,-0.007384895929082898
0.002456546986674597,-0.004783670210891195,-0.12772318728902374,-0.009644428377719361
-0.01934906092282473,-0.03986142706065612,0.04251283809069096,-0.02331854770701373
-0.0003383441654544947,0.03111404918865233,-0.0041661953768667185,0.0003047642026741315
0.014235071851713767,0.0,-0.028701065279561472,0.03933941400308308
6.695015137507156e-05,-0.012083212338301518,-0.01957254315692035,0.019377400147560103
0.006644288679529715,0.0059110542285431425,0.03998366090579434,-0.013323477615761158
0.016355651118199567,-0.0316857179718121,0.031984216103858806,-0.006406225990001866
0.02813659167196003,0.07927200570524148,0.006744812791821567,-0.006122371195296229
0.016833516978006856,0.040525222113936554,0.03643213445735007,0.019328371951845415
0.0029231754582217297,-0.03169305955664311,0.017272096909531555,-0.01250178849619603
0.0024191803931801993,-0.006593150803464431,-0.04223229344871564,-0.011087367626624042
0.003278029121247641,0.02881292885825747,0.006265105659810634,0.01123392217676717
-0.03219080859435359,-0.03649680858980615,-0.031013582803841335,-0.023555623816449357
0.021637609883435056,0.05775401806852932,0.04964715675134432,0.014631944107521354
0.031089312068294694,-0.021195904903300214,0.006810578672784683,-0.04097243744478855
-0.003211290558642181,-0.03859655639604371,-0.044440653310942796,-0.043656334121619365
-0.0061485489347287295,0.021743569063804497,-0.009543130353379798,-0.0006761709922134994
-0.011793982569706443,-0.04563077701677759,-0.0663521763056877,-0.011503367022090686
0.021274845647306972,-0.02160463178716893,-0.005889394805839068,0.03531617358002454
0.03483259119609321,0.0765610856725337,0.04148581070093519,0.015421371536327702
0.022527480357709448,-0.018707554585217022,0.016230761245708623,0.023724305236909164
-0.0029746406112649295,-0.04288500701543026,-0.06289341727027524,-0.0022411801374226724
0.0276282703160577,-0.00962294836302419,0.013093827482800639,-0.00021217556745042277
-0.020890962303678092,-0.06983771002755705,-0.051053775924629424,0.014272104987995674
-0.008055616799434428,0.0062303090616135474,-0.008208173270999982,-0.0022446779125490364
0.028110378516999122,0.0722132700496541,0.018072325435531507,0.02345403915533352
-0.040055472341237845,-0.07045023293281813,-0.051585055672323236,-0.019984390059757922
-0.006523120385539445,-0.020859289342152892,0.006076947341899706,-0.0033198101859456463
-0.008155266391953494,-0.0029538803814731186,-0.03561605979548491,-0.025303284628442235
0.018907167479934296,0.04776055507213215,0.04198665654283043,0.02653100710634297
0.015202474395309544,0.011115913058894788,0.07227140942458773,-0.011284418214505298
0.0036375620749158123,0.008130187666928732,0.05602002567418564,0.01439118535569658
0.022714750636083487,0.04308669042822154,0.02493491640225287,0.03211221179147686
-0.005784017796542871,-0.0203380831454142,-0.0050128185500081576,0.00011558330870842424
0.0005019713981713274,-0.010642682122763515,-0.002096907250306926,-0.009518891362928257
-0.006600141728041984,-0.013929430588941211,-0.014699782732613053,0.004132004839851365
-0.0035414815514015685,-0.005932713426336999,-0.012749774874751605,-0.02353534178463336
0.024696838451095576,0.023853999048495073,0.1269116289226746,0.0064902284561397
-0.012773092609383748,-0.027976477303757935,-0.04273287830059682,-0.005955243421497811
-0.02696000127558142,-0.05928555457861285,-0.054953895352910696,-0.037419148184322466
-0.01683434153116678,0.02058103233248819,-0.021758379841487693,0.025251523015659427
0.0009880646518183403,-0.03359824165865786,-0.03609004895021842,-0.0020171638887059576
0.00011619472346842435,0.005599684994557519,0.029890740749494566,-0.011275347052737316
0.0166444826813732,0.015104289538537343,0.005917481776156395,0.019021072109398046
0.0025667558373523164,0.006521397510732151,0.03853754612843837,-0.003325173425922235
-0.019211238518725724,-0.05219784826172848,-0.06987655465675016,-0.02055426034149607
0.00509744554630795,0.013715462505735602,0.017346435457551865,0.016464872336836526
-0.01907465328464943,-0.03932757057444089,-0.018364847454341894,-0.04231058556808177
-0.02124898059037441,-0.03280649990639966,-0.03441330009854252,0.004516001574932705
-0.010401045196068048,-0.03726780952101683,0.000622510083264904,-0.009526131391219286
-0.012847179079757584,-0.032660253101349554,-0.0539980722931419,-0.043219077098149435
-0.004876557225803597,-8.552858757364448e-05,-0.014835635717323473,0.01810849802576203
-0.011449430853897182,-0.04587632072021571,-0.012551567227813773,-0.028120177491335382
-0.0005636624344353417,0.019869442448728073,0.02048773822340817,-0.01856181795502302
-0.0029474594531619875,-0.03703806510615302,-0.12277997465910719,3.403127014733234e-05
0.0674507167242713,0.04001942634138949,0.02059221036289143,0.023711927798577805
0.025790212603763064,0.06958839079669642,0.10145138741776683,0.03756727885983959
-0.000973124108422408,0.006188332216592801,-0.005856643341232021,0.018157702945372865
0.007019732826198101,0.024219490122673312,-0.02786380690498853,0.012461083722504863
-0.016861133294379778,-0.05262442482010979,-0.016162405874435497,-0.3063905983471128
-0.0016808877800989447,0.015373179051820951,0.035474386816493036,-0.0028218662889549794
-0.004243562633740775,0.016677983100821626,-0.017458706575610557,-0.05273948213425253
0.018298442669888403,0.015250431426318108,0.016028052271245364,-0.021254955070909392
0.008259550027877554,0.06166429669409218,0.010787525285489406,0.052291984556994436
-0.023881782448632437,-0.0335463161290634,-0.0298952129692807,-0.017084634393047114
-0.020425657425750084,-0.0753778375155953,-0.050505215210130634,-0.0380727329439498
0.0014221678470130038,0.013190733998643601,0.018159773032297852,-0.008461988741114446
0.022888613004095826,0.08783861816455213,0.05191932445845771,0.015044743218124754
-0.0013898734683828753,0.000603709819390031,0.0010402120327626255,-0.02038750676998169
-0.021498739535712963,-0.07860086581218416,-0.05228610180162916,-0.041632337062167776
-0.009399922556583463,-0.03593417184963666,-0.022350967561475237,-0.007490320463971876
-0.017972744500840254,-0.010716129618676653,-0.04224617718140919,-0.019988990753376512
-0.02620409514069818,-0.043828080467936355,-0.07254830168258311,-0.01812645467328767
0.01654224495930628,0.05901772902613592,0.04695367409397792,0.0450759543131245
0.01288217598175369,0.017075986425078668,0.011299945777284081,0.01377755563252342
0.001636134065795042,0.009393988074611764,0.07211363413565586,0.0026096563869472877
-0.011695715756654604,-0.037947099621475334,-0.006986492144572377,-0.036383525360574924
0.020379114485865078,0.031328122131639165,0.01779600470296842,0.022450013798990844
-0.001983263001516318,-0.0211132565444115,-0.04724057511561311,-0.025008664723119467
-0.01857965994461727,-0.03335788013301611,-0.0011922300504741562,-0.014440800974537054
-0.024003559844318796,-0.07156241074608054,-0.04104369101185902,-0.06499851210681355
-0.011744808499852159,0.007558447851327699,0.024335419149005895,0.01493027012471992
0.034398832869442765,0.06739911472482181,0.04107819387010212,0.04223995169108176
-0.02756240410014545,-0.015589790124889725,-0.024358017786858904,-0.01671307358393358
-0.024199277488688387,-0.02493554904466232,-0.05259370365966602,-0.03971068992767299
-0.026921469028737773,-0.035462980011538095,-0.03711720154932235,-0.005237276921357882
0.029245499165293558,0.07420510180620782,0.04530634609366675,0.028523576517137796
0.02860270640411977,0.06419010551908931,0.046704219074345354,0.05865306985567962
0.00643325113743424,0.01096202220225418,0.03665493442277862,0.020463912639262723
0.020703092207380026,0.0658977193999722,0.03803519751155836,0.040775774984650924
0.008501233405580039,0.010566720205053386,0.017268009913468576,-0.023366455460296084
0.02058735197648142,-0.007886223411826333,0.0760832835953988,0.024105167597657774
0.008199771155182828,-0.034130288818427175,0.005147863044765912,-0.014833542675090362
0.022424631972535195,0.09362758898233157,0.014714339594958641,0.028221548694340227
0.0037271526256260775,-0.016403687763448145,-0.003240181703986614,0.010195303228558642
0.00502382710556611,0.018852037679933934,0.07728050710253655,0.007947739432333019
0.01895376954812366,0.015367167796660421,0.007054913567225325,0.027656193356370127
-0.006671537584659158,-0.0342914538512186,-0.005087674440050588,-0.008782663051830253
-0.017935904975552114,-0.014697627284413732,-0.01509517416561853,-0.024389952423150753
-0.0017195613148297268,-0.021260890478567898,0.006465651918934319,0.01113595860115744
0.02341707972812093,0.02396931661555875,0.05459557817973847,0.03941730731616207
-0.019123663451715713,-0.05364299863721383,-0.048464637280470575,-0.008803393592781714
-0.01862315322372431,-0.060569121962206214,-0.042589069768463106,-0.03753141512864589
0.0018026227253067255,-0.008186921092101016,0.01093679078037125,-0.00156862788074171
-0.011980492226264463,-0.0460282833492337,-0.030510186068030958,-0.0027847014171778865
-0.025847133292978625,-0.05339220436853447,-0.049534931817513166,-0.02675685384011171
0.011457554540545384,-0.019023765186006698,0.01122853693277581,-0.010776004753757762
0.016210442450797953,0.031988513563948294,0.03525937358618668,0.003961519320435044
-0.030447012521650888,-0.0434940528030188,-0.03723709338922126,-0.02262716095948826
-0.0013319319235987085,0.024396730460951584,0.01939443951963136,0.0028031727322064192
0.01401634560864436,0.01887224645116467,0.023480261839117743,0.03055740360776662
-0.0010157780615265837,-0.03278690468903109,-0.05082502163771964,-0.08090964584773219
-0.0048553928917014315,-0.062374667702686494,0.03180563608534794,-0.0636008822227741
-0.028215448869022997,-0.033657467442641455,-0.003704429607069112,-0.021280925125139596
0.006714518708932466,0.01963695394362018,-0.007019222592886596,0.015521730050995802
-0.038042834040585095,-0.057601921605216246,-0.1299278575282087,-0.03283444861920703
-0.001467757876853553,-0.02005260918701267,0.005790878918745771,-0.03372050899576855
0.044165514883471736,0.07160665987241487,-0.004548029513557434,0.16206438375864748
-0.037291427680302164,-0.064464185202008,-0.007721957937068309,-0.025900002497323334
0.00196440518692899,0.05179723696094839,0.03628977282780161,0.05180958888934705
0.009576495166648406,0.0035260512213389915,0.006963974902024329,0.004253705941530965
0.04019003396528443,0.036662825127508146,0.04659599279666411,0.052280759237120285
-0.057328575238707664,-0.07609986409852001,-0.08695990905101429,-0.07012532001995167
0.004716081087021804,-0.009008867138151563,-0.00877557365586079,-0.021891349428755157
-0.03375260865919071,-0.0969177790266848,-0.0951126361970946,-0.03780643902601261
0.01598369435778354,0.03734702603773036,0.016293707630266798,0.007312351322930952
-0.05323338929685175,-0.05640665261559249,-0.08615264955046516,-0.04612737173860063
-0.02726250293203818,-0.027741396308074037,-0.008207980246495447,0.013158753458660877
0.031417749249100194,0.09043682087186403,0.05555683158900242,0.03786405193899159
-0.010729575613948992,-0.02528024996486922,-0.06055559591829793,0.007123933719278243
0.02510464336038097,0.051533861372027964,0.050132289582274676,0.01281516059361253
-0.05807312970742159,-0.07059739661889507,-0.07043726926027942,-0.052587875885794735
-0.024950055558953313,0.010921329346236209,-0.0005496144580126333,-0.00495403672512257
0.0017456865951489349,-0.025431481850439485,-0.06631616117599509,0.011693780320361264
0.03933538967522431,0.012145852241130418,0.016432950581559483,0.01380321747349433
-0.01940300098230899,-0.04502787425910493,-0.07176955888757142,-0.07924469128357263
0.0011394006258658158,0.049574183830736016,0.04762508488803113,0.013968572983070122
0.022934530868595066,0.05031788925637124,0.07164265445291097,0.041555049978659185
0.03994792297620528,0.0523820866677343,0.0707688185938516,0.01809957453129804
-0.005360568700560649,-0.0074166692399622565,-0.0018051917677216725,-0.007665134038452934
-0.0008738326372249996,-0.01903161271076772,-0.023876273341224673,-0.026160280254324115
0.01667173138359435,0.06712791619565402,0.04571303469577831,0.052760478295574585
-0.03931868953463416,-0.04552901923744412,-0.09672413884722543,-0.0414800674289942
0.005214149334768027,0.003519530045273479,0.01591980642197778,0.018025039105844645
0.017432808816271593,0.007424834796353601,0.002542820180630796,0.00718128080640469
-0.005055910876061052,-0.01458634693120819,0.012397350726358317,0.005047418218534332
-0.03661806930266407,-0.032704181449468066,-0.008970671737446728,-0.06643888290429663
-0.039394782656271866,-0.06135202359376254,-0.0316877053198606,-0.046897951555731565
-0.039036747200614855,-0.08140359846514303,-0.07366972655880115,-0.066587393074056
0.006650586873893191,0.01200665250861055,0.023606322357198544,-0.0032317498724445297
0.01991194909179389,0.04270985728205247,0.0533736162801124,0.03374889434308809
-0.04045900966045632,-0.05766069930851437,-0.08927688581957327,-0.051370987031261306
0.011466930429835504,0.017725274016416864,0.017029157609637507,0.017683142835252557
0.03223567530714564,0.04229202891950301,0.08942411634475682,-0.041715479073595206
-0.003834660839557469,-0.012512973697120464,-0.004015858661335937,-0.007670332112141396
0.021344386090092655,-0.008285928599990956,-0.0043156097521520964,0.01843677097897903
0.024221452733816373,0.054044204903239405,0.04425503260828766,0.06940831064685322
0.0,-0.01512009531522309,-0.003206786761701394,-0.003945131939827474
-0.03024233876707171,-0.054014479529433446,-0.05133914578061633,-0.053379163855138335
0.012939689189787225,-0.02791709418187291,-0.018100003611393488,0.020085809088849015
-0.01819211312039811,-0.024951528757873213,-0.0177355774717728,-0.016544629944517674
0.016035152931538697,-0.04286074238198796,0.012352524133575146,-0.007594718733920773
0.01875361517975331,0.029913572261758517,0.025215114905161356,0.04973301568485013
0.009561215158461612,0.011032274025886428,-0.00573722846648063,0.009350412067092927
0.02371599448044093,0.04699456877706774,0.05380522947187794,0.014153917443155353
0.0047035613538612105,-0.0012618181840904532,0.02511707828484195,-0.007636900638604072
-0.014867556142952197,-0.044279906916430106,-0.06772231414560198,-0.0479479396344363
0.006810313331026298,-0.004630277677788635,-0.005448427397798375,0.002391630352870825
-0.0025398978790246826,0.005422146887710533,0.016890005886123306,0.0013464923560611145
0.02027541458880747,0.01362344539660084,0.005357484236889209,-0.03384049624008387
0.011385343173155486,0.025054140112102,0.007330299130864308,0.041214389757890435
-0.020859206248540183,0.021279507394862313,0.001997430616818738,0.015244466743735927
0.026370998009221047,0.05386135118027011,0.020505045463666282,0.04986302417590082
0.013419260678276698,0.04684884602007053,0.007991447618970264,0.04074445669867301
0.014981341324883572,0.013554117857045595,0.09331246499887616,0.00043684342444652395
-0.008143896877627519,-0.04134153190609324,0.0019732780255828208,-0.07891931305797689
-0.0074255470253901425,-0.017179881661878102,-0.014093787954092982,-0.01559941681444806
-0.008865758246736355,-0.029265967990204655,-0.0363152186530825,-0.04604866607231303
0.03366200419050523,0.07327818905693576,0.05982904612856656,0.06347744118560289
0.0035651861713537135,0.010845920238820686,0.021882347827174065,-0.05366081385747825
0.03226707118082014,0.009904000379621166,0.056238328890716484,-0.010130721448961166
-0.0061726218049255105,0.01519000111430887,0.0004262206792024022,0.005203058444850968
-0.009330625762143033,0.004598715271742361,0.011072869479979633,0.001624421614494446
0.03753432956035496,0.01961657385353432,0.022402858626649376,0.0523540318477191
-0.0019280821617688579,0.016899682244196686,0.004014952135593356,0.01043132198262891
-0.0013900400362466345,-0.011831483240211455,-0.0686033118290163,-0.02049358438647014
-0.002907294445870876,-0.06505482624532082,0.007789020718917544,0.01861569023579219
0.0003032476528137458,-0.04054568713252198,-0.0247155543645267,-0.010154239803627256
0.025857535491560103,0.05748690040024673,0.03816806100817755,0.05657813243161223
-0.004441689815252843,-0.008601727284422418,-0.026599955270312264,-0.004777670381567367
0.021199365941467478,0.04185994648552713,0.045690263130780645,0.01681647587898575
0.006313522528284635,0.01711728546965028,0.030493897831355556,0.0021584167899335854
-0.0009241627485492308,-0.008071760751103964,-0.008952025876518947,-0.007881090600036724
0.008746142457596846,-0.029238341785896217,-0.008407578354357605,-0.02607944335166078
-0.002294510639076192,0.023608146418094052,-0.0037131047703819653,-0.0010874226012424087
-0.015216817185832128,-0.05047239528914786,-0.02069451464936621,-0.03911534942484837
-0.0232985598354564,-0.04673621343877199,-0.023027123255798403,-0.029668932005923243
-0.0020311343264255385,0.008592939253042262,0.02230781558771273,-0.011969647906275435
0.0017922877623332116,0.002383705047855873,0.0021677745650455194,0.01325673010218446
0.014812446699651005,0.03933884115308199,-0.0034616690754643124,0.03325189611432534
-0.03842805280339943,-0.09681884380690284,-0.02732301898385137,-0.04235843101773674
-0.013784984575722477,-0.028634745100265164,-0.011415491099770154,-0.016264659812195194
-0.015423708981721271,-0.021299615936117115,-0.02531598923616216,-0.012708254964869175
-0.010691879317901394,-0.024476026693872974,-0.007554668468041173,0.03605603961746471
0.004695523922313428,-0.07975035728475964,0.005608200169827373,0.014804397746601607
-0.013704433860292612,-0.021027417738568414,-0.025395567131662106,-0.0309530402567621
-0.00824912642985433,-0.013426042376828784,0.015460425583855752,-0.011165009136989378
0.009211352005462914,0.01862071346322006,0.03325755641840769,0.011601367981637599
-0.009664477544065443,0.019925513687791645,0.019408586563541073,0.010358389298457176
0.018664564563089195,0.02798226700213568,0.035389242849343666,0.04281923064316267
0.037784984959520033,0.008168401469649016,0.015693156705112052,-0.001123905169388417
-0.060471632701264814,-0.09951752785990674,-0.041209445573060305,-0.09837476740404705
0.009509979869812835,-0.00022852157333638008,0.035245873940170286,-0.010899579360409814
-0.01911116657826191,-0.01527447753414782,0.0037601953268899466,-0.01275676219373594
-0.011020939543674755,0.02059248501827781,-0.0013177201460770078,-0.02203984912505284
0.024773795348660865,0.013845051745943653,0.018680537647816527,0.011756396000123744
0.015543874809028264,-0.015513473272875626,-0.001100668054834369,-0.01312467430552004
-0.020475942293692477,0.006430387189391904,-0.026021592607865372,-0.02755098621342338
-0.006395644477482272,-0.054230477325738116,-0.041438568478665415,0.004913325240892909
-0.015239267479589366,-0.003589092705825912,-0.04703665354268194,-0.017018386074218506
0.002257715663998943,-0.023279392277795807,0.0024668028538151034,-0.02919494890631002
0.006545148943972484,0.015016021490420006,0.024797737333229056,-0.014551392097877518
-0.012732672320403685,0.02568820451503717,0.017065662059063912,0.052256551728188425
-0.050366328201563046,-0.041358627696367056,-0.07053030781738932,-0.03741188619436765
-0.0304996342710775,-0.006650510365823689,-0.011097446407076914,-0.005365910784596794
0.03028903929370872,0.030264724211860033,-0.09008354847845335,0.02136513728105254
0.025300460807618358,0.05102545673235889,0.02862918608137619,0.011975978395948592
0.00205112899628525,0.0031847512342182012,-0.035210184423729626,-0.009310231566253796
-0.006647732715371884,-0.005998653198242172,-0.011191467132615623,0.0006475520679364546
-0.03740986994404366,-0.08367985279873387,-0.06533110715825653,-0.041250694593195
0.0023529369213507486,-0.03419854352403085,-0.0004932430962923407,0.0025445603597042776
-0.01030794458213804,-0.007223724455377762,-0.02940186584357689,-0.040031268017879915
-0.004615537885514613,-0.007450565938667135,0.003412211010253521,-0.008123746358925044
0.033060390429530996,0.03922069079717992,0.02041257160441261,0.02164634213566798
-0.03277104185575284,-0.06324610409912938,-0.07845410579918498,-0.02746722915547138
0.028706456563552217,0.05720789164066092,0.06770743117966126,0.05584259394624506
0.009365559428126587,0.006623371864050464,0.003822165646732409,-0.00929392512619479
0.0007648781888963915,0.006994858853520856,0.008366694500343838,0.0032328300826833744
-0.003272568657308967,0.011796382426634422,-0.06878698522005931,-0.012842028769367088
0.02669966796559136,0.02206074351164863,0.03395945997966481,-0.011623700328397461
0.014694383425044097,0.010612434533418116,-0.014987724107085643,-0.002232798131068719
0.01915276309012122,0.05121001257472401,0.051525211920993325,0.058318092457267705
-0.01982236875670834,-0.02791006391817437,0.009931639962148882,-0.0575474476449507
-0.030939230911058033,0.02147967672878246,0.0020011878357876823,-0.2817940324458743
0.07283474340075473,0.04873237955980359,0.015123446596271723,0.012782905920971824
-0.015530515609063492,-0.024661797512765454,-0.004297734947231046,-0.06281952098313763
-0.01769820087273295,0.003402135236167075,0.0012298580156588981,0.021661584625484055
-0.038018654493376124,-0.02421450110567842,-0.05801089494975556,-0.05018830967683748
-0.04333045653498745,0.015165459150186794,0.0015338580999043428,-0.01816696226696923
-0.0019490862122721584,0.05331791703214133,-0.03709208198225607,0.020924464514852265
0.0038946040764742543,0.010190942643256361,-0.05137700982212229,0.06327097753995947
0.0041663782655495555,0.02082897288145154,-0.029766854567743133,-0.0025881385460063545
-0.03375340679155332,-0.05823038880726386,-0.07436539035358274,0.050531099517380794
0.08523663132960208,0.13391226582604396,0.07132888823212645,0.09757444507532122
0.019085484557104748,0.03597975682946048,0.027155202242509627,0.010227096341005907
-0.009530981840930888,-0.0019617212011408527,-0.02594999483044167,0.010561706630560726
0.011799454333665515,0.022512389499881512,0.018009160285334423,0.024730977564247174
-0.008365900024110114,-0.046422974268593396,-0.03934004993858786,-0.033436180488258124
0.012888082407632307,-0.014753219182375581,-0.020266034660649707,-0.01584505023505879
0.003774412091776637,-0.017242710588041315,-0.016402810087859467,0.005369149743423208
-0.02191875099659465,-0.0059884525712987306,-0.07082202204033466,-0.01973846636654751
0.014554988748762192,0.04599739005391032,0.012079065403443036,0.014279621756032423
0.005908887929803298,0.029550415539688808,0.07530952893106566,0.007152890128586446
-0.01978838722801789,-0.015188225399606785,-0.0018575995078746789,-0.007422161046428678
-0.02661518086368123,-0.02760570845025042,0.00032805270562665304,-0.02388978771831828
-0.02137517975872874,-0.011949480362866192,-0.011491515256992131,0.0062317645900698375
0.04745008935540541,0.07916152676538377,0.07390252318127676,0.07597238685740434
0.0018895692463788733,0.0124497484047968,0.0,0.019620089640894588
-0.0033768220682647006,-0.015230721322509489,0.0008214584254523483,0.02500855034461379
-0.00801494739116367,-0.015887730791172335,-0.06580520897353867,-0.008620773503181233
-0.02569765030609663,-0.03822884301015911,-0.01451975486845227,-0.07028888854347017
-0.013880547253920496,0.008284808925281809,-0.03267127201155782,-0.0016663845561774157
0.012059501203849484,0.06304442895467284,-0.003453386948248274,0.012213427229640363
-0.0034408061550302307,-0.00983320817173829,0.03183338116095202,0.004930145341212767
0.01625702753786083,0.03092686757125191,-0.06477309340338366,-0.010320600071594533
0.006759620616242851,0.030165120418343495,-0.04179828130131225,0.046333840676745675
-0.01565782635715108,-0.022269393685534385,-0.02612261140486262,0.011913700381152784
-0.047987468644235955,-0.04170904875302672,0.005533102257132837,-0.04577222257668281
-0.014686038287018682,-0.02273128312222121,-0.04833680500131505,0.027848051860819047
-0.016037336434921612,-0.01931536865352719,-0.0023992055582815475,-0.04233038391913931
-0.000529064217726478,-0.010451603390131493,-0.08396483835074355,0.02254278608468384
0.023530361149397074,0.025533601260036346,-0.0016704490129968075,0.022546785531553464
-0.024059705424244755,-0.07302226764388856,-0.09302311928148893,-0.022290706476054883
-0.002802123067213884,-0.00870848013184366,-0.017706675474399133,0.00782461034368666
-0.013975382048144596,-0.07402718798862604,-0.12113825810398889,-0.009875870735641166
-0.03116605059679109,-0.00603738938866934,0.032553261278161744,-0.010838829785496919
0.027930881843871633,0.03960140266622127,0.07772640277207259,0.03934720465026016
0.002465898928777193,0.0007530400597312834,0.011102159833173808,0.0006648690775031361
-0.038122382083187904,-0.020672118636678644,-0.13058999220665155,0.03591054965050114
0.010261380069560042,0.029867329058117387,0.04997884108534127,0.020864772246529915
-0.010661163910171792,-0.033366180463574986,-0.02946907696009933,-0.0033817562636035666
0.036133237169118024,0.0407967180862952,0.02435215499827936,0.023973846012527795
0.004080434695681525,0.05045843727020152,0.057654579278002493,-0.004239073421273416
0.00444638356454532,0.017820853742228124,-0.007711027963739906,0.026824565822137787
0.02089284794242854,0.005766155419514618,0.036109204525613114,-0.0007522687422027793
-0.000599460085662577,0.03137548746143467,0.00275546279838757,0.02834037865672391
0.010068068067746412,0.023227817044303555,-0.009432465746951967,0.001973042108160571
0.008718086730234716,0.04642323275943266,0.07163646233055776,-0.011897071981595845
-0.005384349853962775,-0.018530244238299493,-0.020825332244057446,-0.01743838255453879
0.00044364443967641304,-0.035854223526392996,-0.012580752996881307,0.023257557156876236
0.01903840105586559,0.062093831775895746,0.04797727392320426,0.0233749623467366
0.023228811311396168,0.07315859020080057,0.07457364612008015,0.027598884191110166
0.010012519662050363,0.0037443541267022156,0.0009734348560736818,-0.0009078602046428834
-0.004711727879392969,0.0030060537532629423,0.0037457958683397114,-0.01152343752093351
0.014694885162625551,0.02448682443640823,0.1040650092615062,0.04017159391598246
0.013591225460942645,0.02803479927597693,0.10436164069972145,0.02969739394529111
-0.0202822315919342,-0.06088862950386921,-0.06526572943550507,-0.03132803284067067
0.00898052016316955,0.019381075418664833,0.03860663902242871,0.012904265553282971
0.007869721474753165,0.06949418156914164,0.046197213190127824,0.027477014847337403
0.03639242177720151,0.035922439607064136,0.03711744228973266,0.20930736393032004
0.024106913183877428,-0.028453991015455322,0.009041655543147504,-0.011937127873781142
-0.018091616726823776,-0.0005210928911888212,0.024849222136681733,-0.002522874524356998
0.01906189445239804,0.05012365321891639,0.010470780820742525,0.029444962481013894
-0.017810383254897675,0.0014420245980485572,0.02250783702828191,-0.043681239601603
-0.006935452854400962,0.005927088163512646,0.029516907690852447,-0.030498971158495675
0.002453067894445759,-0.04918194335051823,-0.05161833459581209,-0.021417019456662308
0.018632207260287255,0.02429669211856668,-0.011493498714308886,0.029868097166418694
-0.004233734453352954,0.052873289276564046,0.07237801403011461,0.0002786826077671434
0.013807398894965753,-0.009052192367175643,0.023567198213512965,-0.013010445233329492
-0.01048425546457701,-0.03404695467833266,-0.058631243213632354,-0.02700398414708618
-0.007575183050218007,-0.02830329658231209,0.030561678706295534,0.0025484233562856596
-0.02704219074998197,-0.03487277899257235,-0.05394722804913025,-0.004638265327257163
0.002891821844212376,0.00478168949563446,0.017528035977254008,-0.005594538257038003
0.003285169618589748,0.13121584184440452,0.006006057267467943,0.0053617956009889755
-0.018169387450905954,-0.01610250718081052,-0.02601977738759486,-0.009636954250719266
0.008213826178368206,0.009190643946636552,0.05316324215501689,-0.005000872249647069
-0.0034539698028008387,-0.012201230484193703,-0.009290230436857878,0.031354094342222874
-0.014348401409393367,-0.02256488850963216,-0.014395089751065829,-0.00872656411599532
0.004120594058178633,0.02677714366224394,-0.060322654091468045,0.006380288613895229
0.03448843456408448,0.024406039677038145,0.03545612908951283,0.05960939142068183
0.01836987229715188,-0.01416445919721111,-0.02032754273314496,-0.001891042857889058
-0.01460259227441694,-0.01118737198533312,-0.03198003067013721,-0.0021115569063402334
0.008342294728908047,0.03762874449951702,-0.03089156736881823,0.0024900849258413828
-0.015026944251327874,-0.031293894220311286,-0.05117763786639216,-0.017891683189615287
-0.013976133403955265,-0.02030196567661501,0.0030026831172517087,-0.012071016565339106
0.013178745962338782,4.347506051350549e-05,0.005978365078895034,0.0077133275370225
0.01399093285259407,0.04666067507263689,0.04909578215581386,0.07001707233410556
0.002618171200240028,0.006833597387978946,-0.015452165385496644,0.019042365413496177
0.018521308116193583,0.052775992691512515,0.020188342220549882,0.03566480086962354
-0.005468878400358765,0.007178450671874108,-0.021963216854791676,-0.0465456020004204
0.01536509026097447,0.006779520014216885,0.01717250122413543,0.011184048539616773
0.011873398903760974,0.011478239771392633,0.07529223411697607,0.02175250082737943
-0.009144941329443695,0.010215305786061972,-0.0330851466718186,-0.011692592406217053
0.006945042162353536,0.02694958140897798,0.0055821275337720674,0.022124617423596945
0.008271323446463955,-0.015268136410622033,-0.009460894526444498,0.00843322377203538
-0.01236925963701799,-0.009303963677547803,0.007325624786097459,-0.015507257665477364
-0.00398841831032961,-0.004571297155929556,-0.013753472002494866,-0.010706003697487112
0.019597540643943635,0.021501362138813054,0.0244876221590413,0.023004388229171065
0.009841299051359649,0.014678432770185776,0.0071949836717746535,0.01205271079017517
0.015523199160000644,0.014285765404479414,0.060504162532241994,0.019534777502827363
0.00767202148934651,0.006745459292463128,-0.06311918518816903,0.0053174577414891264
-0.003254969067290986,-0.01847834401738161,-0.011307735857578558,0.007714072839493582
-0.011354420131788577,-0.021055558971888044,-0.03734894534323148,-0.015204545406439243
0.005480789150508441,0.005786397591851353,-0.002482632348555218,0.02161106306840618
-0.016101300563490913,0.0198483333737709,-0.0029764508462149673,-0.006266937431557589
-0.007620131181536618,-0.014978000119356568,0.012281322445656457,-0.004199644651306516
-0.0043625345259475845,-0.02512054236976702,-0.03403263254550459,0.0007012625276820583
0.033534973537971406,-0.0012084056923028776,0.029256539212836878,0.029241086238516612
-0.00211636408015009,0.011085807959346898,-0.004853036816821088,0.005160298472351847
0.0001210504708860356,0.009077435193226449,0.010966636750077955,-0.011945071696254245
0.007476747979063275,0.024329421879494363,-0.014703352511066695,-0.004441911370778546
0.006943949491858528,0.009496911755865835,-0.020389861131667686,-0.010101985573082586
-0.005863445830813852,-0.030055816704067855,-0.10254036525166675,-0.012267687017031284
-0.009829013003902064,0.0005531747059133078,0.012741333042302827,-0.0008451044200376674
0.0018767940174865088,-0.0028433432808939404,-0.015444550452118741,-0.0004699397264520597
-0.009480452480174631,-0.030068194905861687,-0.011633104865311444,-0.024933435696078043
-6.106298175844481e-05,0.02688281026605611,-0.04402465397224694,0.008873908530200132
0.027999299859249514,0.009966594192171505,0.041032719267455574,0.13037470666557902
0.007512905258640088,0.019027466239253967,0.025394246651119615,0.007350436829127197
-0.0005303673283000424,0.04098761826187618,-0.015208459761728233,0.011830507457162208
-0.0062108196253476255,-0.024510965144404474,-0.009436987371174365,-0.016334594458386184
-0.006488113659617568,-0.014568612035576741,0.001869644402715088,-0.009280462947308806
-0.009963130810249998,-0.008669891185500085,0.0036667412660127767,-0.01491903685850041
0.04585932201810336,0.03976196647324213,0.05350549046047228,-0.0031739891672581885
-0.00040364364532555663,0.016289055747789803,0.01012145995502574,0.0021029377758115036
-0.01002102762817837,-0.020096931260394975,-0.015486902413259212,0.0004283605316150201
0.010367145284338611,0.01093029067360131,-0.003612788634512576,-0.0012433386294639877
0.0010940319838419334,-0.010685234814604703,0.020786425091438347,0.01155979175322762
-0.0054322722646247615,-0.008363079628203804,-0.024114596337054404,-0.008432699171124216
-0.0029017828946118966,0.021399707488211083,-0.009750860107846383,0.02136886045552373
0.0,0.008939904518313193,0.0010214088288270423,-0.0001675386794839788
0.0035967555376092224,0.032499469251624113,0.04313493317739194,0.015250318836441215
0.013573551700989218,0.04850928686674304,0.01727768584344739,0.017820385683178855
0.000628208376784537,-0.01315520309337201,0.018206255962432197,-0.004913870870042718
-0.005495874725246002,-0.0028186137790301587,0.0473245988875953,0.01085125575682574
-0.01527089476057617,-0.015776977069880897,-0.016549549453013485,-0.0063831719756871725
0.001630836617442477,-0.004899848960240907,-0.015569850375932186,0.009960794925414101
0.006669985745099554,0.21808797980370606,0.008547333224801432,0.013867497984446317
0.01400601773968263,0.025116155050127032,0.04608376548838008,0.036333936252022976
0.010603344512902945,0.02947467222003387,0.040530008769500823,0.0018298511392329452
-0.00028209351242501304,-0.05844224473433722,0.013676132280176065,0.0083455944098817
0.015895720697829078,0.04990430497606865,0.017450979367424225,0.02936948725966018
0.004763856212237796,-0.011201450630915353,0.030608082827557156,0.0
-0.007599994029849582,-0.003974502958811593,0.016868648629117366,-0.004485337248472417
-0.002062392964698307,-0.013286455638715892,0.0168599499197107,-0.0009954334367205454
-0.007786553135027461,-0.03087276992244685,0.01462307267215497,-0.028128530661474447
0.015346875878361805,0.027243991783043174,0.04480209933086133,0.0037106740376280744
0.002157250168396635,0.006728684878980806,0.03981660778824774,0.0013976103038121019
0.015517938513416818,0.018198146003945495,0.021974491562613167,0.022761899882152856
-0.0026150122753130322,0.03826359660331518,0.03492701634188564,0.000995803869473368
0.0034850815822155537,0.04702210626659364,-0.007449046704933148,0.0074544159048765815
0.01113659290074208,-0.008032813272584684,-0.0034719442089692484,0.03055079708964835
-0.005877091121673862,0.0009137916877829414,0.01796971375181672,-0.00294952821353172
0.0004864069009894807,0.02580497055963026,0.05201270640767318,0.011780995453717141
-0.0056913706563904804,-0.01757031102788108,-0.05616662426467672,-0.009506029884940786
0.016390186843874797,-0.00046493451235701203,0.019654473293680905,0.01143841768365204
-0.0017128087451304145,-0.019147746605999855,-0.03073851253541729,0.013424117255810847
-0.007581519807009653,-0.03807760968002963,-0.06251408245574486,-0.03618199957700969
0.014946784397297136,0.030156808555318527,0.03729619858071868,0.030346485584099556
0.00630779144381371,-0.01829103703687968,0.023813875097039847,-0.006150248978726189
0.0017950819294816186,-0.007200595765987959,0.004905252914132209,-0.013267263317397904
0.022839504331772953,0.035613300092106455,0.016446493545468958,0.019173611920716472
-0.007815078107869737,0.0026203496614256765,0.06668035183063045,-0.003350966223531925
-0.005888886537757819,-0.002265827353057617,0.009461225032650612,0.02877570494790875
0.0025057782635759325,-0.005069808993295242,-0.02125228365266279,-0.008117967161146806
-0.005908739953110163,0.00945551127494394,-0.007659314226953743,-0.005012632867753772
-0.010915139028653424,-0.007628362573161015,-0.01771977662648564,0.01221301532993321
-0.0028139516775674105,0.0053199847030420445,0.0006674942605875906,0.01414633577702473
0.008945389143062086,0.03469368204836428,0.008121354742896705,0.03637472199867294
0.004049260274010881,0.04618123273657026,0.021496049775542363,0.013071309385728347
0.0007870544592580441,-0.0111103185397079,0.012444771516691934,-0.014591824514392844
0.01715751302625767,0.02158233284989195,0.03148434056863512,0.005649972935001052
-0.0013413125126445432,0.021990279991910135,0.010141906463636843,0.004592994513287163
0.007046843183934467,-0.008818855034896206,-0.00711596075110357,0.01261063160044773
-0.010148607877992372,-0.03363265097589806,-0.1024426640636013,-0.04362662157983309
-0.006180674482829549,-0.026964191340159493,-0.011015199637560409,-0.027683745886039432
0.004211150106853824,0.006815185588986848,0.03417588510139735,-0.009046430912208536
0.004503394553366841,0.023635860752880943,-0.014148526638195701,0.009759966856696627
0.004534548965424945,-0.004981915592691207,-0.003511861575139069,0.013827207352094069
-0.006602604663071638,0.009808227631108248,-0.03322998965193553,0.043068866112145464
0.013417456272631691,0.018349109935414887,0.041105070589749985,0.04322784080933632
0.0031611298391407716,-0.00044923964496499026,0.0037087357528333273,-0.02136457369604035
-0.004285130537051125,-0.0047620759869232135,-0.02406922380883306,0.012817513117581886
-0.01561121822440254,-0.049318176244733156,-0.027021352113566002,-0.026374329953674922
-0.007348553225895251,0.005541548274565956,0.020295602012260543,-0.0035695878131245732
-0.049211388229889054,0.0036996796691005254,-0.021279912186420162,-0.007885802762884886
-0.017404190412183274,0.0163605760096794,-0.009538785882980292,0.018588532505468155
0.005297397203052162,-0.016718654354893493,-0.00698396541730477,-0.012460487319483371
-0.008994634265750878,-0.04839396529677353,-0.030537632908455258,-0.02405215211554735
-0.0012352536136290156,-0.003908381764638065,0.012922436522360333,0.0017349212312670257
0.00033748074851972106,-0.03683618904598081,-0.011024937980288016,-0.013500741327359934
0.009349235883290143,0.06853070612127393,-0.011981650600334395,0.014971419117387703
-0.01126342445626202,0.004265090887582626,-0.028771606269163794,-0.013944434046410345
-0.004971426752651905,-0.010386070384254473,-0.03210324714965498,-0.025695612968185635
-0.014662144875609672,-0.0032707290376251066,-0.02868774932252366,-0.03176072409788008
0.0028121650593914064,-0.001038898140653764,-0.017161267109647337,-0.006475056822336541
0.007706992676742747,0.08131576585638266,0.07071456218373605,0.023206082438027773
0.00787385054641344,-0.02804730460962237,0.00822448994977978,-0.00796524226846039
0.021711479484173804,0.03121497073159499,0.015615669490355368,0.022824884019543773
-0.026519017756677074,0.000996866985514393,-0.02921607421029239,-0.025784975632659926
0.012563868971417513,-0.02457694270660254,0.036493404628287436,-0.004368611856842234
0.008807242907330683,0.017598048608509387,0.0009635784854130897,0.016535128212448298
0.02157587042014105,0.040771399517287275,0.07406603958973092,0.02628260662709387
0.01899078611410457,0.009791525121157047,-0.001089320005828064,-0.009745527656275678
0.0011715521798232017,0.0018453725902961022,0.004582681990043304,0.002673465390244113
0.008427754673604798,-0.017289918153096728,-0.05197055872941742,0.0016548275983784763
0.0012660020497318029,0.0008039165856039769,0.04579063580383254,0.01263947491332733
-0.0364496716487997,-0.031026136443625223,-0.017978069897591802,-0.0032699041185685657
-0.029685642494961525,-0.01757771031032221,-0.0017083203640211426,-0.001672850297466812
0.0034856400222997314,-0.014573541957410108,-0.01196040362366716,-0.002614784676649496
0.00660088524267298,-0.008683119164396323,0.09615118904304938,0.03194566000833578
-0.017207944605641838,-0.006840913467887055,-0.022549196320499374,-0.019369650060096874
-0.01192565707420062,0.013613190460549427,0.01418033641106544,0.011207952590204705
0.00874411259514985,0.0021085094141499038,0.017320639037477315,0.02159700615171042
-0.0041625070141674,-0.03757662813703622,-0.0059953082833390835,-0.037290203258738934
0.01677201750477012,0.0015022517698790453,-0.03376463807907184,0.007431095710663359
0.006161662284413583,-0.010196134183883378,0.004588376260533905,0.008294767514163207
-0.02019463528296455,-0.029876566788323445,-0.014780377139554338,-0.017859245049173512
-0.008929419306504588,-0.029357338808251077,-0.026588996104119158,-0.013235028845059473
0.0049325928266868895,0.014353929463755903,-0.043236555785455495,0.011264110341233965
0.00735317294646115,0.014600796459204859,0.008579557642104906,0.0058341746793235455
-0.02367640364778056,-0.007392925087379229,-0.011687984544270934,-0.0062352240784216435
-0.008937455651735182,0.01320233190055928,-0.014939798128788435,-0.004089297978413398
0.0015244830511373837,0.014516923701004672,0.0241549898062297,0.020675494424945144
0.00304201162160707,0.009470211451248127,0.015465456415727708,-0.012413964601204489
0.014726415173720229,0.02906843351091795,0.005500013317318054,0.021779130183208158
-0.0078002395449252885,-0.028654742318425724,-0.020356864105244222,-0.019350387631448245
0.007282201127666692,0.011969485571079203,0.05764957536105983,0.015300534354740034
0.0071720979996765825,0.014584020167003584,-0.0042593870629195184,-0.0025882771465955768
0.014642691988754439,0.023749048068146084,0.0018441397469999051,0.03431359259866721
0.008415733123735685,-0.010743405290991487,-0.0033063672235030548,0.009246062838670157
-0.0033576779381815722,0.011529725724796835,0.015097007960672728,0.010871830053318326
0.007872840817881224,0.02177101737706766,-0.0023926822540326844,0.01841015849940079
0.005048506185804911,0.002965339937243852,-0.015789985181823882,-0.011227544420463833
-0.010345989982332394,-0.03212206466145414,-0.030395093236742683,-0.029649119135713373
-0.0007274766961643062,0.013849739250320346,0.011088356477393282,0.02032007747932201
-0.00882327546522839,-0.04792489247295374,0.003655911168542864,0.008835246894428786
-0.007422457748914613,-0.04045423095235847,-0.04893148784195894,-0.02193634769363316
-0.002163376532462994,-0.002253730058679288,-0.09761624872658338,-0.013211205696491552
-0.014813273585581831,-0.01710485126554238,-0.037588294506417,-0.013387981345112168
0.0006936840707581818,0.0376518391473409,0.00042444095402800134,0.01721708859675445
0.0025402300079257895,0.015882330491768896,0.020719371046622376,-0.004660594672876573
-0.013583464825077897,-0.0441070460243038,-0.01911750338776431,-0.04254973527438267
-0.024913405689851058,-0.03539748366004046,-0.031855023921114375,-0.03803968993349149
0.007937808057521131,0.004305534689049141,0.007456619810883741,0.028647745741366224
0.012230123546515724,0.01618922284698342,-0.0491375588495086,0.019787300708998895
0.0028148570955281132,-0.009299340839334803,0.017479077618859314,-0.004603203903029076
0.0185653472779029,0.03718611816407117,0.02371578467512363,0.03451552777215076
0.020481970504600523,0.027520954709085103,0.06060741733192271,-0.0031475240328134673
-0.00519463756708947,0.03387471060799861,0.0066139872231546415,0.011927176337503294
0.014499589268047465,0.016439906459348223,-0.0031418755173999516,0.0038071667980738603
0.014347288166406756,0.004449173480735921,0.013183964542986627,0.009517497791411167
0.005867674078259002,0.013379808819509452,-0.0003150737899407528,0.0030065462082037486
-0.002627988462049301,0.008040575207889014,-0.056160489658582134,0.0024050207767016196
0.022954666784537,0.0290729125828101,0.021996498496030296,0.025320084417038095
-0.008620868721452887,0.005878888645460645,0.04134183399945281,0.0012766362788545135
0.01418462324167741,0.021084384243572,0.059438019477541446,0.02139839810498986
0.00303648667012774,-0.015587346018403083,0.022614155469065075,-0.010762087551518446
0.00900146095699243,0.012036672622351837,-0.03883534904080814,0.004438359043066118
-0.00010557237241776882,-0.003685122631255789,0.0030349323976646067,0.0025402408981738205
0.00923556322922641,0.02228633493660063,0.005533119144943252,0.014607507190155201
-0.004239896544917053,-0.009267445230826666,0.023490974516940124,-0.008833756626538913
0.003508263250180174,-0.024894868766272674,-0.029408274734311717,0.013294635265004226
-0.007028796599037686,-0.019483923891840085,0.005280386261856706,-0.00959217680213228
-0.0009481139945799708,0.009706450281079132,0.0026721746625813217,-0.010491494420445684
0.003209011563264529,-0.008765176777080193,0.04408335693193017,0.012736077008947778
-0.0054243454179812925,0.006648519214545669,-0.010512266581044115,-0.020233382432074863
0.003058019973330156,-0.02887135463327687,-0.01676961998268328,-0.015318515368964725
0.00676836823211329,-0.00010684620975688467,-0.005220199323597404,-0.007147697461494806
-0.009509495041900426,-0.027203073252834636,-0.01370144313218934,-0.014887525931501376
0.02084433752603577,0.02302664954930509,0.013240755825754019,-0.005420649874071335
-0.005703306970530307,-0.023092497274409516,0.002719129460769398,-0.0026425138421652295
0.01008827234799058,0.023736330540643696,0.013568409275163597,0.02838509199187346
0.007385063796140645,0.01934137502273183,0.004933396614923965,0.01868606384882538
-0.013011628826221137,-0.018676180200251424,-0.016957231787828677,-0.022705101674958608
0.007888943793753682,0.021849800340630422,-0.011452714531076777,0.027113020031787016
0.016553632243559678,0.009003058222599142,0.009573866272891631,0.0015545893208024125
0.0007574942857261003,0.005433416263819156,0.04797595720291628,-0.004701131746176507
-0.0027294349086788537,0.011106711983068783,0.009711688394547188,0.005238781008350202
-0.008539873714567816,0.023988958004654743,-0.0056173183184346845,0.028550689173908208
0.005345971173075451,-0.009490394557254506,0.020185249870892544,0.016518678312614193
-0.010771793453769761,-0.030560566127821282,-0.0399767793773106,-0.0030871388821917165
-0.000770251821752891,0.018105447640162226,0.029345860784192233,0.01367706492508605
-0.005562839088673918,-0.003271362924624453,-0.007731210565404946,-0.001978594341499655
-0.002844936023760961,0.009153012861370765,0.01598774007390915,0.004066320161503641
0.0005177691332459343,0.002796640132940233,0.018647455510860632,0.008419163426648724
0.0022237955348007998,0.002122420027500518,-0.032104151730159784,0.001368746408248657
-0.005438854752367252,0.0,-0.018738327073791184,-0.012242783072187267
-0.03644271808009405,-0.027722105065236487,-0.00024148746074577508,-0.02190746294137723
-0.0075156636897519315,-0.012513665748868641,-0.04096122279932548,-0.005269357149656127
-0.012781512632853374,0.008978208699304999,-0.0021831499656647054,0.00766353115969983
-0.004021183629414289,0.02263856816013407,-0.0018509415250833076,0.013818482399821292
0.023887406417474288,0.062299365788037464,0.012386614576639277,0.018885894452353804
-0.0022659744523167136,0.016832657135037978,-0.023096839566935645,-0.00343542759165416
0.005655254867176535,0.022514639098283336,-0.004350632806278706,0.03583296109728933
-0.0032276095385273046,0.008646863333570514,-0.029145966144498332,-0.002161730285222411
0.0017764079285156641,-0.002045121686531903,-0.03734939877742937,0.012954386796413576
-0.012393493768249993,0.03010358910753905,0.004649070658851297,-0.01895076605608703
-0.005186953230273688,-0.005852308015456977,-0.020025473044372827,0.0024735074996893726
0.03205152025701092,0.01862903052218305,-0.017172815629643214,0.020846979485047597
0.015413554317986617,0.040898306791388776,0.0014620115002590317,0.019274396662123005
0.012089922252310573,0.0027362680194758134,-0.016105240597581734,-0.004364750346089083
0.006631205050831661,0.0036643545080315846,0.0016270106278732431,0.008918156161721083
-0.0034901828834564596,0.0245651018258829,-0.006283434610725192,0.014177345271634141
-0.001697978680928363,0.004147124713615477,-0.12925817170128795,0.006327529300468884
-0.009053516127117066,-0.009555903035731372,0.003389065826718794,0.002438627130478488
-0.003592438624246851,0.023224415758589356,0.04105548959785763,0.017305167566207334
-0.019433390971868893,0.004934635400912432,0.0034508226289791306,-0.0023967391509499406
-0.019547367537609335,-0.020064817750774754,-0.022699471099276523,-0.025109079777477224
0.01325236530278025,0.024086872076571227,0.008347821172369478,0.011823261020575104
-0.005419875998728186,0.04851288526650816,-0.005042858776994556,0.18496481033911308
0.009798506394642121,0.04683058096093359,-0.03713468972636411,-0.033350612269611356
0.008594695832126463,-0.01612480392372791,0.02206779799027196,-0.010261125874643609
0.000580932524966931,0.027126793697467944,0.013309178288648728,0.03217805185469398
-0.005771270853122228,-0.006555350001430848,0.010500153377802503,0.0008726380234551863
0.004085595134162695,0.03515860923206381,0.02093365777497024,-0.004029167598755861
-0.009042663536615073,0.00159289427230867,-0.02850600281752684,0.0016861391103240562
-0.011338347460625894,-0.001662217338941174,-0.022088768605910858,-0.01890220960129126
-0.0048213747926162745,0.02427053780869477,0.02516701014711292,0.02819984303729164
-0.0015761253006478912,-0.016949537123510917,0.06035334314528131,0.02245969661242313
-0.008466007894794278,-0.0006194648795247435,-0.0024975038337594173,-0.02237515205038652
-0.004122381900423418,-0.044508048802153165,-0.031447068575792124,-0.003322365881334821
0.004177278518282046,-0.028923165515722014,0.005199145723306879,-0.006856507131333242
0.011181127578116772,0.15186981134759192,0.013463405650618309,0.037943740500993944
-0.010084755586446986,0.003546343689433714,-0.027943686650054866,-0.004329224962414651
-0.007479296314999916,0.003482849650175196,0.03797371074003026,-0.004742374744113054
0.008081708842246656,-0.004955981976792911,0.001653606167566249,0.01096221033649862
-0.006647430644309377,-0.013276946509537075,0.011499231283567918,-0.006240529101708409
-0.003699914484377478,0.018485685666536817,-0.0007921787106965236,0.01254447669362485
-0.006048600287306754,0.03925130218562949,0.0037575170226514664,0.024526810245429385
-0.025708938339834165,0.03531978203933464,-0.07424463938175002,-0.008215921141856958
-0.02885327224658554,0.008539957276183818,-0.04012679843323044,-0.016127297612863772
-0.005895553294248652,0.03133122093521724,-0.023512123304642613,0.01190309457628748
-0.0007098624727845905,0.04377408654823956,0.01188110874296599,0.031938265761891356
0.010184759307505127,-0.057075256315860766,-0.018701625030085045,-0.012257649551466198
0.01176220874349217,-0.020242668321202553,0.013763678693560029,-0.04520054392672051
0.0027744105688753537,0.06912644236393369,-0.0012947061441473569,0.03287058167721714
-0.01219647714053483,-0.01121449600238506,-0.04646099727496628,-0.00839936196635209
0.010868088165155557,-0.0329277890193749,-0.042056898779332184,-0.007575542986741178
-0.002199029749393404,-0.0012174420796632536,0.006563076277915342,-0.015841502617175766
0.006352210784237806,0.007011140869750069,0.060664152342604714,0.026258228518300494
0.013493535782206115,0.010604432719561963,-0.014372034891457558,-0.001490162489121634
0.014602230123755005,0.010836163695814815,0.025017133837829976,0.018527956603376326
-0.0417156457876668,0.011693856316066306,-0.016299696542812377,0.0044212882238807896
0.005296196937580593,0.03073607455412955,-0.01158171211632812,0.0035778907180646653
-0.008335236762317852,0.007533521361858452,0.010481683435756076,-0.012956888349701507
-0.00669476879540249,-0.026030115279054633,0.0287772826285837,-0.014275826366506556
0.02099072846095038,-0.025284244515632208,0.012084083617363902,-0.004102106284520542
-0.0106152347379615,0.0011738432978102785,-0.02272190773999231,-0.016907956820803368
-0.008491643813437085,7.738499545976315e-05,-0.0032477284143495326,0.011812638387818417
-0.007023417523134081,-0.01013270289882245,-0.05026651935105258,0.01217750777059482
0.004785842543745332,-0.005470198607943667,0.010447544054431742,0.018663855054256967
-0.0049043141182986225,-0.03499001185436769,0.016083269202606634,0.00821503497253649
0.004491718798502383,0.024185866055197704,-0.03696743555877544,0.031632389363958284
-0.006685932685154941,-0.009992179682986066,0.04783676362708771,-0.015460034999984893
0.007216510764902609,-0.020628502696335003,0.022295607975213145,-0.004535895339274197
-0.011201781401945266,0.019549181521588875,-0.02937344256551801,0.005652299336064541
0.04236098284360504,0.04027458000054503,0.016399556773736196,0.006385586964622469
0.008589614122266685,-0.02718263530022371,-0.020541749097701737,-0.021758158468221257
-0.022106175747946502,-0.025089314990546674,-0.05757465973833702,-0.023061141932259756
-0.019353208347783174,0.01630794491877287,-0.027435068682222955,-0.0009400551218697362
-0.008180728973417487,-0.039433471642223376,-0.01062208397137564,-0.01124847566310169
-0.005730937025399229,0.007539799795538603,-0.036155647217109545,0.015322089449537502
-0.012287581808582566,-0.1054117262565561,-0.01939578390268632,-0.04218880348275498
0.005077830884698698,0.042621890917353404,-0.0345935559693179,0.0013709214686888846
0.006371395996145804,0.03588117103367088,0.018345226676437152,0.02939376213106892
0.012622286101403877,-0.033883494884850915,0.11387415621830609,-0.0052547153000737
0.005134017601427915,0.036416022654826,0.04845814470471284,-0.1116166789699208
-0.003478923756064722,0.05992396413291237,-0.011168015552988686,0.004318109020116658
0.024505422112417248,0.00025072734550537633,0.14242723171122051,-0.02436463219642943
-0.01843973404699577,-0.015561036734618446,-0.05710084205665045,-0.0056791219818957735
-0.006065688065421555,-0.03967641114848194,-0.018113707174260838,0.02075163295717607
0.021792823652211298,0.03288287520186136,0.00011105007606901516,0.005653383902652471
0.058095496739367945,0.03404553584227919,0.006533843535574036,0.023008059683600555
-0.00914840330665294,0.03704643177509847,0.019511437908750914,0.029905178810577207
0.003789982210390977,-0.017362807051781233,-0.03834210509362018,0.005482201489121869
0.0018624447427257104,-0.0015692946293635883,-0.017530851194269642,0.009268480291734927
0.009964312059764646,-0.018587308543467854,-0.015864649448707812,0.0059491595188553275
-0.006913957770836229,0.01266358435199903,-0.020562350450525728,0.0016393789272304126
0.017491519139559035,0.005780009961984485,0.020097034145307512,-0.01734821637335599
0.006154442894721734,0.010530742637778406,0.03239754278801776,0.00817128991546358
0.012143887736565436,0.03521052965033647,-0.020254418706909572,0.020328238369815295
0.0006322330396417597,-0.0028678550132319523,0.004873391179277019,-0.017407741002913545
0.00015809705604708256,-0.020125197642003684,0.01487402019069651,-0.0027932058301422366
0.006143150530275499,0.02457694191004482,-0.014245067870223688,-0.006526771350438494
0.006833857435591549,0.006373333690110484,0.06446711975223302,-0.009020145367492039
-0.007566987181459017,-0.004581447520535814,-0.035399542384592614,0.006756633510732529
-0.021282967602617706,0.08910605749667393,-0.036007818288810785,-0.004284699892134876
0.01645215247742309,0.025397463012865037,0.03116576011599187,0.026357519528004806
5.26089975590884e-05,0.06747574082922525,-0.013989415788236143,0.0035485777284805834
0.0015777923904969162,0.008079499371953555,-0.0031733327174769638,-0.011652877677647444
0.005241293749639837,-0.03839359868773902,0.014648923152829736,-0.015530329810446011
0.005006110619619609,-0.007877073981286769,-0.003978997402597566,-0.00047112516877175864
0.009216114299877282,0.04779372614066575,-0.010102569596006488,0.022578131080598512
0.0016479841623619803,0.012418210206436367,-0.008659479988969872,-0.0010477117947309518
0.007790420928284276,0.05027079407050403,0.0013151256990527008,0.03718333725510176
-0.0071216924756385865,-0.011847145972777882,0.016660454613497404,-0.002629239198215157
0.012315739758050502,-0.0009094696520578248,-0.0025885260992180074,-0.0016216038832800102
-0.019333397050965997,0.007433736130418395,-0.02101026729322036,0.01936656090096825
0.07013129972115617,-0.007169690755509305,-0.01817434057762428,0.00964293424293224
0.02817768757137931,0.034866058931338456,0.03811347747393242,0.0026961580141965586
0.005476084912835394,0.034617365421498104,0.028799010597446485,-0.00935905796365646
-0.008201895050580416,0.01736259043619188,-0.024746085007725318,0.0011114602700715316
0.019480523611928018,-0.006847780905889778,0.051619109593938894,0.0048873498666511936
-0.011045247672848127,0.034517081960814766,-0.013860022086213656,-0.014193508081814002
-0.02174773089908231,-0.036045213146254314,-0.017957490517488177,0.004414749666985925
-0.01049938818984408,-0.03272105477025559,0.007899471520701,-0.013889093763893296
0.0031278974003186412,-0.06917913878103041,-0.002352322975825913,0.008312497727607893
0.004458213954995801,0.06537957618258217,0.025790114652126835,0.023160827214422017
0.019795909837846192,0.0024555597987742225,0.047022052078927956,0.004923304957934872
0.003978003700478446,-0.01925060778487451,0.005332819818052439,0.012472440480543386
-0.01638756436637055,-0.00363586673734598,0.0023273813203096337,-0.02996961280235716
0.028689017566632283,0.006133025576897027,0.05877983360300819,0.0009119665752694568
0.01610943154674464,-0.013200274305252505,0.09710195030947986,0.009505166467158672
0.005794211532565732,0.044717520347923166,0.06337304899541438,0.000902399693966694
0.021389981075311138,-0.019283486955406572,0.02060688228437311,0.05707022634956853
0.006517692731726361,0.018659460488434785,0.005629789876539415,-0.0198090241010101
0.003767707861402857,0.024502692733168407,0.0364508858978897,0.0012836005902157012
0.018628963793610096,0.026514046042048243,0.0035389720904070512,0.008810096271064953
-0.023494681769922584,-0.057276178301556104,-0.08822077208547265,-0.04199614888840934
0.012966358607358851,0.014339440524040336,0.029434316513726216,-0.027345409316031532
0.016604774015169375,-0.006209326326608243,0.017609829570940913,-0.005447091576433343
0.0017902137516750958,-0.01632699013484076,0.015396997777534727,-0.012921697195427594
-0.025621332440084476,-0.06853517049095172,-0.031919700332288976,-0.05843349569443168
-0.020748665852172426,0.025934236588817473,0.002933302220995548,0.029559419540218783
0.000579771477941313,-0.026442784609792987,-0.04107613843938729,0.00197353545237459
-0.001561520604554455,0.046473788823079544,0.05018271902171053,0.022008916831530542
0.004677265756682865,-0.007719573689228605,-0.02060764898795659,0.0026432776013808547
-0.029175732139573425,-0.07045637901670984,-0.13164294360339135,-0.05774488290752339
-0.004816143287573141,-0.01739345399378471,0.01953112906763447,-0.017186749072056112
0.002158720629763719,0.0069229080272915754,-0.0020452089625195087,0.02674484916596583
0.0012837972771578348,-0.013087076778852557,0.054450283723543685,2.148622173043282e-05
0.002562590424381296,-0.07304011120340856,-0.04170207944562914,-0.005425735210695227
0.014879583302457275,0.12055340227612463,0.04157282172336867,0.0248194855295156
-0.01689246896446031,-0.06907209500002273,-0.06778709499652093,0.04712099441684917
0.0068458643664725495,-0.017923674639047392,-0.043301714320780345,-0.01947561409110311
-0.04936563439441804,-0.06568891352300595,-0.04324862022379944,-0.02575173990858707
-0.009796189711774025,0.03713172878127918,0.008810602088580683,0.0378671753580099
0.012420839925809305,-0.052581428094887125,-0.04526769292244102,-0.010518754557119448
0.016496537910964757,0.0594642094418183,0.036255901329012616,0.041486037809819666
0.01364240971912943,-0.002098040410616968,0.00581690373893266,0.015846126683007184
0.007104534765425538,0.03995481338731912,-0.012629388585244743,-0.003521326538636253
0.017046969131019395,0.06326494963811401,0.05103246867853809,0.02410862803515425
0.002031805964650973,0.016566122335569977,-0.03152675190710158,-0.0033732298957168784
0.013439656593113006,0.03968311859390376,0.061436309145650216,0.019867215120146914
0.005901095908653196,0.013902510342256475,0.00920378250292453,-0.01861520723118922
-0.0007079682403297508,0.04258637903777463,0.0300815962441386,0.0035205028172931667
0.0027408606532119146,-0.021380717967481297,-0.007300267158314731,-0.004829616343187064
-0.00048575356714340126,0.009775008264985867,0.00976670507756732,0.015877765025877805
-0.008293981083587509,-0.03774613334009581,-0.05813634375381778,-0.006053846658498907
0.010235513506979299,0.04449376475192016,0.044835591431516886,-0.007415728243592668
0.0014977435671078528,-0.022750424504412628,-0.032803441227522996,-0.013115935895666736
0.0037346077391881235,0.014445384187269168,-0.018939062709292416,-0.0038837438771933334
-0.0067764869278261015,-0.0211894165348478,-0.01667672472989858,-0.004479241430135162
0.014465094197418675,-0.06597800901435963,0.0025726237078790366,0.0027825675387858017
-0.003443807052729665,0.015024062509096605,0.03725544123667223,0.005944942593863365
-0.027582101280921582,-0.10009679278806002,-0.016529275820300126,-0.018489060311879166
-0.008656183226600955,-0.016712903649258166,0.040981513663141275,0.0019131244587002802
0.0069039120909641614,0.009371344724577835,0.047876016035803666,0.008003196304331524
-0.007039742785063666,-0.04171248290145888,-0.08824048544582774,-0.03262417080014966
0.0004075062710480879,0.03478617762654401,0.025949973905266994,0.008994542769207034
-0.0036280516409717307,0.015193299412666799,0.044759273955983725,0.0
0.01151851065623228,0.07834790090880073,0.008628742512625562,0.013850106161426415
0.0004940486343920711,0.018980345107145455,0.007337206636805016,0.026547809234444344
-0.0012127996119899612,-0.0003358726283659943,0.0020864851607279924,-0.001866271975920401
-0.02816828344009628,-0.0196716222704719,-0.0153589759450266,0.017326269111161908
0.0021703568081245265,-0.010242385794682224,0.004794890315022082,0.005684114653638246
0.01782989935573189,-0.01939267623995325,-0.0029445960609886415,0.0030346486546362185
0.03639508677431793,0.03892557170898064,0.07100962175825201,0.0385628757260714
-0.0029317484204729946,-0.015992100011663485,-0.023519752638904136,0.004016019754378286
-0.0076099262637897985,0.0022389229507733975,0.048140375327935025,0.005436292965671326
0.003966060755577184,0.038886498446491335,0.016935793509053217,-0.001915139525923153
-0.004407797174871538,0.021606479583318294,0.010757148762662457,0.008801467410248572
0.005067415734257878,0.004281931595762699,-0.010953821465680538,-0.0008272987226814603
0.0011859888218935476,-0.021513159690851165,0.024249227064234113,-0.0008458194303865039
0.02261434804028397,0.000329510337549388,0.004482044837533062,0.00891387141725835
-0.02957471972007835,-0.03724650757784011,-0.013894251852425751,0.007015304049901908
0.0025166309730837,0.015688254946736334,-0.03550382703625727,-0.006369155633599839
-0.004906750074383036,0.03310195892506669,-0.03414806745440706,0.017238574264527105
0.00499492612639319,0.016709403860813807,0.03839570976808335,0.022347313227613495
-0.022788529638374057,0.02216682927019195,-0.03768957599969925,-0.01890407686583844
0.018236709844267302,0.03968131682871131,0.015124010919583781,0.01377311387786825
0.01656056938693557,-0.0018077063688764694,-0.014210915403026646,-0.0040224393443711705
-0.002180634992296984,0.016152341646412997,-0.009503630132407154,-0.011376841938033832
-0.006526707749788153,-7.405664408115913e-05,-0.09192353886888906,0.01042826804489507
0.016345563919137326,0.02396862957161232,0.006224848869363662,0.000796201882865493
0.0109643681761918,-0.04799380089788591,0.0018690482583788197,-0.007053682070554805
-0.008891290751002466,0.030826887966629458,0.007983687088569507,-0.016302190659442564
0.0015949974673255313,0.008875781018166216,-0.0019899714413276278,0.00024261321555140263
0.01220188665739469,0.007783981142865537,-0.0008605378505268966,-0.0007976980014804497
0.006278039199201088,0.04054367112187221,-0.008417707909120813,-0.0022750332055524254
-0.0026252193829980563,-0.0008353422607355994,-0.004029147285192923,0.011839387717806005
-0.021860175348672854,-0.028467467036121647,-0.020018310718538105,-0.03198312804578765
-0.0008236002782339193,0.006072150576929348,0.19818699146920774,0.007229783191824325
0.0036363933940667375,0.00801561364956664,0.032891334056112616,0.009587750857512903
0.008562721865010224,-0.007232402857319112,-0.02512824530239814,0.008528683932839466
0.0011561277713450493,0.00518140000496346,-0.01145548515134625,0.025815893074500728
-0.015395889619691561,-0.013614365766067709,-0.007619899978935549,-0.002497831235840125
-0.018377252897538388,-0.04837401162914677,-0.03035306639591626,-0.04178701575342284
-0.01336859242502515,0.01969043588922478,-0.0034882074251496174,-0.0007402299287972968
-0.0040457128003942855,0.00478915923530701,-0.02496977961188894,-0.01149113727592547
0.006465320924628079,0.027976817218828647,0.03480162701711456,0.020740002006891925
-0.0032723625930120956,0.03993244359178733,0.13759466024737685,-0.0006641598458955647
0.02114697645662137,0.022208924224246574,0.028630012464395397,0.03377360620915259
-0.001188957998804956,-0.008431516841448895,0.07869717552417867,-0.003996515941165493
-0.012101463704125324,-0.01618413882457461,0.08580690404849912,-0.01052440602746135
0.0,0.020644644860229,-0.06342678815128278,0.002825277293268583
0.003961272575156176,-0.013715563230483988,0.005313266949669512,-0.008276014172837246
0.013676495230255659,0.0033443801879045514,-0.059448133931949705,-0.004908657473243377
-0.014209714161158632,-0.0331124099744431,0.030196972790488486,-0.04081022177951551
0.013333049042482625,-0.012972998154476969,0.054664350493325395,0.0005772875205353539
0.0011395484624636774,0.04778747181089832,0.02120595242401374,0.011995095572510037
0.0031490875157576584,-0.007647675353840602,-0.01154032611298051,0.007864143139995027
-0.0020981775356184763,0.005332271265106755,-0.007012172684276001,-0.004306181769294515
0.005890002225721478,-0.03271046448568493,0.0373345373484672,-0.007039668261821494
0.01296650464517366,-0.04267279624667328,-0.040430888534493496,0.010620395715694073
0.009360503322694176,0.006594989336289626,-0.001063755153845317,0.014807354829421963
-0.0005533082243189591,-0.01160692604749631,-0.015914020837727676,-0.007595780434869403
0.010164054424969154,0.021273715587895096,0.03619593916712737,0.008955024528398813
0.009477444349920887,0.002744673886750865,0.03397975234247804,0.031720790013527005
0.012691034855362434,0.011689512398268214,-0.016005713052796626,0.034517063918298375
0.0014824697102612135,0.03420095933444592,0.018355288553428408,0.00021185481668714603
0.00012341895520596562,-0.0004824406836717148,0.03178623389945424,-0.007933333022681947
-0.0008231230194929286,-0.018226688860072494,0.05202108959673976,0.024078417603672776
0.01597278934775061,-0.025814794011919478,0.0014634148953150045,-0.01648737234880452
0.004125184864070913,-0.027312890067357407,0.028328310501358537,0.00932785405909731
-0.005179389658942188,0.030908435127401213,0.0576113551148347,0.021342487368354264
0.005945986240870146,-0.014241993437873687,-0.01582716714006912,-0.0029917480632721443
0.0006853848980213051,-0.022755880284121857,0.04244899941747966,-0.016689059405440795
0.011659448042268787,-0.01690196132161028,0.05960057359180242,0.007057363755414554
0.009672632307345554,-0.012271801418391242,0.035724138195772255,-0.007719072918587091
-0.021654581372245633,-0.011415412673756687,-0.08642421525210743,-0.036580501542523916
0.006990281716303042,0.013636898095124089,-0.009038042516689774,-0.002716389174958303
0.018640933444797964,0.03029856619282355,-0.0352567708528249,-0.017479698515794322
0.0030603049027731082,0.03623250055834111,0.02240426356053564,0.024640260049884323
0.01141259665301568,0.003930121131408304,0.07099116636191981,0.013084156152341745
0.0031707086222386126,-0.0020702967643343503,-0.017787254049436575,-0.007266202391691813
-0.013330610641073446,-0.021088443572040184,-0.05074526160258332,-0.005884461452503419
-0.013352114647737187,0.00349716305354325,-0.03356928885086787,-0.014391038405126316
-0.007082897269852248,-0.023549378486750698,-0.03305021011916344,-0.009738643572700757
-0.026586149518387406,0.029495854198452288,-0.06274403546918701,0.02317888430230712
-0.002011505726320049,0.043574381550611226,0.07895504556688626,0.008954427941437316
0.006716312712181016,0.033756070053507004,0.0014850709586745647,0.041420752864189635
-0.011453090237930159,-0.06418613606176692,-0.04145067133894483,-0.01972687124189803
0.002021046738569659,-0.0002139381356588428,0.0014697002488738569,-0.011671975217352724
-0.02439904044584021,-0.030434919450235794,-0.0005065652243020289,0.008381053892487375
-0.010397980468560471,-0.01991594804979075,0.021478195369560783,-0.012302117168668261
-0.004789639274583569,-0.011094944854994696,-0.017382638722844804,-0.023417304204773365
0.019484796739882716,0.033436049936576145,0.07731423282838396,0.03776331620724176
-0.041238961701597514,-0.01979248584723371,-0.03420597069137618,-0.009475574869592258
0.007507052116405549,0.030524432715619207,0.03018125256143425,0.0024017009976395965
-0.03243631600187724,0.022403425677288254,-0.005713813715474868,0.0060039395233000255
0.005330777971238336,0.043355413410479826,-0.021355043154943146,0.011355185518305465
-0.0007596844962916109,0.0010191764225822987,-0.006598243859181292,0.02055719990438983
-0.003942417567178101,-0.03174443740492834,-0.014164587635274254,0.017197437391513217
0.03128575899488104,-0.1859461131303102,-0.023466650856007368,0.018954692785753572
0.035892052158562164,0.08549736499756076,0.0023640734639690623,0.02166153923394539
0.004606120402086945,-0.04187561547375504,-0.02284170549807513,0.003198058632882217
-0.0074221640480985306,0.007650554032242074,0.028327903495885404,0.01541665222996773
-0.006714687211034742,-0.037434957560758333,0.010734640646320742,0.0031682472124779618
-0.03444240310654716,-0.02881111168562612,-0.053090087069197885,0.01194264324988918
0.020790367330557606,0.016914206165716338,0.02198853609615247,0.009602981836019719
-0.0014185722272181526,0.05077485051581471,-0.03645352337012321,0.0009653044372141929
0.0032210983185906425,0.030375954440314153,-0.01023279935109268,0.010050312380222729
-0.02426071720808675,0.008974001432052398,-0.03451714290429038,0.003547047629213777
0.0011866721627969126,0.02832285544570781,-0.03057719520938892,0.004022717455354117
0.021596827539519713,-0.005781311237643559,-0.06547989008634725,0.003339876187743801
0.018105290857913178,-0.012578882595887327,0.024091057420887543,0.007722227496536762
0.019482254180378637,0.031155019253644466,0.05613428883532556,0.004374250794593061
0.012630506825246144,0.025973733309642755,-0.00028100285016493403,0.011070027289015703
-0.0005316395030391844,0.003953285283349827,-0.004873623368530301,-0.027943061010166238
0.0016348152823846033,-0.0012202047989007165,0.018050813649058695,-0.01774524252866116
0.003912873750785833,0.00630060905147334,-0.01723217010242546,-0.012770043565184621
-0.0011396819437307112,-0.041384372250513404,-0.04797223327197698,-0.016381871718191637
0.006292521115498759,-0.03135748577583991,-0.021756545199510743,-0.022816888667943624
-0.00024290221370098827,-0.028416584572387975,-0.08762494178787733,-0.016038192313177067
-0.02741242223505759,0.03606298840298956,-0.04043677756749929,0.02434031670493257
-0.012812641569737163,-0.08859145138795066,-0.030905910133740465,-0.023215447134891872
0.018951168699580183,0.038932529091025625,0.03837459125197188,0.015018060052064875
-0.015879594879338637,-0.09094892921519282,-0.028844050845269347,-0.01987599545576907
-0.008861605915058862,0.01677941445419693,-0.045311188236941684,-0.02324340863916849
-0.0008055957397364676,0.01123076972455992,0.025621016692865903,0.02540871375266779
-0.001740708014752158,-0.05908597552508898,-0.05770651942025788,-0.04444813474135678
0.015767610675535417,0.018991974651584323,-0.0029651004058366417,-0.0036216950373785498
-0.04969413155181917,-0.05199892429245629,-0.16754574067757613,-0.04523299809058783
-0.029623889025018828,0.01650180781580029,0.037245079838722016,0.012827188171995029
-0.017633190150835046,0.06229466299076358,0.07319368705023706,0.0226081680011952
-0.03422271635173199,-0.0013833929690728268,-0.030323348875332088,-0.04780277853114781
0.018007462482224464,0.051349503358979635,0.037912677650069934,0.029199411459620114
0.002386070684561593,-0.017745076192819703,-0.04906823105490024,-0.00445359325326872
-0.00614026484512594,-0.03490306129225978,-0.05483544563443516,-0.03797446415047889
0.011917863722647894,0.01794418453820409,0.045761190368065426,0.002914990729633038
-0.005310358229997269,0.008557527259815392,0.0016944590202751025,0.003316061180532107
0.0192895473294916,-0.007027070855381454,0.0513547158131408,0.017340385624606294
0.011207340623392592,0.031034325734698574,0.11273547481030481,0.03720269157434305
0.013589201690468958,-0.005947997580503561,0.034423463077927825,0.011982587608696686
-0.009971366623139497,-0.059134310275674694,-0.05742390273973778,-0.02478127389940603
0.010418320079936597,-0.02069438777053164,0.003925268964187628,-0.013843731215389024
-0.02694007574937298,-0.015920778042537023,-0.035704833212183235,-0.043828785714201464
0.019226602799953564,-0.01183228400182569,-0.016797411271064034,-0.00065913990843798
0.004760582090394603,0.01619958812828833,0.03525624951763979,0.016587265929788722
0.003131424661602211,0.002448127312958385,0.05189662060946535,-0.0035386348130386257
-0.09701341539112458,-0.08128106646665656,-0.05630172235818194,-0.09385221180021244
-0.07568020285383666,-0.07642295152473849,-0.11003572551557192,-0.05190524755908657
-0.037425944633356655,0.03469994438982112,-0.02597878190231111,0.022567430453665646
-0.051102012116553935,-0.013818840529489507,-0.05023573100190593,-0.011298376025543363
0.14261757983773518,0.17162072342566922,0.20449058000160142,0.13763453396601827
-0.043318766741113346,-0.06094727494711714,-0.0755220285780395,-0.0697772920206536
0.039792247300101384,0.030757562677878148,-0.0003566259450699316,-0.004991490489195673
0.021814363470558026,-0.001985198741229029,0.00015855643290671638,-0.022492866868818982
-0.0018782257100493861,0.013368805296761056,0.006950209565496345,-0.018917927520865213
-0.039711494682613896,-0.07119154777139383,-0.050690742903996715,-0.037530189022901235
0.013853189838727168,-0.02913122409811859,-0.0007454979855451015,-0.0016536805227138824
-0.019583250230122043,-0.04617737977834921,-0.05918076725792799,-0.0341161958548335
0.033497690943422094,0.020225297468870862,0.04499438204493094,0.031720307925809745
0.02404027017405486,0.03790143139328865,0.052271947159751794,0.039180076593834066
0.018258450714242275,0.03557786641463337,0.03437870754426389,0.02445482979277532
0.004357652325780252,0.04213298300993362,0.09351849398026,0.026139404856504147
0.004101025382888895,-0.020752627984238475,0.0032583903115033577,0.0045031995428867185
0.005078907896642737,0.0026636118861515876,0.021284373105168935,0.00851312191332715
0.006089047804380452,-0.0009177460396820735,-0.03438223363024816,-0.009860069057670279
0.003851446517865031,0.024397011671066938,-0.005829314402079844,0.04140761675997952
-0.038077521816382055,0.02556424954741541,0.02356864125337387,0.04244446856841013
-0.03196405584289274,-0.005956572091273119,-0.024495847170982712,0.003761700624008027
-0.0019123844037805251,-0.0024630207932687313,-0.01767474071206643,-0.020159435350760112
-0.011450149230458674,0.03053137522671381,0.0031546161942166075,0.01604602219647302
0.006298672082177023,0.0026447956189682383,0.030659773437438274,0.0020087067765996738
0.005252220188113187,-0.006153430112763323,0.046108194570086934,-0.009273541398212064
0.06123268352680133,0.05300641080963476,0.06528003118679684,0.0762430495898753
0.010101056215818433,0.05481136920807433,0.04810492051681205,0.025629503035284072
-0.0028217831561660077,0.040794262711428365,0.0399319216619113,0.005063051198072881
-0.004153052704613105,-0.003775350441351778,-0.01407694599861275,-0.02375724445850967
-0.0008990293659761774,0.004218666534108666,0.020670491941373468,-0.005512994420367856
-0.011808522701296861,0.001254695838942981,-0.02280219175263177,0.00014044732352143076
-0.009238802480674083,-0.008816451945526478,0.005044436283555748,-0.005213288899798884
-0.023329144395148625,-0.019385979908510684,-0.027122740878422213,-0.0025144547169631075
-0.0036188576331059774,0.007784472588990611,0.019004252475032086,0.001682263323379692
-0.03071095048956623,-0.011661537423707832,-0.004997253689502847,-0.015052231667391223
0.02498354854169106,0.031562961731518485,0.06709725458197968,0.02404456003739236
0.00104828732303026,-0.005105126806973366,-0.016644185010272462,0.001959656885959476
-0.002347793298986658,0.03197351965516137,0.0042777491260106125,0.0022815339898179785
0.004491066900633698,-0.02960257386263701,-0.03396601533337422,0.0037755511578921805
0.004223038592199533,0.016513500505562415,-0.010941091649071494,0.035516689598509
0.007753672262589979,0.02756804517640441,0.004599945784019605,-0.006054885028294079
-0.002216203487944864,0.004944626116286623,-0.03614067809813415,0.03115091395156703
-0.010856438829481212,-0.013692452665405617,-0.15384948606327908,-0.004852307064267609
0.01626524565909584,0.01228211848812834,0.0360138325066553,0.0189398201672659
-0.012186486627925944,0.006400723144077613,0.04453121583281344,-0.005245253249833944
0.006037726636299317,0.009281581599223064,0.05519232015438431,0.011944665718701019
-0.01938030982419538,-0.007810998523934495,0.0010421025390305668,-0.011829377113131825
0.0021106894117195567,0.015078685098274031,-0.022679683166052338,-0.0011243442877849807
-0.013901381409216582,-0.021117965678290232,0.019242741328905938,-0.015244872324924635
0.009978032131971447,0.018977723245708657,0.011674257976472,0.028568981659577636
-0.014109811963743587,-0.003947309718690903,-0.03960360944657592,-0.006989071667780474
0.004793242131453152,0.009392319389974604,0.017857560202303197,-0.0020960561068544084
0.022235412523977576,-0.01126743272200272,0.00034155282181088666,-0.019476501858154856
0.0024845808381479544,0.0022220651174162756,0.07910624722725408,0.023435492383136577
-0.005973168407372299,0.02554303986210498,-0.023827555571310416,0.019380598471856157
0.006270873324914723,0.042427406190420444,-0.03868634165630777,-0.004954724535738092
-0.0027822857556903716,0.004590493120936221,-0.005418374727754274,0.024269965414758753
0.0003980088949820225,0.01745740501441185,-0.006621400161764133,0.010330763478074803
0.020136061766974515,0.0015203325251185616,-0.01861926308527601,0.0060610843985122185
0.012833452642264409,-0.030134974737803088,-0.0548353231730864,-0.025898584956860565
0.021987220737205337,0.025439993152528935,0.04848766871497916,-0.007886776517920751
0.0052114546359404825,0.013203438882959067,-0.0009508330128998894,0.007594800124077438
-0.01700167510697276,-0.006927356204234811,-0.07030747928005848,-0.000918426648040841
0.00028579759973666486,0.011060928263480669,0.013080017887538436,0.003224349917600427
0.005366271415913139,0.01783988777058804,-0.006501707849529647,0.016664324037846588
0.0059969334396774284,0.0074622986953861055,0.046198855706690405,-0.007589083443356966
-0.005902267935020674,0.004984454919256748,0.01167844971117151,-0.013469509142798613
-0.01210169433492717,-0.0051673099282076845,0.01075495879659973,0.004741158503432871
0.0023460715289745234,0.039614420191223965,-0.019500985006087518,-0.014713948411098155
0.0050087134979031256,0.00391734766955151,0.03444095462458378,-0.01058541211384996
-0.0006664390568958011,0.009466639146369284,-0.007050661595447646,-0.002136229802750815
0.00550807738367113,-0.0034161611860592275,0.031555911584314186,0.004083504801290641
0.006136992592796734,-0.005992059702308101,-0.003525100711992725,0.01226322162219449
0.008995608062564086,-0.025709853858088744,0.010959828902223289,-0.011511064997839885
-0.0011667041677289938,0.022202635834811597,0.0013540923687317768,0.012366376126929791
-0.001822921241873524,0.017183810026743608,-0.08552542784602518,0.0017082595338736564
0.0005613299242606824,-0.0013823270754584475,0.034637201499348805,-0.0029703831469030935
0.0007945711497307053,0.01855865226448988,0.029706848621967902,0.0069217085822135555
-0.013072742970519372,-0.007040271693966676,-0.013574889801361277,-0.024873855059400308
-0.0105635130005587,0.02119707794992163,-0.006747506520358081,-0.006866334716463936
-0.007104750713967717,-0.007840175111206516,-0.03434052685502853,0.10663412065578584
-0.025321517440465572,-0.023608121226798857,-0.018465033347039538,-0.030761501884359232
0.004781509365661584,0.035512069773851344,0.02167142527004271,0.034542643203814595
-0.0021168961182062526,-0.009713718442209087,-0.0017476574412364776,-0.016768489357842514
0.04965344618378292,0.00648625663512085,0.03560499649944306,0.011110857963335654
0.03129864057229203,0.007496171998690576,0.007349951735303974,-0.013248209641147748
0.04148535739201776,0.010619835476421821,0.02264179762598033,0.00975767890243777
-0.00837237647261632,-0.0035091545807863955,0.028057128395424267,-0.004468611677373562
0.010813758371364397,0.006023816556037098,0.005324552775796538,0.031020454756871742
0.015897437361664515,-0.008608653798644192,-0.004292710283261014,-0.012636352039227538
-0.002360009613884975,0.0023651056738877856,-0.011260099884090402,0.002624370717165159
-0.005125269260025916,-0.008662804692042862,-0.015072159502432556,0.003955748484299955
-0.003027098981898543,0.008607885217185033,0.013819862125930686,-0.02300761380234965
-0.001430291785831238,-0.03562519003687552,-0.017608491717904177,-0.02092450742437719
-0.01993191816954049,-0.0013673634964971996,-0.01656474162017639,-0.005015978260345566
-0.00492334850628289,-0.0023974379006856325,-0.011770166368817137,-0.011595414810111714
0.012636557853807327,0.01705581002367675,0.0603104166993377,0.021006364683876993
-0.0026378418247804086,0.01017330889317426,0.019196337227210383,-0.001976013205392039
0.0094202286822618,0.010841395706416915,0.01452187916170169,0.001061471829366317
0.005132719840409774,-0.0009356628960004141,-0.005903612812939926,-0.008951185991350507
0.008940749184059526,-0.007905624375742408,-0.010408659566889222,0.004978262680271819
-0.0018076343154580796,-0.03381165435421267,-0.0356293206445078,-0.01666014219682063
-0.010479434881734952,-0.019713036514491123,-0.01360034804236362,-0.004871840760248719
0.0373823332188683,-0.0009372260023245525,0.014259073808795026,0.0026356273559348773
0.00547826662608221,0.006076904242296264,0.01320230431684188,0.015615926119870994
-0.00037541330898129005,-0.02740216240269134,0.035717557533237444,0.005062937938060968
-0.00758004513282915,0.007693824414153946,-0.0127361095766315,-0.0001994628495672696
-0.0149506219450665,0.014451498666018775,0.0016441653277190816,0.017655332699672958
-0.032791271045805905,0.03775343262051414,0.0023605495234688204,-0.018080736970282126
0.014185276809186579,-0.0008462586151700266,0.05868272574299215,-0.0014372195207862572
0.017410496957209892,0.0036620168169008314,0.07098109112687562,0.006226420398769817
0.011173249798929598,-0.0003937326094895513,0.034992045964953526,0.011984656970805665
0.006107248126145962,-0.01627798588375764,0.027849686096646824,0.018527426790265714
0.003521013968839509,-0.02659722737366243,0.010006196509857018,-0.004219367890599128
-0.004655392669439339,0.03434388991210669,-0.021384159862326838,0.005822780497560708
0.03153058391446455,0.0024367633114044094,0.021877209710827277,-0.002399599750318743
0.042192900302590174,0.038530451374934785,0.01892459915165681,-0.01645512203047072
-0.006464105813548765,-0.028617642790173294,-0.019441082441463448,-0.01283756422927289
-0.00836725849202465,-0.008216136468703266,0.03900845039857305,0.006939071351207104
0.01791159235712427,0.004060340737146719,-0.04480186162620923,-0.015567696517135235
-0.005504221127631377,0.0028099031575023995,0.03938961629749567,-0.006913836103827308
-0.0040401127374681736,0.020331822428759798,0.006360288086303643,-0.0004707133548289242
0.0007858061820065801,0.02567782632915341,0.0034011943142930328,-0.012207574864894608
0.0032151674950933427,0.003531195606199452,0.03260699487618123,-0.023476745037657107
0.006555096245001334,0.008773575541577188,-0.052409624917241146,0.013445323603395775
0.0034553030219053762,-0.006746228303479965,-0.014252492909231236,-0.022941854330524987
-0.005168026032186899,-0.011148155872539896,0.05305409919515741,0.007151812151099968
-0.0008183005676312295,-0.002698441213908405,-0.04549829949251959,-0.0036115655785397835
0.0061414329738929815,0.02175681948046783,0.012847468714676217,0.006653118638235424
-0.01570052856314726,0.018130894630978597,-0.007206358713169257,0.02159447557837204
-0.035132010240949876,-0.05009963153015511,-0.05195335338705128,-0.03921799264960719
0.009697188915848344,0.027782585224038966,0.052779538485349636,0.014637832209760894
0.00044404353368307243,-0.045019240466326105,-0.01539666493428667,-0.009899303875784457
0.006316543897858392,-0.0011114789856192203,0.013674604901329141,0.012480868545870326
-0.00760886043856255,0.01095022271154542,-0.014816786729139185,-0.0076663752402458514
0.01937056750233797,0.007725462942447067,0.024331310172500658,0.006787975192971718
0.03868097494530444,-0.003170638763439442,0.01831477587612344,0.021048484402705188
0.0020188933418115364,-0.008136414546060781,-0.01085364312168525,0.001501313545190485
-0.016576702058946933,-0.004869391502995129,-0.008235365016010689,0.00019082980719445635
0.004362523603168023,0.010374211051715317,0.022547291398770954,0.0008041862780732096
0.012404640585310558,0.022258035392054606,-0.03457920037137167,0.005922484439255584
0.022535316635468854,0.027692151144970024,0.042211814191010485,0.016734367749238154
0.0007065606505676427,0.04861857742843619,0.01781041931942346,0.0008254947617413969
0.0025988547161788934,0.02945785122908878,0.002082342411769511,0.00030594852925162056
0.006283446827328092,-0.020248085279448852,-0.047501755655160294,-0.12030217864321027
-0.003802262344922466,-0.0019734183403692595,0.03671813319553837,-0.02756450973340267
-0.004894215035782787,0.021448378486165685,0.025538450543862383,-0.016546973300568396
0.003672905070218473,-0.04039310108689996,-0.052848572813666,-0.016426902098165323
0.00037029605711407865,-0.01766982230750043,0.03930641199562339,0.013663182118472136
-0.0013707015250657905,-0.037208545384962245,-0.035599264459215095,-0.027111653750646433
-0.004830527423589156,0.0003721114707823952,-0.03744886561150212,0.004465418177578069
0.004538407434672484,0.05631653285510292,0.03592274671529928,0.01603589976722227
0.02137110593244862,-0.030037214335174377,-0.01268032095842644,-0.007435441408622482
-0.006487791833362907,0.003307882918741538,-0.020731107188327342,-0.029239478759321084
-0.0019032501358421112,-0.03646711365097375,-0.06875241071018368,0.001443940431991763
-0.0019804359095259394,0.017558788910905374,0.005853666241942873,-0.0007052580016782483
-0.018338265985077234,-0.018951133903844657,0.011238716089416035,-0.01229936358796035
-7.469497556412872e-05,-0.028483287444823868,-0.01893489628165649,-0.0072017599492540055
0.004179013490990589,0.028054414059495738,0.006805426562391663,-0.01240751684245367
-0.008638599469070626,-0.032032341881092705,-0.021922199285516537,-0.001983914228917099
0.01948949882234899,-0.009790851268402874,-0.010530198558583292,0.008619297807138394
0.01618582582601152,0.020308941393949672,0.0660172720981127,0.031146400736734064
0.003798202195763628,-0.02625236853586816,0.003870128654219355,0.03709777684188965
0.00209182590417099,0.013628426497535618,0.016974787220379935,-0.004110711553099351
0.004672952133414649,-0.018250529412443567,0.008380619474776033,0.022379978525951184
0.015126209461309542,0.01636265119304991,-6.97394621241348e-05,-0.010986995726326667
0.010855683796743168,0.008522905549192543,-0.0020945908399217085,0.009674224419967417
-0.007153633631999635,-0.010358780113431765,0.039960567737700375,-0.011657877721410834
-0.012215793279375341,0.02093976783855516,0.017287167308555625,0.03371252071517579
-0.006863570983802831,-0.005303645132968149,0.0010335035967348669,0.017813734281019504
-0.003197560218945108,0.017067494481283838,-0.03447772390855956,-0.009879057154513964
-0.0025582890023414006,-0.0031307522745196094,0.012636566806914386,-0.014866889206078367
0.005755849221286536,-0.006454291233027983,0.014008389943790958,-0.010450895268591904
-0.0026939160410902646,-0.015629217144241425,-0.010152139695978377,0.003960570336665005
0.0008988517870461178,-0.03320989556876012,0.026650529578487583,-0.013077089054621557
-0.015098445975886323,0.0072300945050929495,0.03500417593015653,0.0058937104921780725
0.0018224589395023538,0.00807896271619421,0.03019325551468915,0.014778097473989466
-0.010138194827446007,-0.03889665598996,-0.04727460429487326,-0.01170952424528397
0.001286685099730744,0.01854688041923136,0.03389652701091261,0.02275676986020218
0.005422726861126484,0.03858226769342382,-0.0044993863680713635,-0.008585123537063052
-0.009915011500959322,0.014807720863768647,0.015527202757109204,0.004135518182982515
0.005116613877828172,0.02960802520538894,-0.006507353223946919,0.0051867587485830875
0.0053096944255422995,-0.003176160869262579,-0.0003295782832779731,0.003917514146959631
-0.0014984751785940306,0.010128246578782895,-0.021258551524587485,-0.006401981304311324
0.0013159470067161956,-0.012198174039463773,-0.03327112293491262,-0.006959292794560984
-0.0024870835251959533,-0.003619329992199417,-0.01139973602177475,0.010961570601277672
-0.004477611054965066,-0.005560855557135792,-0.0104187006411069,-0.00883839332861324
-0.003131421666977736,0.012521788173345913,-0.02624643791802105,-0.014773307846019212
-0.013933738517613961,-0.0038730170930417218,0.03057312274344065,0.01280193567963011
-0.018504465279846907,-0.004688795139394922,-0.04230652917497186,0.0027739623294907832
-0.007767566996107173,0.009937584060043825,-0.003586402728205757,-0.018223851620838477
-0.004967425592754203,-0.02175683184431315,0.010124471981728621,-0.004062560420501661
0.0012730846985475868,-0.0009732491752103244,0.02091338126870214,0.010776640280624555
0.0033871074933367975,0.000432699636909862,0.00883700211279967,-0.01712751813486019
0.003069147713342097,0.004693178813997547,-0.003927828743923437,-0.017092953517602805
-0.004184101371076401,-0.014473787878718945,-0.018051031148363036,-0.024981076807205096
-0.006754637533752875,0.021125164339048683,-0.0014354670972459708,0.008541478758855062
-0.010433311478838362,-0.0043936053878168,-0.0024427450941923528,-0.0008862979254733003
-0.035166801688047915,-0.04480567027408543,-0.042609305094350874,-0.02634978374353773
0.003843435636429064,0.029056579750963277,0.02866105598439217,0.014526860894214427
0.002822624697434856,0.00825721619066442,0.040695858938020815,0.05501982886134703
-0.001249069268077672,0.015194528911584565,-0.0006678119583802994,0.01703974120634944
0.029280086238765112,-0.006414656086299057,-0.03135078007637384,0.020434559636027163
0.011135349261250545,0.010933690593106213,-0.009929693133760457,0.0009068689171638871
-0.007110666301096413,0.015788190876832572,0.0012987560805733547,-0.006320385450185619
0.00714945879943628,0.005155768924444679,-0.0351442835440217,0.09898344529684366
0.004635379456155208,-0.007194213250918772,0.032707748293060876,-0.02998551312122757
0.039779426403429755,-0.029306114416740678,-0.02018328139266714,-0.014182515722001115
-0.0019648412969745957,-0.028803821486399327,0.00035553266889641583,-0.02104342956467389
0.0256803727265563,-0.03469725096611551,-0.038532688670109685,-0.03338319233209907
-0.0020998540074744607,-0.013350101548895904,-0.02191272731756527,0.0018220401776812226
0.007977885766246336,0.07577302301087933,0.03439569638292661,-0.013141640887857233
-0.011729030888589332,0.024664966763379943,0.014992548192064116,0.02354658377865837
-0.0034287922059860762,-0.007924416525772629,0.018729813289406434,-0.009644430908518598
0.006628114685600525,0.007977089879130206,0.007170667714086594,-0.0030310903563182784
-0.051274148572826785,-0.016499491079763246,-0.026499721174377204,-0.028640533025796805
-0.022995784787441406,-0.022340344621430332,0.0008867362574486323,-0.01557130911102629
0.03117677762588167,0.011746279262754105,-0.016448249621048336,-0.0007505901530488688
0.0017795329116435036,0.016141868716214123,0.001678940551719039,0.00612862288323798
-0.0143641415256223,-0.0004256193690695209,0.000947679089765262,0.0024224396158071897
0.015233748038497256,0.010166403704481202,0.0002671812076260135,0.01673314775034796
0.006029131859271349,0.00907260443723529,-0.02954695527872473,-0.028480278996897465
0.022143949447182894,0.006763798223351665,0.023604408796446652,0.003211739659873585
0.007650516806739749,0.013954478630994869,0.01940114803767631,0.022259398191543326
-0.004678537445938535,-0.056106163785103344,-0.021357279325286554,0.005066066754975841
-0.03265801167898957,-0.04253837483251021,-0.014967735162802963,-0.01353090061821977
0.0020420069532886102,0.029417916615645075,0.002010344152525457,0.008265952216700718
-0.0036709834343797076,-0.013405999706042235,-0.027372150980348144,0.0023230815822997738
-0.004674457034245198,0.01647011544804586,0.03384721273919843,0.019126414362665836
-0.008530800875914566,0.0016376663504562787,-0.00096123102727329,-0.01078070158241622
-0.01093209183794695,-0.030570537605429608,-0.02198816416611494,-0.024069910414999507
0.009355669758880348,0.026799887586009843,0.004903095477786746,0.003915650339463678
0.00364879782998301,0.011540154718599876,0.0014036436297643494,0.010265531681147333
-7.663911620952738e-05,0.006850206049899695,0.02126320318819362,0.0012070660933169112
-0.019552680241045003,-0.015657060121153334,-0.031914812787204434,-0.02580106455302112
-0.022298700096560726,-0.01590610818182284,-0.009692136394107657,-0.039097917939173894
0.01073701886028607,0.016342847084503342,0.011083506865035645,0.022997325133886838
0.005561550258065924,-0.0070656657992947056,0.00933537602077204,-0.007663425716287733
