AAPL,NVDA,TSLA,META
-0.007955965016123716,0.03923208175162622,-0.007523861011181039,0.006831353943135876
0.008700362870162282,-0.007483529154095905,0.02265977238418918,0.023670154870713254
0.03616846107593891,0.05325814772459277,0.001533904013606828,0.003861059344094519
-0.02092576649174461,-0.035639309927709424,-0.035246480304529995,-0.01053207857599426
-0.01216469863651103,-0.02118012059260918,-0.0156588550190791,0.011795693779715694
-0.01038543731641724,0.017625087417726264,0.02783267714915969,0.008324265118446502
0.008953708853433521,-0.002094335664657923,0.0260243331388298,-0.010853279698431893
0.001325794993679529,0.004240341091603874,0.01369611080354769,-0.0019309712976725213
0.006496057582934438,0.012948230595025206,0.004440617326900639,0.006862599859864401
0.00676856252164604,0.015034558446528911,0.03275989192109418,0.011986218592383833
0.014431951656272335,0.003942163289362575,-0.011477252828966885,0.032081948750910326
0.006831835404541363,0.030248288171362936,0.0205308104637668,-0.0037958584479537857
0.001738738143922333,-0.0019104627577301496,-0.08593722216784855,0.014189612489026655
0.0066715991064917905,0.014187764499601505,0.026459970073128034,-0.0017059182452006571
0.015614036949796782,0.004389166463180144,-0.006421561243439884,-0.0045058098665427225
-0.0030032088743346887,-0.013279121050369751,-0.0032630303024267517,0.015035131079799806
0.005598246505712102,0.014894323420652927,0.01367711069116183,0.0013506629036980863
-0.008358838912570546,-0.0029195779069483515,-0.0280652786610601,-0.0017448598892331416
-0.00040220850155801683,-0.008019928224305155,-0.0026859862524520168,0.008917545671909794
0.001808585389407004,-0.028343480342001907,-0.004943052898305119,0.003065935042596067
0.00010026517296815696,0.018825244876313513,0.025865779778642663,-0.004351052275996024
0.019286087814998753,-0.004900256608928783,-0.007822448958816279,-0.0005033443090918912
0.0035873644726743467,-0.005300051351598126,0.007456485905066215,-0.002800750213097833
0.003280864887092828,0.0115806604113109,-0.039220700589321714,0.017569652683477703
0.014320352491613498,0.011605505339813315,0.004367189004715511,0.012814356915083954
-0.001543571634316392,0.0026188309722350992,-0.020055756342084126,-0.0065508857137522
-0.009116685233910378,-0.0225356911016711,-0.043578711545985846,0.05684795367180254
-0.004785167291377844,-0.04833833786533266,-0.051754657790314386,-0.009200804467695311
0.0015163083467753496,0.006938882783739546,0.026564156668391885,0.017035319480249875
-0.019443931172144473,0.009269301427463437,-0.011579538159972131,-0.007110253152249667
0.047918897692332894,-0.002932686704365161,-0.019801806231266733,-0.0019150044976183756
-0.006528906823030318,0.014959627953850935,0.04221406123668062,-0.002593483287401177
0.0123545353717578,-0.0009830896375021957,0.0438033007844267,0.015154801868276963
-0.015563194257947001,-0.01741793969233068,0.0012147730661703946,-0.008167433972683921
-0.027326944560974967,-0.038195691439895915,-0.03296477054208545,-0.021426541959069113
0.0001970901459650571,0.004667846900474754,-0.009026329942036213,-0.0012128976325025752
-0.010802273305030577,-0.02167999636956406,-0.01174982922375762,-0.004706647287202493
-0.013950554087525567,-0.00808224305952796,-0.010218129749463936,-0.00164444548946354
-0.05987675372564356,-0.06339383404848849,-0.053642888692410726,-0.03677308824857711
0.015706475864762464,0.022404109963294363,0.023078626554257343,-0.004471740571200206
0.01190796779535059,-0.015298013398577889,-0.0015508662931841915,0.030193077414341244
-0.004409532093472077,0.0038153730067198416,-0.015729859074043964,0.0038579456446509977
-0.00569791525931448,-0.023112899701418447,-0.07879160253819237,-0.00907888550120232
-0.031769393081076694,-0.031013155304994138,-0.027235784386159697,-0.014021344956951566
0.018989555027151536,0.02157739200049305,-0.0013644301491681004,0.011427618900373132
-0.020684269332864012,-0.018616694250683376,-0.06210985897149923,0.002701610626168737
-0.017216967122756374,-0.03258847538418198,0.014218982156523499,-0.024305566681588762
-0.0038475720589894315,-0.014839260155211913,-0.025174877946532528,0.0010499365797555652
-0.004143541379199051,-0.012617905027643908,-0.010175940821913167,0.017790523141994252
-0.004780551867929446,-0.021081525005462384,0.006128515358594928,-0.011568981934701805
0.005172919701983189,-0.007662536249041992,-0.008675443485018194,0.004490690711914186
-0.018281167723872564,-0.026588371919449228,-0.016391213145480147,-0.030739265199819933
-0.010161983147251355,-0.012479927657617051,-0.034002173460743926,-0.07802089906540485
0.035930503600367515,0.06664804691747497,0.0785760501617263,0.020202696075216818
0.016014806734940573,-0.012100655524875664,0.0153261559057241,0.003992000785554211
0.014574860428755306,0.017540424934574847,0.04651304989708485,0.0009510469338901095
0.026268961945522532,0.011891699394940848,-0.0070654213857223955,0.02938632738103715
0.01269836923332692,0.019937367707761736,0.04016068793025789,0.008444131073324406
0.011513078068370822,0.015509253316021935,0.01962942455513551,0.018588376107886332
-0.003187484172654169,-0.030647217297002934,-0.03678052946367268,-0.01733069975249687
-0.00020612581033978885,0.013991853181158288,0.021977829297588538,0.013787020460992748
-0.0072889160637735215,-0.024719529665649307,0.004710492177676777,0.02151714572383761
0.005948719057903403,0.0026928432284292862,0.045967846334089235,0.0414812263762136
0.023246177472318715,0.05271246833360261,-0.0012895183084361763,-0.0028610087060202817
-0.002927118813259102,0.001568983638551587,0.007491632206456829,-0.0052667966909276265
0.008003748280783329,0.006379600786460206,-0.030537099002804925,0.010875256305438698
-0.003415031322568043,-0.015301231904491973,0.010147814582238825,0.008458788746664819
-0.001006512341971277,0.005912650085015039,0.007991062700448779,0.007609392654805642
-0.015273893353606762,-0.007759654485242353,-0.017501531619481567,-0.01971543018885195
0.021398629070538494,0.05008449069327899,-0.002232228297383763,-0.006268171224057287
-0.00030044174413777763,0.024622051421896368,0.016150172309638413,0.0097570214851226
-0.009153530153672937,0.006107898047064503,0.0027783929288936193,0.018301326478576227
0.01817454737228119,0.011743434440565801,0.016466221724361078,0.0
0.00583735244618181,-0.02399652972270075,-0.011600218839631889,0.010309256878871818
0.008252802197216268,0.0032002669356351082,0.04506146454972541,0.011218918157896905
-0.0008807078234448792,-0.015604825967657554,-0.007692338334116885,-0.00406492347429491
-0.020829519369612626,-0.019027811325592177,-0.01191106882403326,-0.003264097807006476
0.006080855485267269,0.0006359779558941206,-0.0012163699243967914,0.01747007154540922
0.009839899482398565,0.0173303515844539,0.03778869128614836,0.01751569041377444
-0.007309073324315228,0.03812440456479664,-0.0013402808651119414,-0.0074266206439100695
0.007653810041530957,0.007966659964693803,0.02679618785170417,0.01792705478344749
0.009350834431643591,-0.002030471049401337,0.033779097347802406,-0.0046967848645524425
-0.0034654124163867516,-0.0011365881539699826,-0.004427953346815866,-0.00034336271614404397
-0.005639679583901846,0.015618327596467852,0.009778567486270942,-0.01005830552862703
0.011295765293223075,0.0027657942518715685,-0.005192847091315009,-0.005067309204247806
-0.015040241438673644,-0.010277230904519742,0.018135442365715914,-0.012126279369968811
0.022596906191853904,0.016953441042394633,-0.009730316261804303,0.019767054811766212
0.007787348007347914,0.02501715766784096,0.01740861417421435,0.0001976848984409931
-0.0008142186153478738,0.016934326804582026,0.01794158228530698,0.011301841105805996
-0.00793893484125175,-0.029998885184319996,-0.14634118145360764,-0.01948909448052259
0.003472006025697382,0.009699993533431055,-0.0034146189824959317,-0.004794597120758887
0.00929521513474959,-0.0014287256544169137,0.033335690122837366,-0.019257786664283967
-0.0043015024469042614,0.003596709899558846,0.02715478226865056,0.005597928729336071
0.020198859541929192,-0.03911294584052554,-0.0026867746162287836,-0.0143636335286248
-0.02187673945270102,-0.022779965425527827,-0.032644893450348864,-0.007752813245682178
-0.021385094435444105,-0.022877028940675545,0.002093199627884857,-0.019437142520532493
-0.05376756865437117,-0.06669562611628822,-0.026024991318455336,-0.0393308861859791
0.018753160907293433,0.01029245211701419,0.010586762848221487,0.015181469702219896
0.010302327883089619,0.010057461177384057,0.011504500337382999,0.0034627733998298877
0.02181603951551604,0.02800118037552329,0.020691055468529226,0.026699448684469145
-0.00827463837335228,-0.02611859051847012,-0.01390239815697271,-0.012222019109550106
-0.002540597330427661,-0.017865083625045217,-0.025862371865183108,-0.013289963710953739
0.041476122923338674,0.02992065929359532,0.025819883534249913,0.016478958147467047
-0.030216825708764432,-0.039074368731662985,-0.06768680255284285,-0.047488386181187316
-0.004994056537559068,-0.008700415548061112,-0.01828835317150209,0.015898842520307734
0.02332075518676703,0.07001862534366533,0.019744444624820005,0.006060744714140466
0.018472214106168422,0.06795637503986826,0.030845997748934404,0.013356366083174821
4.7839250469147166e-05,-0.01718687103297768,-0.004285505421123639,-0.012757812185538123
0.010780184585771083,0.01981823455919232,-0.022522132632969767,-0.0014152806261047528
-0.0008470612251850747,0.001458994195908409,0.005959674684834935,-0.00826084943995065
-0.04732246993314855,-0.054157934088529286,-0.04960079059483937,-0.023848262853186773
0.018820944046050933,0.018360060278719573,0.01688593882877674,0.014576774767160272
-0.011348147861077195,-0.022308378507749884,-0.004288207091923697,0.005198419238263345
0.006688295694031134,-0.0026012951059436614,0.007028701855971562,0.002533693411044006
0.016789947895877153,0.03522414326621581,0.027991764077430346,0.02074520511144272
-0.0012926809781663993,0.0030489275458331967,0.01743757434314575,0.0005387705515880738
-0.014670732516389073,-0.02014075384991708,-0.002662996693731353,-0.017823707315351676
0.016824071061784473,0.027575640766238717,-0.01943116129601614,0.025709654416872244
0.0193629411190807,0.06303380099188957,0.03953785869897743,0.019892758098214707
-9.370093429807543e-05,-0.006082966408983256,-0.00932113182298983,-0.01802416508820551
0.004258049234104096,0.010302136934863248,0.018901418181459875,0.006750721288259544
0.011743653087414579,0.014738537380056777,0.016048960489895236,-0.013815919374507607
0.03130007734100214,0.00625840647979746,0.047912327846942035,0.012384584311771432
-0.00223868104896826,-0.00032563310176534645,-0.0049902167042224325,-0.005426104116879255
-0.01964580902931011,-0.012725468287214768,-0.002728713996813491,-0.0014945902908989064
0.005243451119872423,-0.009554127653201704,-0.009795012235959525,-0.005195377839552005
0.003631391859686188,0.004761207140039445,0.008121454351540124,0.009938565625857739
0.009335646810117863,-0.006038151947240098,-0.005324674641613693,0.00031908142753691476
-0.008158085965573015,-0.017034916075604048,0.012691671904217687,0.010574079006066528
-0.014726042605189532,-0.024312398956782853,-0.024548765463603572,-0.0011050274364805771
0.00453656270216021,0.012372988201579631,0.002532023019229352,-0.016510000363734983
-0.004766298130126854,-0.01330007839467219,-0.07763784395676024,-0.030102667923066442
0.01527251886603158,0.03250396098223572,0.024298080060291966,0.008349854166639187
-0.005171240769973616,-0.005006124929096971,0.058838046284869626,-0.014824953879426856
-0.00487774589032687,-0.03197061141274553,-0.0017743788664326618,-0.016853109571238842
0.02326245501841255,0.013359193257494453,-0.005217380269892639,0.0055181522742265565
0.0027645426438470443,-0.00040201917949261103,0.015734771560612624,-0.012828989920788311
-0.025387496444146968,-0.005532498006750178,-0.006395828716893808,-0.006906125406693155
0.008458746169586938,0.04668512296334098,-0.04242918829553246,0.027008738230602312
0.027646159247464053,0.003633685075006944,-0.006889680536428197,0.005947226889386168
0.00022029446208618973,0.012885870324869196,0.026816005504508238,-0.0042761720452941165
-0.011784095795742874,-0.03927932344762998,0.009753676748550492,-0.010799368242813804
0.011651827062396519,0.019445094619840533,0.018490843294478566,0.011745101169649627
0.013388433693797289,0.012756531265358282,0.000858418039820759,0.0010002798096116958
0.02625089394088647,0.016042955338185404,0.012788621436352825,0.022844332908458415
-0.001440530400784273,0.0028992426117911275,0.03593539155955349,-0.0049527619531342095
-0.0023345888899209944,0.0514083792245338,0.0036127226196520047,0.03014961291896015
-0.004045323103644979,-0.011060649498597513,0.007186524142577059,0.0034881721158321844
0.003875331836874274,0.00041210226977399,0.008510294825121641,0.004421790367913697
0.004791232634308317,-0.019752136459293666,-0.019348511759363377,-0.024134641249734752
0.017194162204275207,0.028565684323019397,-0.01351766398714735,0.020820011282844494
-0.0022892331383745183,-0.0020427253922778877,0.008171731125572387,-0.039887061608706725
0.013329641340570962,-0.002661963649270492,-0.003527697705131321,0.020679894758222392
0.0016433468383735164,0.009032003793868053,0.1627073867407585,0.0012347245703811312
0.012241054547826376,0.03827070583447494,0.09069467139827266,0.00806926299309699
0.009967188260549974,0.010940205314314102,-0.0012807947563152676,0.008004264870948227
-0.023399559826489218,-0.018891850371846874,-0.035690931583353486,-0.0004753534835569786
-0.00012324873368390148,0.00039403904746172585,-0.0038337382146187405,-0.005614996237045895
0.0223577360360663,-0.00980151688269743,-0.00028577073587868494,0.01790005372685764
0.027985449423538138,0.0077798911790429885,-0.005125560958197391,0.010226551961161815
0.006545660814007683,0.03830106757917159,0.013190251778298889,0.005665290145233089
-0.0014377651019364802,-0.0042369597154562335,-0.0007877741614317626,-0.0020564010879800666
0.0004273261164365831,-0.00949086651000778,0.029079338851648973,-0.014357476396721656
0.0114751714799685,0.0034135656889513525,0.027066259147669382,-0.005916708422866171
0.0027337935025396175,-0.0026913091821009695,0.004757095497985115,0.0022032381761854358
0.00788707220694513,0.0019232867183150487,0.023307008242272685,-0.006465837095597492
-0.0009156426006047644,0.0068453232848422986,0.013927860226281246,0.025308578066128067
0.009535826648073108,-0.004973898715459851,-0.010976517536210168,-0.0066039142381546494
-0.006943359010227395,0.005832379432962188,0.009317706491661899,-0.0002070692295718044
0.011809530652210512,-0.027056353086912822,0.008039716546772512,0.010045384296159851
0.005029017613102188,0.03885554435282713,-0.006209469761818026,0.011719554651228228
-0.0030366717665152626,-0.020416145953832947,0.02686525453277175,0.00967949641213543
-0.011710062071954805,0.015220817714195239,-0.020513868869493704,-0.009122316144145229
-0.0044934037059331,-0.004746786827002771,0.0073828123156505394,0.0021242325381391767
-0.000878342285817077,0.0033725849594413056,-0.06337614052816848,0.004486546358879469
0.017381874419243035,0.04777591427729949,0.009859919333317325,0.004866926343939167
-0.007839281658650164,-0.019215142486919422,-0.02230801073802288,-0.004112825814280021
0.013342838442513499,0.00643562431165842,0.007179607623328355,0.015113568634862858
-0.002205321415866994,-0.006896786843562351,-0.00408331183446667,-0.0017837487499468875
-0.01162959350343798,-0.03516874187665617,0.014831577778426516,-0.009667621347493658
-0.01799105313217455,-0.00762789599640536,0.0039638352301946105,-0.004416299067081419
0.00878794472874669,0.008439737020842001,-0.009473685044135857,-0.0005534306126481471
0.0145644236402596,-0.0032522439943038937,-0.008019273672589195,0.0032657050024134213
0.019131736783019365,0.01629825666469726,0.016570487479172606,0.008441286545124625
-0.01409884445962705,0.0,0.010778479484683797,0.001441429626528153
0.00582768981322169,0.008494981301838081,0.02705113248298345,-0.002337005767824793
0.00849268484582282,0.015580138169938506,0.011004409475391042,0.006895857398831183
0.002545417034510323,0.03049566971304003,0.01959693606267636,-0.02761998574347077
0.013501367340875581,-0.0003570586054912191,-0.003592907084336512,-0.013508730583960162
0.01697314860587476,0.005165295981023823,0.06248899060660185,0.019437823565385957
0.0019630606427032695,0.013849866138989924,-0.006600966624869255,0.002371952651255842
-0.002391661383247278,0.005329914778333285,0.036681334404645764,0.02050504326238536
0.0009998958191285892,0.02559450503214381,0.0273227300440061,0.01742753627494065
-0.0020730515123620367,0.01646950948643313,0.0038288839658321035,0.0011639442094312743
0.016186407691178777,-0.0023006583889668875,0.0330530426375991,-0.0005818400529072561
0.0009505021707026737,-0.0008374353491584496,0.014281404577191001,-0.005154530901117196
0.01964580905142715,0.002385573303769702,0.013291643487754986,0.012932956396476455
-0.00037944612350410687,-0.009746802207064136,-0.0013003685301450005,0.001490781218120603
0.005917682504443807,-0.019395547159001686,-0.0371131230011561,-0.01789103661018049
0.007279836774296332,0.012745596314302457,0.008715179630272204,0.004100997878069414
0.02256017459312649,0.01940224508992112,0.02811910133608081,0.021830653288945064
-0.009769813173829,-0.01613537031060763,0.02920267893223429,-0.0053053396123128645
0.007936671149556354,0.004185154331873249,0.019071612174755247,0.018658478454486246
-0.004714280975940316,0.012033748300321142,0.03806670586808656,0.0021612182677952303
0.015958532125117563,0.0018740481170568366,0.048032568493066904,0.010087049930400424
0.021018422530990545,0.01092257707383382,-0.022189385476863444,0.014209559371509835
0.002258232843854061,0.005335123231170114,-0.006649355680979626,-0.0011001381921028346
0.0211389783387671,0.030870801165489833,0.09320702322102224,0.01750184943010657
-0.013595045550399561,-0.018828170465015677,0.024578286172624794,-0.01292634814782009
-0.004294654744216577,-0.006939279190384985,-0.03676981311758122,0.009495418203373466
0.012448680874485429,0.013589623797137993,-0.00970946227670784,0.002799816794945264
0.011009998569569971,0.0014049158050106006,-0.005839913304383257,0.0016668999714428744
-0.006800055357412418,-0.005390029346466088,0.06942373110021945,-0.003156141347184985
0.0035631743999414993,0.00871400808261058,0.04004983514491321,-0.0005420484499504864
0.004804407081146845,0.010935060707418653,0.004624413044606698,-0.0070736382663562575
-0.002886217220667079,-0.009456601434232532,-0.012981499419033645,-0.008316190355451412
-0.029845993900606868,-0.04190722727934203,-0.012112331857897394,-0.014186677293058576
0.02789642235691552,0.03183599806883048,0.01578809278786119,0.013498096799365113
0.0207162388881834,-0.009848171503085685,0.02455066473079113,0.024671413340577465
-0.0014501631362373807,0.0010993201170250778,0.09799952270077929,-0.06333575620240772
-0.04535169422511658,-0.03890704212047041,0.015115867923964223,-0.03704465202769686
-0.002749941765222484,0.016361039072544607,0.18144500086765858,0.01122860436225556
0.03248040021062201,0.027901285392176844,0.1286186970285338,0.027246820567094168
0.008120935527417408,0.014581951904416055,-0.18845037343186985,0.001333509457192987
0.011629436932113078,0.013821732429631237,0.019223358515689473,0.003515848156457868
-0.013686227448707875,-0.010517339788543117,-0.0011890304222129079,0.006994611362288471
0.0047385087075166666,0.044239232359230045,0.030554904345579816,0.003432092535019073
-0.006051692011718827,0.018536442862125652,0.0040112052857509935,-0.027937502974946172
0.023470174413187068,0.017208971705984226,-0.009197828567077742,0.017083814196067696
-0.007146501303301396,-0.0064786836299647954,0.04673438827304504,0.011229239615836786
0.00024616068897312116,0.06785000348537881,-0.004949986662921484,0.0048675745531743244
-0.018480239740530244,0.023126407789443457,0.0704209168261074,0.016760420860224647
0.01437857337013425,0.05933666790810907,0.06649517653196184,-0.0014244107248633858
-0.010311767935517102,-0.019249753933079945,-0.019826354777620053,-0.013470184444912443
-0.022894803177972753,-0.048552095572492564,0.0017662480443414094,-0.020718458312371197
-0.04866561593837706,-0.07332114599981585,-0.07752369493467591,-0.04605316044334779
-0.03445933343693013,-0.04196141772958,-0.041482357972054684,-0.019875477229425675
0.0157392801968589,0.021144774101950578,-0.026744949535016983,0.002182825720001682
-0.06760254291315022,-0.057274902043733644,-0.13713311629061195,-0.038510982205067934
-0.000585569183669148,0.06687418651367624,-0.016347950327421108,0.014232806143371527
0.08901850611967187,0.023276094926202123,0.1072570247859105,0.02041681730379395
-0.03227425467532945,-0.038874695188615103,0.0025383850988232293,-0.05520183528226345
0.04534072611303215,0.06768552681220798,0.005337746224066965,0.031089491329665087
-0.032974579817948796,-0.040234710415803954,-0.033869376791647296,-0.034970310225503266
-0.013368844754744558,-0.02688702004722567,-0.029497510135476336,-0.02228026808869496
-0.0823954803091153,-0.08059406337986168,-0.14586457137702016,-0.06614112859575244
0.06954619734537672,0.06177420705035895,0.059586929551683376,0.04999734226508933
-0.03534809972987091,-0.05758665772770935,-0.01735009892797303,-0.04564115601673849
-0.10397757905468853,-0.1305276487851656,-0.12349328402408655,-0.09720925775990276
0.11315728475797188,0.1074202822265468,-0.02516454136147571,0.09744418999892963
-0.13770793146248245,-0.2039794955343667,-0.20552230217550044,-0.15376881820433844
0.04303083365588935,0.10098746259734498,-0.03398134500612111,0.023085740113909445
-0.024784663386085457,-0.06882199963782261,-0.17476304366003273,-0.01660045756018607
-0.0076914938153822485,0.04883270179477041,0.16879451260286096,0.0411266221599377
-0.06559023592186725,-0.034489693633712355,-0.00025720668994270134,-0.022453724509895634
-0.021473461365530695,0.03317388532512987,0.015688043665694176,-0.010945443069098629
0.09560619667070458,0.15833989438931506,0.15084593365171223,0.0833919886122749
-0.005524012892678827,-0.014390011522931023,0.06562083944686455,-0.03007871901457302
0.05128527901432825,0.04622407873407413,-0.0207800386755252,0.04463272322080068
-0.04228372272103743,-0.01768789448873648,-0.026475805312348537,-0.04092673843024964
0.02813833695335064,0.04963210436967844,-0.024064387275638185,0.05677916150902433
-0.00204274629038977,-0.007520902555226454,0.04263263821287683,0.005108965536888452
-0.05405207262606675,-0.08108336459099655,-0.08446087652228773,-0.04412460318372984
0.01654884571090749,0.04975543378685121,-0.057898921000518445,-0.008873914163639734
-0.014475492845630447,-0.0463056120573158,0.05467504939194526,-0.02567617887389928
0.08364000040536282,0.09567904465032542,0.07276481895829454,0.07115248276479574
-0.011650239636709291,-0.035534649867459224,0.05503939414254686,0.019618998070099283
0.025273248932100444,0.03011746594068024,0.006195761068727163,0.03177098921985878
0.0071898604926349755,-0.015097247500497289,0.043078797207400474,0.0052078631083086364
0.019437777870411368,0.02590249847617241,0.12754711640906993,-0.0022858209406889803
0.049269121247383973,0.05093184236394716,0.0866771798728856,0.019152992062476292
-0.00916919061964233,-0.011013273408935709,0.02770162075738181,-0.006758109940847742
0.00791408405233392,0.04817276943217885,0.020854428493631318,-0.0040767407054559295
-0.013661355875577751,-0.008108587344023614,0.011580411041559343,0.016822431291674014
-0.02097536976387668,-0.018192894806263793,-0.010038465581097953,-0.005594929922642217
-0.03139807831991258,-0.06305095254658814,-0.08328137479063667,-0.04263765202623222
0.028396364644063254,0.05991066007740462,0.06400415510269586,0.06505075820593122
-0.0038827853779114896,-0.007506536192748704,-0.036839791089286374,0.015514291131213685
0.028460600227847604,0.019456670731928836,0.02728753098899391,0.02633422400843677
0.0007064188645799227,0.025535264548583396,0.09666945779957149,-0.013613736421111916
-0.016342031644389705,-0.019441880119972745,-0.037801017814305886,-0.024784449206636527
0.032317591735651414,0.0240763909781867,0.040002020280935593,0.05984274598885484
0.020876473572652404,-0.020923636391778425,-0.023547759980736722,0.05275732057600296
-0.016230614189883863,-0.033043077446326466,-0.10873700220740792,-0.011990772352701263
0.014049783241579395,0.02965008625035163,0.0819187203405193,0.014673736564395981
0.014897593477416612,0.008375890368087294,0.009180180665024101,0.008779616004399776
0.010264375297694979,0.013693427990572984,0.018533023597782732,0.006738171702852341
0.010291598929585342,0.02349677607155867,-0.003250973870209664,0.013294475759418433
0.023522756372814573,0.024718927258710742,0.04925154604829151,0.005146252444564062
0.015613134050265508,0.03187085683198964,-0.009971196406895207,0.003900997889277153
-0.011494309507998254,-0.03315170048759562,-0.0023199593370761967,-0.014553111194105258
-0.012147393283043798,-0.002887572229138224,-0.02305818093053759,-0.024086122319336066
0.0061245434512428925,0.03169051768451318,0.015518160889563192,0.00830283503081537
-0.0059295732618741895,0.055730332209039384,-0.005191880165631997,0.01948870742123688
0.023287675586496304,0.030105071768582344,0.01793204109959487,0.010894580130372537
-0.005795157594920061,0.0062943016431639505,-0.0069313094591098995,0.017160356772083794
0.019261591372226515,0.018509030682452045,0.00930057241369536,0.05860482866167934
-0.007483412181955954,-0.021950347197293163,0.014654934735012084,0.006155632139723796
0.006417888710396011,0.02820155891779371,-0.013037700356063059,0.015097896273594837
-0.00679681432761746,-0.03477578887149082,0.002433081947381517,-0.011603414031694572
0.004347613819044284,-0.0223283186468492,0.001659467041868106,-0.01326592064942461
0.00044001666162088844,-0.004497059575220248,-0.017736751939729612,-0.01619030104816191
-0.0009745122864417811,0.044758998348460914,0.035583725409644835,-0.0016425388459109162
0.012222673638997868,-0.007833051182295487,0.07284966703702293,0.029849020577619827
0.004618840350757945,0.0021552197084229252,-0.018588326218028427,0.0034867926346355232
0.005490051386977208,-0.006337051095726867,0.0015867839932886055,-0.011061439464342107
-0.008649490556579664,0.0001138634294002951,-0.02126741082055923,-0.01695739131827032
0.028082855413237875,0.01735842111010555,0.024320646383694,0.019604236782758567
0.005895203829284021,-0.012976084992106828,0.07004464847857836,0.0027262581483402906
0.031089582020971444,0.02700274256616394,-0.00978535494822048,0.03093403620058685
0.025402141023151463,0.03484350690193238,0.08590431690632504,-0.008161536585068402
-0.049200950916307586,-0.06284045595704786,-0.052277046427824686,-0.05335651533666006
0.00859630185143051,0.015370659287633068,-0.03937370329089697,0.018322627534360682
0.012291315715911856,0.026649732418449267,0.05776761532071402,0.017003779960529625
0.02615693875135212,-0.011539195078791552,-0.008889888882897297,0.013457560251848192
-0.0013923853541893925,0.018302087611580534,0.009787666254598352,-0.0005093538806476069
0.0003979455175205064,-0.001950772892243887,0.012196058432993926,0.00173927127356761
-0.005730929403248258,0.004680788673495663,-0.003052506049991116,0.012006821220954913
0.025827589510005102,0.028264585442315037,-0.006595797039905825,0.0017991867913986178
0.02111991418926428,-0.008088943021745395,0.007474555771254048,0.012545361691628317
-0.017809330355389567,-0.02295964243232601,-0.04171541244464825,-0.034522364113702714
0.013187931179244725,0.02718368599119558,0.025817844628587844,0.0070683260207597895
-0.03120763087631371,-0.035938566342595575,-0.02697370050614223,-0.08682617408871768
0.022785085995518598,0.004903609862323315,0.05039944763683731,0.020883685671277755
0.00831283659036792,0.03185112922397248,0.06747855280845434,0.028725901934387323
-0.001893175833203749,0.0033898020437842674,0.036213124954005624,0.04511975602879719
0.0,0.008593635176067205,0.07651403502187115,-0.017538708962920424
0.026398658026972686,0.02334142342697504,0.12645108117682743,0.028965414824121846
-0.0031077482610147394,0.0032976422404252014,0.01323965619758905,0.0024109475740921983
0.023023128906327565,0.034278009080491924,-0.017404076436543424,0.011229772940730598
0.00429106244362421,0.028276588026849122,0.020579243780394125,0.003769773665453855
0.0017476417759085638,-0.0028347863800571404,0.10241918272489342,0.0023285966426896524
-0.004623865723905308,-0.04160082926542825,-0.031294179797161696,-0.025080454946964013
0.01641283232706251,0.03179552682988819,0.013099686323903579,0.003049753121580943
0.006854161197974007,-0.014536150809521609,0.019074500672006927,0.00229161100241677
-0.012381109187865101,-0.009085656097661746,-0.029785727485036655,0.002701607234713289
-0.0020223972762160596,0.006564665096988312,0.00013329605943815782,0.004555168952550317
0.02085481485240643,0.029863952358365167,0.09049888548491682,0.013909333820120409
-0.013897760395350544,-0.017491617140500758,-0.04649333201590645,-0.015066745072724113
0.002805325324854706,0.010617820471021387,0.015167860710440668,-0.007807066258269371
-0.04658522229734263,-0.030048220302427462,-0.05105769412846385,-0.030776939901965186
-0.0024799272713569138,0.006371909050775945,-0.06559870288489437,-0.008158623474187575
0.02342378999524434,0.022022311307369567,0.08298067038819532,0.012020517242061272
-0.016564470427354677,-0.019964599681767465,-0.04185494718429495,-0.014581171118390584
0.018987467113957598,0.024177833399675008,0.01520390470417943,0.013681369282904667
0.012027448879160471,0.01408973651808971,-0.007781454581928156,0.005173200270089506
0.09956353729725322,7.068431890254574e-05,-0.038884339639871014,0.07857869582563828
0.02488524944160173,0.03658231973305138,0.03720897247565101,-0.0067638060541768885
0.00665606216986387,0.019561627151884878,0.0013458747004375454,-0.008489672251417453
0.0036179616570057227,0.005241037361542682,-0.0013323884879125765,-0.002846147827266497
0.03429457063507999,0.004310034778240387,0.0030659693985973365,0.0628513753416383
-0.022998326548443842,-0.012070155187344356,-0.025063424630081085,0.011841595549338425
0.014430240511293786,-0.0030853315842264114,-0.023781465364230404,-0.0204733983052715
-0.030191098880452055,-0.028618838208077105,-0.03163934754750347,-0.02646898292657526
0.03269392951618429,0.052972660904477546,0.12331118921207428,0.014573414427995937
0.017542837892882957,0.00024038117845816533,0.04172205380429948,0.005410574758886958
-0.000891796190926097,0.010518812709193385,0.018162259872136134,-0.00022955668349728032
-0.0026141378134842633,0.06470595630186274,0.10618769683979797,-0.0003062753439262073
0.008298255409285384,-0.006199851065702402,0.02764276800974182,0.004508105848989941
0.0012540980348329331,-0.010020879913718438,-0.0045463782503080055,0.000952365790262475
0.02194687225276402,0.00020598284455685247,0.0635722137952821,0.02415461438701997
0.050248815483783564,0.04371367268946322,0.023768211540485355,-0.007462246735782363
0.011889030963181703,0.0028934875100198524,-0.017607920006301417,0.01627086754227015
-0.008237416912481055,0.0023357979381455553,0.004527486632740915,0.03415696468520904
0.01350741057229698,0.0018023699795169292,0.0621915738853809,0.07901771946386002
-0.012026363818273208,-0.011397383286046696,0.03897652873348478,-0.03580858560640024
-0.0016212568458858587,0.040314544658772294,-0.01138789608941323,0.0014997005611381172
0.03334985103433257,0.01709911634799502,0.11839534141276628,-0.0015676742884794513
0.03905980196356373,0.033138517392674524,-0.04782238606695396,0.00761061211850529
-0.02093632727440931,0.037317006403700205,-0.060034084286439256,0.023615429740189667
-0.08344767445324763,-0.09736529501502146,-0.0945727929773044,-0.03834548477099039
0.000661576236604858,-0.03066001011052148,0.02743348445504921,-0.029243294221265006
-0.06966596837445914,-0.05785060748892633,-0.23651789445767657,-0.04178324065105133
0.03911128392718719,0.06515210987931556,0.10366923114657202,0.009396530088970905
-0.03319059175774875,-0.0322282179826684,0.013720031040026988,-0.020783012134863443
-0.013215666182260445,-0.012032529107733843,0.003709375196707332,-0.005535479781075998
0.02955888262319981,0.05655212626306589,0.11852211424147706,-0.0017269818378751404
0.0015590056099422053,0.00918306579667296,0.06936453038904387,0.023284861195900248
-0.029957914146742298,-0.03736882212655415,-0.017947393738460667,-0.03321579154170961
-0.016092277738500495,-0.004083693155319422,-0.04237854336559032,-0.0335718102239644
-0.032234315315406395,-0.022249776095843842,0.04326101937694436,-0.009027488503824396
0.0298751757039677,0.026553152538154035,0.016241895082045352,-0.017496614301819202
0.015593515679974137,0.009580821517543754,-0.05761528541471742,0.026249288922716694
-0.04285123006700325,-0.0415221931873261,-0.10915761260898618,-0.02274937564098485
0.010216790630341272,0.0183277824032602,0.019345803747202597,0.0020458651672054023
0.03682924826864475,0.04169626663550564,0.0491842305281949,0.02097832435670643
0.02358846100555197,0.012447560506286114,0.033459528236176775,0.00781801095850837
-0.007596730525604813,0.01452762173758769,-0.005069748902601041,0.01916733441744802
0.014963440752373325,0.022780849762500405,0.023442192423042928,0.00042004715576385835
0.008426570214477838,0.006189097039742515,0.043670173422939704,0.01789896725739778
-0.03281274068740461,-0.0414091230825784,-0.07665503512528221,-0.025411095967784698
0.030326531145848507,0.04346332176445113,0.025192518630920653,0.017957649340555548
-0.029088543620543268,0.006866717327417425,-0.02787018407731412,-0.022894210602628497
0.01682474083649858,0.016426276685987673,0.026977120398229415,-0.0020896340663352077
-0.0009561166450014522,-0.009009954698291892,0.0014567215247855486,0.021615064082175693
0.01724606055218939,-0.005507132331646914,0.018793074176697643,0.0026127300687378663
0.061584715477633445,0.03310558640299428,0.018943822515122916,0.04184231278780968
-0.026885361519156884,0.0015627985568027053,0.009786884708723409,0.0014134352016167142
0.0007428583742804194,-0.010796142249119864,0.032273287618783654,-0.01576806472721351
-0.003968737441516016,-0.008925751156967832,-0.02729299577407529,-0.018940484106681154
-0.014099268107024951,-0.011410643556948282,-0.020731092265373598,-0.002966168659776925
-0.025873802224519807,-0.02297832913956773,-0.020310891071385614,-0.017181518006863978
0.013105614012207535,0.01088674482194212,-0.020850455371877373,0.023292015682316602
-0.00546128069196152,-0.008888571826279034,0.0016576578966101716,0.0408996635496804
-0.009629449572788275,-0.012181326859733966,0.007425427859397711,-0.002190913631317041
-0.00615273071358283,0.01701259724293755,-0.01219258008931434,0.023699527704522484
8.681764267007843e-05,-0.033596468301142574,-0.0008324460631960825,-0.02733755459003132
0.013382460832623323,0.019256181069694192,0.010414737676610572,0.0220565186575355
-0.04741896361684497,-0.059174855552459715,-0.04493353448533056,-0.056716251040848084
0.03638052845725685,0.030956339441798444,0.011777078527549948,0.047994496662591604
-0.057648242336820324,-0.038348756738515254,-0.05707106115006527,-0.06517699003994967
-0.0008270329596843423,0.0037228872920728917,0.03163027338080621,-0.0066734863276651235
0.015236941745359698,0.034280199361179396,0.05675891678442002,0.014962068718269035
0.040024766641423785,0.0578036129201603,-0.0069123197353376745,0.0799444806883749
0.034878353408161956,0.026169419586592288,0.03983908014025376,0.025084550246727545
-0.001136779431568631,0.027994268872899075,-0.018755444602258167,-0.004319039416331632
-0.020170027333692647,-0.06608721256322075,-0.020418708541599162,-0.05118385627365064
-0.0030134380567851085,-0.06522936390120976,-0.026215382510501505,-0.023005424023063756
0.02990120085104473,0.049498553330483266,0.016363110813065698,0.014756778410164413
-0.0023460775600952404,0.002883520310361773,-0.012957330573612593,-0.005076521584642108
0.00041936274847026233,-0.011942615671475046,-0.007948653293047676,0.006775237941493826
0.008682574162901368,0.016280432824084614,-0.0010042223136041864,0.007231323986415381
-0.007593276757793962,-0.0069050337356174355,0.07893944622909929,-0.01429720185387201
-0.011456459433519021,0.00048442010987151147,0.09709745318946535,-0.011079674085459746
0.005154631964961628,0.0008558194747645635,0.025622441945055478,0.003560397672352502
-0.011017863439026974,-0.02657735306470101,-0.019537882465358328,-0.011941686031986016
-0.030193843216653398,0.003984454560445626,0.06377098448424992,-0.0047201345238488835
0.011527406256366737,-0.013966839477308665,0.0622723727366544,0.031138800090765053
0.007439559835882101,0.0211519648109321,0.03297682427747412,-0.004814835662441968
0.0048147341237509324,0.0019999662205749786,0.02028074420821668,0.008023224552497802
0.020880082638030546,0.010520669953078099,-0.03149318478843732,-0.003028363260628043
0.030361753984587663,-0.0008586522159640701,0.029784568093447848,0.0340040477801576
0.0029291934103734133,0.011472244139320471,-0.02763741793314288,0.0033793316846625642
-0.001138040534580888,-0.01072888827633924,0.04227093212295058,-0.019917311770237266
-0.005628404342890986,0.01203912209999502,0.009493325730045684,-0.00765734344847826
0.01219529876185748,0.0035706642159144607,0.068886056292822,0.02080442553300672
0.005077929137475167,-0.019049439902013507,0.012573321033348567,-0.007662870260176498
-0.021125260602780725,-0.03190826489233294,-0.07241913725041024,-0.019525975700890534
0.011917493240560425,0.0032042999500002476,0.03668958724599977,-0.0028829784547456383
-0.006757502947117409,0.003155554591615255,-0.027615591895456065,-0.012965995538446635
-0.005159990293442985,0.022453676755400363,0.04775997018342951,0.002336963038851799
0.04887608456884965,0.0038807566906961773,-0.010337277993335172,0.004947861167177815
-0.0005475311028504454,-0.008871072480434528,-0.016688013184044656,0.0004353372735700077
0.006939266841425011,0.007429462269646101,0.05183107739238726,-0.004325842061436072
-0.015977473978911902,-0.005204233442322813,0.05790353852575241,0.006970392949597686
0.012319150617755702,0.0045292062763042425,-0.06715493498509616,-0.013146777828739999
0.02806684937026933,-0.004058535494040485,-0.01475762913420309,-0.02111655597233961
-0.00700059170010646,-0.02046673717282577,0.00876920991536227,0.003811650703342069
0.007683119949572573,-0.0011922091834868109,0.024149533626973363,-0.002651779666781556
0.03514078808767355,-0.007241086474492966,0.0028971067347807124,0.03527190895517748
-0.013404759262427467,0.0033470843283690166,0.0034595328945027123,-0.0007945584773094116
-0.008563174332901644,0.015524189582167468,0.04232058232357712,-0.017899055718739298
-0.007732053900040079,-0.006927216077468578,0.015552413007484785,0.004733965851708019
-0.02503018071329565,0.004470931692788723,0.03358173995604568,-0.015569595351505483
0.01228776455621912,0.02196689805618186,0.007290726849836652,0.007519796583834777
-0.03424077218109842,-0.06076219552496353,0.027994766442436515,-0.028676014608627426
0.03355395946096803,0.05621955523190155,0.07644846869014829,0.02041223195860424
0.00859409554702883,-0.00505216100684107,0.07548123816080572,-0.004363035839861095
-0.023523205841559397,0.025634949751784764,-0.08144231364811663,-0.040928136948165494
-0.001396469674150689,-0.010089946061527123,0.046075003355075396,-0.022641652199027563
0.016096297793472932,0.0034794149393669576,0.00583390055163722,0.002188106565407231
-0.015242749094888944,-0.02480305079607642,-0.011074621019438693,-0.024132489575333663
-0.013825686430839654,-0.02615270880379836,-0.02254816438492551,0.02301912045328073
0.005412450742948467,0.012806963319114658,0.022015499815695144,0.03801733441047849
0.032327742409550844,0.02580549172247423,0.00696170884124915,0.024141433183581827
0.036002656761995704,0.03685256295334004,-0.006440854103183227,0.01995043265293662
0.01594578991071052,-0.011240165741450437,0.0019507385857471659,0.005955887394386462
0.027307666781248158,-0.004330408605816398,0.039555086200732226,0.01270580949707485
0.0016778780478737983,-0.016095655489007266,0.002596544878530684,0.014427173758837347
-0.007713471401881479,-0.03927943802147748,-0.021669174678462418,-0.035767452951684896
-0.03561213685371907,0.010262322731952956,-0.033811459334112025,-0.02658683377023591
-0.03813875910281023,-0.004704122583567601,-0.051455133708131096,-0.0254920149562439
0.016385463781061184,0.018855326843299124,0.05668432585298431,0.014144678285688925
0.006316548214195392,0.023868651421394712,0.03851924269165984,0.01916543303044266
-0.007808604408157605,-0.0019382211082228876,-0.020956118951172036,-0.0016110106321327092
0.02543153755504873,0.009836665157618657,-0.005514295631595512,-0.0006003263726505948
-0.0031027573393245895,-0.00537521865306059,0.002631883215661463,0.006023475139177332
0.0010960087115435492,0.06050772513063001,0.013044842106937113,-0.005685826531925987
-0.006595410558461614,-0.012228991740964009,-0.016300455142510474,0.010708470180180027
-0.004568829787790986,0.034522345929478275,-0.053982110546516617,0.008941040791775406
-0.0019221943667249543,0.03241970119559648,0.008462878423046197,-0.0054583060417226536
0.0017747670426898178,-0.019165026186266896,0.005479859012751231,0.00040657616746595074
-0.01623493759738273,0.0243645000021906,-0.024685864957400334,0.012746331623596441
-0.017801630540437034,-0.028064257957521765,0.0024209343993348833,-0.0014608400522460642
-0.00867414385325664,-0.0051789922273124,-0.01358555824881115,-0.015397415038697604
0.0012324489930935689,0.006553244985789208,-0.007751801260508434,-0.029496595881252922
-0.030251744008839704,-0.038987460457204505,-0.08937612559287707,-0.0047136681502359026
-0.001111797451173849,-0.015001432796151952,-0.022161184525391956,0.021020019959407745
-0.004060265454749094,0.02493060996842754,0.059954347975619646,-0.005847438256284872
-0.035401984473921864,-0.08575194557293218,-0.08402401628244031,-0.03707546012886132
0.0022290282416997475,0.03012590871434219,-0.009898985904473094,0.011438253189161564
0.05245135694945335,0.00923565665500203,0.061615106636751404,0.027904845523887285
-0.02111490981305843,-0.031968186546983565,-0.04554943930628858,-0.022561848112719753
-0.024760838289682247,-0.04590483580176585,-0.04963546753524194,-0.013958303604855194
-0.015938197905282527,-0.03452202477302233,-0.04984401019282242,0.008693383752320854
0.010681187370534364,0.0073496435165360365,-0.038532236280417013,0.025445664728471415
-0.04256680897459224,-0.07222078347172062,-0.06022747806878096,-0.03453055788097993
0.03984526797678371,0.07726923283173573,0.17932714140524914,0.04003994064510798
-0.00920890872702878,-0.004161854055146899,-0.008228833280182691,-0.003166013980943713
0.016367942137214268,0.0412638279430161,0.046130766690605556,0.03333771839451253
-0.007654732289581186,-0.010638475721133618,-0.008425900400429927,-0.020211709791306674
0.024162781289611142,0.025742930917093544,0.02027649657712341,0.019736899789225444
0.012662240218819584,0.007552194629551538,-0.04486533694757771,0.019999349598833628
-0.006471450801145268,0.003754744415081381,0.03616869761350537,0.016794717616554322
-0.034493155173384464,-0.047488795909984734,-0.07184055905976201,-0.019160460190117048
-0.004490257836666845,0.009641157396079708,0.002614584056873359,0.04041102260003289
0.0279417863119547,0.026161566645152654,0.02284097771296026,0.011753956319281415
-0.006912817055426031,-0.008797780859984493,-0.011770465503008509,-0.00996278610593462
-0.020196132430792386,-0.0332731543670357,-0.04935894253519092,-0.0296477755137127
0.004154980749966319,-0.008558950044450436,0.015929083234572167,-0.012123986165478646
0.005128320197448648,0.023962231951860112,-0.034440713289359076,0.015238225737342176
0.0014838315610615264,0.008453652078530532,-0.012065159218404247,0.027186710324750934
-0.012350396901205396,-0.005925478952496539,0.039029424523405194,-0.009743800086468532
0.018591801374853417,0.03635034803889655,0.04958242699342897,0.022420389476921473
0.006934492707691171,0.03413423890769061,-0.00929552576717066,0.013924720619842429
0.02330356827742486,0.01264439998366621,0.043324388497766333,0.03374449628391857
0.0024593260167376342,-0.009048969931466793,0.0008244361718844317,-0.00861575051218687
0.013301497556619066,0.020140009695410424,-0.03031223705748461,0.022056392615763473
0.019051185515357314,0.012192384384579577,0.018941076007001657,-0.0002237109549836179
0.020049110252435668,0.0057806311870305625,-0.009964638245883383,-0.0017907041223666988
-0.013321251843426848,0.054659136518092025,0.03620406408291566,-0.0029485399483017327
0.024015574824259162,0.03046679120613292,0.0824615371588125,-0.005730047175694193
-0.018014303792239516,-0.02600558829252571,-0.04027179907894094,-0.02265911115383624
0.018534975877588556,0.05478179030924748,0.009000306677510112,0.016376597433415744
-0.002530637896193436,-0.014025362216843954,0.001257911412789418,-0.005342324831904866
0.005055468743997505,-0.035224415674163574,-0.034587909254449344,-0.012951391791042573
-0.012912922872903377,-0.012478306652723953,0.006082481415169929,0.0013554892287576316
0.0029258123024969275,0.012397021070787086,0.03435484924604316,-0.00390639418056934
-0.011754371131395361,-0.033782595898909744,-0.03338171795091616,-0.016556081809134694
0.01787766486108657,0.02756236748051471,0.01340170287553078,0.015427676325035557
0.002973571454181509,0.013840615146985785,0.011992516455123612,0.00632258590278222
-0.0024524732322846413,-0.00623787571465495,-0.046385859854230695,0.0017475365865986757
-0.006045266923658469,-0.00684957210286976,-0.014780794025162398,0.011561161291762963
-0.0007492264640391726,0.0031370341923817806,-0.02537683713134589,0.07043325915558404
-0.015249009531308486,-0.020785737499977322,0.04680461290993818,-0.013535494716082135
0.008181708293129981,-0.011576244146298322,-0.035203052789871174,-0.007720220562004871
-0.03602660441072708,-0.03327004723730402,-0.016636360929421883,-0.013168229939243178
0.0019535751770627077,0.007445228513132124,-0.003956776807325818,-0.010546597212812394
0.012721284891859135,0.004451115476132585,-0.011090612633393284,0.015747144154356945
0.0053132533309161985,0.019721002616577842,0.013219694470214068,-0.0029415345794241102
-0.0261436033288572,-0.037592976832490854,-0.0666139869184463,-0.04195474299472858
-0.007437637554393742,0.0028350414403228706,-0.019001672485714396,0.001828351172824382
-0.025254776837638594,-0.03903965131127494,-0.04525703659502106,-0.013068960485398162
0.017761093181109914,-0.006800918054073105,-0.03133918628539079,0.00891733608991575
0.019650336415400493,0.04140960216619364,0.031084853734470938,0.03438842168542301
-0.009301667860386786,-0.005456171782017913,-0.02213414578006038,-0.0015204145283164413
-0.011309382349176571,-0.010627768950842132,0.0018013224952045325,-0.01758876332567293
-0.0012825563835367959,0.0035611359308145496,-0.025252562795766022,0.011643374231449772
0.020794425656073683,0.038134392592024585,0.040553601408475165,0.015881234951536018
-0.014877029036525229,0.025622747950446587,-0.010105809239520404,-0.007497735514838893
0.013226081220200393,0.040539855963860685,0.04306162202970284,0.026216082842407555
-0.0015746140522392863,0.0022873273721992974,-0.002889839951081735,0.009687028950258006
-0.00039427239888730484,0.0033336759772731226,0.023599290742317446,-0.0003966110734256457
-0.012453980042015528,-0.01359528966316331,0.018752900206065234,0.015415116922093417
-0.005362193151581092,0.04768883420426246,-0.008964584890580543,-0.01215464708994594
-0.0026518048175792853,0.0012304995050728214,-0.002113500469111133,0.0012160508407956297
0.0062565556664488185,0.031098382400395704,-0.030563287475861584,6.0553492581410686e-05
-0.012228681867831787,0.011349199822966494,-0.05482031154624074,-0.009493408527694454
0.018843461849052695,0.035229972970788996,0.04473860632554917,0.013132493502972234
7.944345361695154e-05,0.0023154116840852783,0.010098272085864791,0.01868324839087794
0.006649770333937333,-0.009237028443060019,-0.0025481655598922595,-0.00865338642348727
0.003072542548498468,-0.00544357256902118,-0.008000903407653626,-0.010332497337103645
-0.008055828647047797,0.003837922247970558,0.018761400839628444,0.00666947790846249
0.009784557274996206,0.02270985517395683,-0.00037708912038201647,-0.0036158544401961074
0.024280964813103396,0.010797013007526106,0.012708130416930218,0.016496653681265943
-0.006458246729462657,-0.012860657315077998,-0.03012429716067012,-5.9457324522865676e-05
0.003925951579537945,0.0012219314834092004,0.009151155788618984,-0.01698069466955355
0.012522065216690102,0.046460777902416074,0.0192069740346885,0.016267936297029224
-0.0101429057019937,-0.0009922521804899057,0.010823457790850165,-0.020566316515560863
0.014005171262292317,-0.011412047121077122,-0.003986737073227676,0.007946372163242293
0.01261852028653732,0.024629893543237476,0.004628256702323586,0.02008054907793402
-0.002091787319172011,0.008986909310849967,0.051343820984031875,0.004590713321026476
-0.0021715479190322546,0.007749284964103866,0.03479874196476401,0.007575746440795738
-0.0022512321038179964,-0.009127250871329139,-0.011763228305736152,-0.005288223613288275
0.012467833903972209,0.04891279039905779,0.02476994196174637,0.04095209969886973
0.011434793079838513,0.0020867920886576724,-0.011624991064809973,-0.010600250832076254
0.004610343496202769,-0.0012116210299967063,-0.0015582931945795787,-0.011949938200306135
0.0022610523036720735,0.01041909721726528,-0.00262225819371756,0.019029300239042878
0.01940674943830643,0.013514080995421486,0.001444593124038416,0.0008744480604181657
0.014611136470260818,0.0102708351435803,-0.028870583198134143,-0.005427842440398177
0.017796198273779523,-0.01591232148492433,-0.02289574720602526,-0.006512506531460012
-0.009242440387662693,-0.023291216513890725,0.01257859403128338,-0.013905453035499227
0.012970619746043757,0.007383925395239506,0.006321812249024031,0.013705703914815202
-0.004212511190115974,0.022792714894962,0.042832279170544656,0.007788757340313996
0.007858333293124416,-0.012879751056299436,-0.02534398967789286,-0.0030344086794453543
0.023814359168593233,-0.020378978522979374,-0.02293732311171139,-0.012748099611083266
-0.00450214440916749,-0.04511488853189678,-0.004263873629526309,-0.009160744473701002
-0.014175975278948993,-0.04338433690419456,-0.009854715165981626,-0.009626450139757915
-0.027283192235240096,0.03350253879400464,0.003099673103658058,-0.012417013835211335
0.025642566808767253,-0.00897259696152394,0.021857165705963834,0.013881670544209428
-0.005144909898410593,0.041982099361922265,-0.007919294852611359,0.013287224883933007
0.00958241377006223,0.009434655087028999,-0.00924460786068585,0.014224025298209125
0.011917827426541629,-0.0018389647334471923,-0.009097683584931696,0.05160796200567627
0.00289045250892233,-0.013590176157229395,0.02189168871378688,0.007194345095083545
-0.015012638549528435,-0.004467336128677994,-0.019718078031379437,-0.012563166693646361
-0.012271046357991627,0.01524149369236457,0.0034062276545409947,0.01476219829550508
0.00454228704640034,0.008119221403396583,0.04587275846182932,-0.04090225562870105
0.0015092363227847572,-0.008324401943139262,0.014437208664382839,-0.005653458063239963
-0.0023336516968997445,0.012790356193839395,0.03217472594711166,-0.012283872476319622
0.01256493543250956,0.003285944470015395,9.862134908657855e-05,-0.0020194458834275186
-0.0027859157456819324,0.02289983981578301,0.001661168327351945,0.021629795740150396
0.0007482288959130822,0.017746251573757078,0.005205072568156722,0.01122065839463543
-0.004778577364746267,-0.013218614788533785,-0.021971130346089583,0.0014867102316135164
-0.00034243138801609297,-0.0034924467372130065,0.02075293960905606,-0.005240657434553326
-0.0033594520364623455,-0.017847389069534807,-0.005295892009324611,-0.001328179065408282
0.001784083174332082,-0.011959147698090231,-0.003061037245157465,-0.0032450010660677944
0.02056040734922516,0.010403132528776395,0.020181504916966016,0.007445047746541865
0.0014094897409417538,0.0141171841184284,-0.0070584091033222005,0.0014604132533759787
0.013456927860254155,-0.01185890523663153,-0.04418754471286682,0.009263770168413666
-0.006173118888139206,-0.024971122498737668,-0.03027123516946714,-0.0223730149534569
-0.025831943573923297,-0.021716218354765525,0.03437259258571844,-0.008404711278933604
0.0023205330819532763,0.0390390865407154,-0.022783267048393844,-0.0009288975122717625
0.010105482894522651,0.050141052210456394,0.010031571629142592,0.01189677032498596
0.010204886435045262,0.05340930337702109,0.03756503320848795,0.011014130168132016
-0.0006009005759253207,-0.007542650694672422,0.0030958501857263057,0.005927016941171354
-0.008457269330815692,0.019089085665904712,0.0038177489873267093,0.007848686533747491
-0.005542477946928949,-0.0065491923204486525,-0.014217568331421088,-0.010945001745607686
0.007158685256528648,0.025412711500832068,0.015229452832627683,0.022388686846160112
0.02996393092752664,0.0022947881504103967,0.026324794631827943,0.02132076167791166
-0.008460305979092936,-0.013268703316460502,0.0065592749200010505,-0.0033682907534386903
0.004468336926787697,0.002498620083692364,-0.002217981262751364,0.007013041692215796
0.007447423540916196,-0.0020072551129936464,-0.00231847373209337,-0.017878992159300458
0.004221430052999025,0.019762154667069806,0.0016098361025145228,0.0026079307223747807
0.015370667115058015,-0.007955133217261209,0.026035942688487673,0.015611299628672514
-0.010134900061748811,-0.014355587539721961,0.0012609548743898497,-0.012135698469886443
-0.006727453418305055,-0.007278101067362559,0.001312369553312357,0.0011382520598711451
-0.03366214146775205,0.013481525007089082,-0.024935356375548032,0.001823662036180277
0.003885854182495382,-0.01460957996081716,0.009099139444443169,-0.005773155816698338
-0.009608189081753761,0.004054746975572598,0.002003341828722264,5.293364727717869e-05
0.006124897913640177,0.0044409034313879206,0.015117058319369688,-0.006955727093179434
-0.0016118550421114377,-0.004440903431387867,0.0015335851645735571,-0.0023026013762846463
-0.018518394497588773,-0.015495646717841316,0.0032970919669145526,-0.02260947712733676
-0.021592504480873128,-0.03659755344397826,-0.03936976129858423,-0.025042175640597197
0.0034222982736575244,0.006279297516098471,0.012534643183807646,0.004991833553329525
0.016731573026295268,0.03218852404495436,0.01684451236014587,-0.04073704581493487
0.006696729310278837,0.024358000572549506,0.002258262820491851,0.007980803274286756
0.0006128468148186416,-0.017997564951442505,0.027160841972020323,0.020031485824057938
-0.010606240981895693,-0.019250389832721617,0.021677401377557137,0.0017549475192609524
-0.024088997001009086,-0.045381588260207405,-0.017592195347548873,-0.03725410203755688
0.00646215478096225,-0.008831938773268079,0.0048111864344248965,-0.0030578042421732206
-0.009355628635282526,0.00965261180348189,-0.0074897880450971975,-0.0006479367988239442
0.008094756455718461,0.0012544907544353354,-0.00033534501293734615,0.010609664536622924
-0.024913636808945223,-0.04991915345698091,0.008106673348889567,-0.0501567880721519
0.01405911649020608,0.035790115117222014,-0.0012035741082394261,0.020419566197632723
0.0062874350782579184,0.012102260424672207,0.002763320999873195,0.002040228605290727
0.009043115234638193,0.017953504588569844,0.01377889392912291,-0.01333627047930041
-0.0027253508664518873,-0.011645388853106498,-0.010284539562274665,0.002517782036627957
-0.0006297646242936353,-0.006549883779504596,0.008177997401230774,-0.014035212084957819
-0.00914493143587496,-0.0011604317679094636,0.01725061613832015,-0.005175586021384675
-0.004248820577840315,0.012881535018333962,0.006630349593761303,0.002375607359617483
0.020023788064803642,0.03781657706129999,0.008886865672994949,0.01221924074342105
0.007484347834750947,0.005319952538923316,0.02974907491710917,-0.011541666354137758
0.011737137264355844,0.016332777231849574,0.03161711443997285,0.03205840162714377
0.0149676477727538,0.003055583876348885,-0.006734486474692475,0.013771465117373706
0.0033551685485285502,-0.008424884856758845,0.0017687488821671587,0.0023207977895190342
0.0014731750458985523,0.026298994312161126,0.03205181901693134,0.003222767755904734
-0.005299061322690231,0.0014972725701187875,0.017387072543931938,-0.05183542532014088
-0.0003365577714165323,0.019176203238041218,0.11921843486746743,0.012490553454438258
0.004564538921863854,0.0648055536043814,-0.0062938149592970775,-0.0399742358342865
-0.003152470236873146,-0.010820196660937966,0.018898727534898532,-0.011432782897348169
0.02468432447404565,0.019841830494347252,0.03705562944417333,0.01494146291216754
-0.018322570462486188,0.024789503962118372,0.03374062327713504,0.02076604958945211
-0.005623023782178946,0.010117975377910333,0.08149724419582528,0.01961644124119547
0.007090788031734401,0.021981326425544196,-0.03074274797958024,-0.00577443241649084
0.009751108676775085,0.007434292046476504,0.03509368755165895,0.010732206462051709
-0.0035049132341439747,0.1137059272011179,0.01313564628546233,0.012674953696806664
0.0035759356722649366,-0.001645662861280901,-0.006378469186125081,0.015599014997377567
-0.005568221094596294,0.03474835430804639,-0.04961124617557869,-0.0073852585832321575
0.002456546986674597,-0.004783607566068354,-0.12772318728902374,-0.009643972464179688
-0.019349166341008386,-0.03986148687249287,0.04251283809069096,-0.023319012752376227
-0.00033802783958954185,0.031114047200970454,-0.0041661953768667185,0.0003051396722845067
0.014235068870695882,0.0,-0.028701065279561472,0.0393394103829137
6.653431192515583e-05,-0.012083275233359204,-0.01957254315692035,0.01937722142753035
0.006644599860266498,0.00591086437515005,0.03998366090579434,-0.013323389121497758
0.016355547850249227,-0.0316857240837733,0.031984216103858806,-0.006406135732443365
0.028136789220032685,0.07927220167059579,0.006744812791821567,-0.006122552264706789
0.01683351368041119,0.040525453901785614,0.03643213445735007,0.019328284616767406
0.002922981207744493,-0.03169329134449229,0.017272096909531555,-0.012501520155245669
0.0024191803931801993,-0.006593211012022664,-0.04223229344871564,-0.01108745782064454
0.003278029121247641,0.028812872069758196,0.006265105659810634,0.01123392217676717
-0.032191106919570806,-0.03649669159274863,-0.031013582803841335,-0.023555531486164606
0.02163781089549283,0.057754247141037635,0.04964715675134432,0.014631851777236506
0.031089598050037633,-0.021196367955592887,0.006810578672784683,-0.040972342650165236
-0.0032113845895078382,-0.0385964440098232,-0.044440653310942796,-0.04365662696561491
-0.006148929236686836,0.02174357167914639,-0.009543130353379798,-0.0006761711261740752
-0.011793600554382973,-0.04563084483815615,-0.0663521763056877,-0.011503068600637384
0.02127484361910379,-0.021604508613980417,-0.005889394805839068,0.035316170101778496
0.03483267906107031,0.07656138504655875,0.04148581070093519,0.015421179497292438
0.022527298169851915,-0.018707970482406265,0.016230761245708623,0.023724400516069843
-0.002974729941361134,-0.042884764184746606,-0.06289341727027524,-0.0022411801374226724
0.027628272750312037,-0.00962294775693565,0.013093827482800639,-0.00021226884133533798
-0.02089087540783606,-0.06983777331475288,-0.051053775924629424,0.014272198261880614
-0.00805552735150395,0.0062303090616135474,-0.008208173270999982,-0.002244770071308589
0.028110463006115412,0.07221320730475887,0.018072325435531507,0.023453951269254723
-0.04005546523269019,-0.0704502375126415,-0.051585055672323236,-0.019984118175373017
-0.006523392546364786,-0.020859222017434207,0.006076947341899706,-0.0033199020254923036
-0.008155175276722706,-0.0029538803814731186,-0.03561605979548491,-0.025303284628442235
0.018907347761543236,0.04776048934051322,0.04198665654283043,0.02653082304254922
0.015202471675311045,0.011116043795507622,0.07227140942458773,-0.01128423415071166
0.003637119137908246,0.008130122661934741,0.05602002567418564,0.01439118535569658
0.022715102483267767,0.04308656690928305,0.02493491640225287,0.03211221179147686
-0.005784017294939334,-0.02033789659808313,-0.0050128185500081576,0.00011567214546801358
0.0005018844247804301,-0.010642872556700255,-0.002096907250306926,-0.009518980199687825
-0.006599966717270023,-0.013929303183397216,-0.014699782732613053,0.00413218347305206
-0.0035414809305054753,-0.005932453503608129,-0.012749774874751605,-0.023535428974200964
0.024696662819427433,0.023853675676781563,0.1269116289226746,0.00649013701250685
-0.012772919059467045,-0.0279762833565317,-0.04273287830059682,-0.0059551520267727
-0.026959996533033558,-0.05928554660801659,-0.054953895352910696,-0.037419144699619086
-0.01683442916397396,0.020580826039577237,-0.021758379841487693,0.0252513356226475
0.0009880645622849834,-0.03359796340994469,-0.03609004895021842,-0.002017071375122564
0.00011619471294517698,0.005599404820033758,0.029890740749494566,-0.011275440804268047
0.01664439212177244,0.015104359288420835,0.005917481776156395,0.01902134983116113
0.0025669335102320562,0.0065213292530447746,0.03853754612843837,-0.003325357396154347
-0.019211325632004537,-0.0521978519192603,-0.06987655465675016,-0.020554166133387067
0.0050976252841410654,0.013715747227730184,0.017346435457551865,0.016464870798411874
-0.01907501541635029,-0.03932778338121644,-0.018364847454341894,-0.042310871587240284
-0.02124888875610749,-0.032806652389495365,-0.03441330009854252,0.00451619492440697
-0.010400950408767684,-0.03726781531094708,0.000622510083264904,-0.009526131391219286
-0.012847273867057947,-0.03265993130074595,-0.0539980722931419,-0.043219077098149435
-0.004876074814588916,-8.561034436571799e-05,-0.014835635717323473,0.018108597656694075
-0.01145020604499886,-0.045876573710039815,-0.012551567227813773,-0.028119969705295036
-0.0005634673028597388,0.019869529742476515,0.02048773822340817,-0.018562229764176402
-0.002947361804850725,-0.03703789408886798,-0.12277997465910719,3.413566232838875e-05
0.0674507167242713,0.04001950660027515,0.02059221036289143,0.023711927798577805
0.025790123386113105,0.06958814539522282,0.10145138741776683,0.03756737704365974
-0.0009729455862683381,0.006188410267185585,-0.005856643341232021,0.018157508344427486
0.00701937748223011,0.02421941440970788,-0.02786380690498853,0.01246118013962987
-0.01686104763038915,-0.05262450871518545,-0.016162405874435497,-0.3063905983471128
-0.0016806170651784285,0.015373102900169718,0.035474386816493036,-0.0028218014252674732
-0.004243652973188061,0.01667829614726944,-0.017458706575610557,-0.05273954699794002
0.018298264512627775,0.015250354139562534,0.016028052271245364,-0.021255094761466847
0.008259551493316059,0.06166422512896175,0.010787525285489406,0.052292190534326814
-0.02388160575681042,-0.033546540590362765,-0.0298952129692807,-0.01708483553781493
-0.02042574977405156,-0.07537762128985202,-0.050505215210130634,-0.03807259808595694
0.0014222601953143852,0.013190892554292932,0.018159773032297852,-0.008462059382052082
0.022888252482800048,0.08783861154194327,0.05191932445845771,0.015044674686822544
-0.0013896032027556817,0.0006035655982109811,0.0010402120327626255,-0.02038743861710735
-0.021498649280044323,-0.07860094969077759,-0.05228610180162916,-0.04163226604280233
-0.009400015644563624,-0.03593393504528071,-0.022350967561475237,-0.007490320463971876
-0.017972746189011846,-0.01071621045561376,-0.04224617718140919,-0.019988838550961893
-0.026204389534605264,-0.04382816583653176,-0.07254830168258311,-0.018126529382468847
0.01654244273675027,0.0590179753469632,0.04695367409397792,0.04507595089760035
0.012882367374368608,0.01707582547284646,0.011299945777284081,0.013777335426601608
0.0016363226997504127,0.009393909700740945,0.07211363413565586,0.002609802515159773
-0.011695904390609952,-0.03794693984253019,-0.006986492144572377,-0.036383374212781275
0.020379020984320536,0.031327882937865995,0.01779600470296842,0.02244986265119719
-0.0019831694999718225,-0.021113098755712878,-0.04724057511561311,-0.025008664723119467
-0.01857994627698545,-0.03335788013301611,-0.0011922300504741562,-0.014440724104940678
-0.02400317574913051,-0.07156241074608054,-0.04104369101185902,-0.0649985889764099
-0.011745104098291215,0.007558714304038646,0.024335419149005895,0.01493043175731251
0.03439931742402436,0.06739843312886402,0.04107819387010212,0.042239790058489185
-0.027562690819108077,-0.015589459314820002,-0.024358017786858904,-0.016713152363359858
-0.024199277488688387,-0.024935378248984064,-0.05259370365966602,-0.039710611148246706
-0.02692126223526197,-0.03546315605778365,-0.03711720154932235,-0.00523719452017762
0.02924519195516396,0.07420519138995209,0.04530634609366675,0.02852365428396736
0.028602611650458305,0.06419026152996594,0.046704219074345354,0.05865290968766975
0.0064332523889840424,0.010962020501399097,0.03665493442277862,0.02046406062358663
0.020703191153490046,0.06589756508995058,0.03803519751155836,0.04077562700032689
0.00850151671559544,0.010566720205053386,0.017268009913468576,-0.02336667360580688
0.020587071389292767,-0.007886151370613926,0.0760832835953988,0.024105385743168582
0.00819986340501194,-0.034130435402085935,0.005147863044765912,-0.014833470631002554
0.022424631972535195,0.09362773140475167,0.014714339594958641,0.02822147665025258
0.0037271526256260775,-0.01640368664078351,-0.003240181703986614,0.010195233899683988
0.005023738417526104,0.018851833249315917,0.07728050710253655,0.007947671201101585
0.018953858236163804,0.015367303224640298,0.007054913567225325,0.027656464724300837
-0.006671625190074265,-0.03429131583597574,-0.005087674440050588,-0.008782796859655027
-0.017935817370136962,-0.014697835329023804,-0.01509517416561853,-0.024390021583669635
-0.0017197400035866212,-0.021260748915011594,0.006465651918934319,0.011136027761676342
0.02341725841687777,0.023969175241415248,0.05459557817973847,0.03941730731616207
-0.019123663451715713,-0.0536430024859444,-0.048464637280470575,-0.008803327260265064
-0.018623062589859695,-0.06056904827352118,-0.042589069768463106,-0.03753141259178456
0.0018026225620753759,-0.008187000025567779,0.01093679078037125,-0.0015687657276175638
-0.01198058269689774,-0.046028204415767,-0.030510186068030958,-0.0027846324396799053
-0.025847227251462285,-0.053392291552967694,-0.049534931817513166,-0.026756924885709306
0.011457648499028965,-0.01902350028382481,0.01122853693277581,-0.010775933708160138
0.016210625239721953,0.03198824978479507,0.03525937358618668,0.003961590851820054
-0.030447289530533675,-0.04349387685446269,-0.03723709338922126,-0.02262730565926631
-0.0013318377036398473,0.024396465132310047,0.01939443951963136,0.002803245900599398
0.014016252576262588,0.018872335811877316,0.023480261839117743,0.03055747437548129
-0.001016057536916598,-0.03278672965838508,-0.05082502163771964,-0.08090963988393017
-0.0048552075443331205,-0.062374661977779675,0.03180563608534794,-0.0636012042650629
-0.028215550483270412,-0.0336573662863857,-0.003704429607069112,-0.02128076334341275
0.006714807483583125,0.019637046147102075,-0.007019222592886596,0.015521813580041106
-0.038042734719045644,-0.05760210793538343,-0.1299278575282087,-0.03283453360695799
-0.0014678571983930406,-0.02005260712698984,0.005790878918745771,-0.03372042400801762
0.044165610053465976,0.07160655610804596,-0.004548029513557434,0.16206445850969195
-0.03729162163632969,-0.06446439125379003,-0.007721957937068309,-0.025900077248367855
0.0019646025651205235,0.0517975408380013,0.03628977282780161,0.0518095160501907
0.009576884836882156,0.003526050877009444,0.006963974902024329,0.004253778780687259
0.04018945189722341,0.03666282161830341,0.04659599279666411,0.052280828072588326
-0.05732838209249566,-0.07609985666814431,-0.08695990905101429,-0.07012546269128023
0.0047158828733217485,-0.009008968540263874,-0.00877557365586079,-0.02189120012285131
-0.03375250978603322,-0.0969177790266848,-0.0951126361970946,-0.03780643611813729
0.01598369435778354,0.03734680883723196,0.016293707630266798,0.007312195138123614
-0.05323328314825248,-0.05640620561096981,-0.08615264955046516,-0.04612737541169179
-0.027262390916081944,-0.02774150797796066,-0.008207980246495447,0.013158834938640264
0.03141742537609299,0.09043659481820246,0.05555683158900242,0.03786405193899159
-0.01072957675426247,-0.02528014204544499,-0.06055559591829793,0.007124087473853409
0.025104854408891153,0.05153375624901022,0.050132289582274676,0.012814855042256908
-0.058073233907166226,-0.07059729149587726,-0.07043726926027942,-0.052587644092486036
-0.0249499423389499,0.010920994584269164,-0.0005496144580126333,-0.00495403632783348
0.0017457994201912211,-0.02543137601155285,-0.06631616117599509,0.011693620467352861
0.03933527229322597,0.012146081164210839,0.016432950581559483,0.013803140192812357
-0.019403220437392493,-0.045027755971294894,-0.07176955888757142,-0.07924444971066998
0.001139400752030501,0.04957395297614508,0.04762508488803113,0.013968488150040917
0.022934533377781584,0.05031789478035139,0.07164265445291097,0.04155513022982922
0.039948031132890374,0.0523821937105351,0.0707688185938516,0.018099573091852183
-0.00536046422078668,-0.007416771576148972,-0.0018051917677216725,-0.007665371686491352
-0.0008738325458872194,-0.01903171897951353,-0.023876273341224673,-0.026160121418009757
0.016671523970289412,0.06712792973920914,0.04571303469577831,0.052760555629033395
-0.03931858669244096,-0.045528824176066594,-0.09672413884722543,-0.041480144762452986
0.005214149334768027,0.003519530045273479,0.01591980642197778,0.01802511827460122
0.017432913387383453,0.007424733833598031,0.002542820180630796,0.007181280239908142
-0.00505601544717283,-0.014586245968452607,0.012397350726358317,0.005047261409747087
-0.0366178512605039,-0.032704287301503175,-0.008970671737446728,-0.0664388882767448
-0.03939488729676476,-0.061351917741727525,-0.0316877053198606,-0.04689795556878089
-0.03903686060228217,-0.08140347637035049,-0.07366972655880115,-0.06658730548203133
0.0066504697394492406,0.01200653041381808,0.023606322357198544,-0.003231655946278644
0.019911836575951747,0.042709626094665894,0.0533736162801124,0.033748800416922214
-0.04045895935933883,-0.0576605293485297,-0.08927688581957327,-0.05137108262728167
0.011467346184729447,0.017725455547190128,0.017029157609637507,0.017683426272127833
0.032235438901420464,0.042292023937717166,0.08942411634475682,-0.04171576483569459
-0.003834660839557469,-0.01251297224503869,-0.004015858661335937,-0.0076701355156855895
0.021344386090092655,-0.008286280864230531,-0.0043156097521520964,0.018436672303767648
0.02422134295850605,0.054044440393811746,0.04425503260828766,0.06940840102375148
0.0,-0.015119868814862047,-0.003206786761701394,-0.003945222316725776
-0.030242228991761457,-0.054014526726461405,-0.05133914578061633,-0.053379259564208865
0.012939689189787225,-0.02791715056554439,-0.018100003611393488,0.020085810992065346
-0.01819211312039811,-0.024951651677534766,-0.0177355774717728,-0.016544536138663628
0.01603526486394135,-0.042861005470527715,0.012352524133575146,-0.007594718733920773
0.01875339339451237,0.029914026851628882,0.025215114905161356,0.04973292424936934
0.009561433818805108,0.011032208791390916,-0.00573722846648063,0.009350594087071562
0.023715991930321683,0.04699444251023262,0.05380522947187794,0.014153737547246312
0.00470345509647519,-0.0012618784952750216,0.02511707828484195,-0.0076369013232775364
-0.014867556142952197,-0.04427959443821663,-0.06772231414560198,-0.047947849638351595
0.006810206716677598,-0.004630656513511312,-0.005448427397798375,0.0023915361620741224
-0.002539791264675823,0.005422147572668282,0.016890005886123306,0.0013466806109039503
0.020275624069088984,0.013623509240817842,0.005357484236889209,-0.033840493002437196
0.011384823029589678,0.025054384057621674,0.007330299130864308,0.04121419908321014
-0.02085889558525592,0.021279206936756404,0.001997430616818738,0.015244560116723543
0.026370895024004092,0.05386135740197437,0.020505045463666282,0.04986293668851701
0.013419465275946165,0.04684906573510293,0.007991447618970264,0.0407447121748373
0.014981239712431272,0.013554010572413766,0.09331246499887616,0.00043675939337536434
-0.008143896877627519,-0.04134153190609324,0.0019732780255828208,-0.07891939701568622
-0.007425445353161608,-0.017179769442834555,-0.014093787954092982,-0.01559941681444806
-0.008865552186083744,-0.029265964657476006,-0.0363152186530825,-0.04604856944314887
0.033661597275475,0.07327818089230918,0.05982904612856656,0.06347752592846206
0.003565384182668546,0.010845919080401709,0.021882347827174065,-0.05366099522950132
0.032266685278185,0.009904104514543911,0.056238328890716484,-0.010130818108490059
-0.006172431015095607,0.015189894346851151,0.0004262206792024022,0.0052032512622801775
-0.009330626664733978,0.0045985085546642315,0.011072869479979633,0.0016243254565940165
0.03753423953453491,0.01961657585670099,0.022402858626649376,0.05235412295276452
-0.0019279887363934615,0.016899584515464614,0.004014952135593356,0.010431140717936369
-0.001389946249571726,-0.011831385000291189,-0.0686033118290163,-0.020493494226823124
-0.0029072002553047517,-0.0650547256387892,0.007789020718917544,0.018615599906675905
0.00030334178625344245,-0.04054579894438923,-0.0247155543645267,-0.010154149474510854
0.025857347167554265,0.05748690664669994,0.03816806100817755,0.05657813243161223
-0.004441505481484921,-0.008601941151168977,-0.026599955270312264,-0.004777670381567367
0.02119936207483872,0.04186036802991469,0.045690263130780645,0.016816561078613367
0.006313521392490697,0.017117183357422988,0.030493897831355556,0.0021582465743691976
-0.0009244318284830352,-0.008071659558370468,-0.008952025876518947,-0.00788091989550478
0.008746321173234926,-0.029238234588401378,-0.008407578354357605,-0.02607970494568063
-0.0022943320918905235,0.023607734499684462,-0.0037131047703819653,-0.001087158647423058
-0.015217175238776493,-0.050471977696617584,-0.02069451464936621,-0.039115437473242955
-0.0232984692967471,-0.04673620319674344,-0.023027123255798403,-0.029668743370153162
-0.002031227187744149,0.008592826140263004,0.02230781558771273,-0.011969741088420518
0.0017923806236519381,0.002383371996498268,0.0021677745650455194,0.013256540451977977
0.014812446699651005,0.039339169660608825,-0.0034616690754643124,0.033252081426768706
-0.03842833753383303,-0.09681859798111415,-0.02732301898385137,-0.04235852213359856
-0.01378460361776852,-0.02863503712339601,-0.011415491099770154,-0.016264659812195194
-0.015423805209241638,-0.021299676388542403,-0.02531598923616216,-0.012708352817574736
-0.01069197809157192,-0.024476279829863997,-0.007554668468041173,0.036056231857534045
0.004695622695984067,-0.0797501041487685,0.005608200169827373,0.014804489359846159
-0.01370473286292449,-0.021027277750491197,-0.025395567131662106,-0.030953322181344976
-0.008248927920327057,-0.01342618236490597,0.015460425583855752,-0.011164913213014915
0.00921155207023524,0.018620783094607844,0.03325755641840769,0.011601367981637599
-0.009664476577092225,0.019925375798721213,0.019408586563541073,0.010358389298457176
0.01866446402444842,0.02798226888566473,0.035389242849343666,0.04281923064316267
0.03778488993901727,0.008168467843802612,0.015693156705112052,-0.001123814150615807
-0.060471436736932026,-0.09951760058284509,-0.041209445573060305,-0.0983748584228197
0.009509978914389351,-0.0002283761108441407,0.035245873940170286,-0.010899477831851703
-0.019111470402055346,-0.015274550273701665,0.0037601953268899466,-0.012756863722294055
-0.011020529614060857,0.020592340310760026,-0.0013177201460770078,-0.02203984912505284
0.024773388203177222,0.013845339171281163,0.018680537647816527,0.011756396000123744
0.015544174835422395,-0.015513615990695253,-0.001100668054834369,-0.01312467430552004
-0.020475839223565905,0.006430387189391904,-0.026021592607865372,-0.027550878005348566
-0.006395744851933712,-0.054230553348734965,-0.041438568478665415,0.004913324710535472
-0.015239472382479307,-0.003589092979169674,-0.04703665354268194,-0.01701838422603577
0.002258024894588455,-0.023279394074763277,0.0024668028538151034,-0.029194945661572602
0.0065449429454607745,0.015016099583728322,0.024797737333229056,-0.01455150486851502
-0.012732465043319926,0.025688279493436723,0.017065662059063912,0.052256334532619665
-0.05036642648651836,-0.041358702674766726,-0.07053030781738932,-0.0374115562612292
-0.030499855630780174,-0.006650667697553062,-0.011097446407076914,-0.005366023522166509
0.0302891516612828,0.03026495786431079,-0.09008354847845335,0.02136513728105254
0.025300460807618358,0.051025380411637566,0.02862918608137619,0.011976088023368432
0.0020510229225172124,0.003184678940709162,-0.035210184423729626,-0.009310341193673424
-0.006647733422870915,-0.005998653633209166,-0.011191467132615623,0.0006475520679364546
-0.03740976316277652,-0.08367962191773232,-0.06533110715825653,-0.041250694593195
0.002353047512419451,-0.034198783503894936,-0.0004932430962923407,0.0025444454143943593
-0.010307943436275864,-0.007223889889790314,-0.02940186584357689,-0.04003115307256997
-0.004615649622445595,-0.007450069566106447,0.003412211010253521,-0.008123746358925044
0.03306060763625699,0.03922036184314756,0.02041257160441261,0.02164634213566798
-0.03277148350526301,-0.06324610931201213,-0.07845410579918498,-0.0274671078354048
0.028706899097714175,0.05720781604317643,0.06770743117966126,0.055842587357107835
0.00936512527833717,0.0066234527211248805,0.003822165646732409,-0.009294039857123996
0.0007649863007056509,0.006994859409738722,0.008366694500343838,0.0032327146542339307
-0.0032725690111503696,0.01179630504484469,-0.06878698522005931,-0.012841913340917723
0.02669977626603515,0.02206097673608791,0.03395945997966481,-0.011623582041091148
0.01469417560709906,0.010612433724778967,-0.014987724107085643,-0.0022331535218431523
0.019153072845816063,0.05120993678101127,0.051525211920993325,0.058318329560735856
-0.019822470694458336,-0.02791028606262137,0.009931639962148882,-0.0575474476449507
-0.030939016419355155,0.02147989887322932,0.0020011878357876823,-0.28179411095583995
0.07283442919672672,0.04873237955980359,0.015123446596271723,0.012782984430937332
-0.015530213350776314,-0.024662009765470262,-0.004297734947231046,-0.06281960352141754
-0.017698506499996346,0.0034024179994682664,0.0012298580156588981,0.021661505624566837
-0.03801865848783962,-0.024214643855095006,-0.05801089494975556,-0.05018806321091531
-0.043330237641842066,0.015165460237456503,0.0015338580999043428,-0.018167220161087298
-0.001949310065200447,0.05331792072643279,-0.03709208198225607,0.02092455278937637
0.0038947161120217537,0.01019101010051546,-0.05137700982212229,0.06327106223282852
0.0041663782655495555,0.020829103675163503,-0.029766854567743133,-0.0025881385460063545
-0.033753291840257965,-0.058230658236988635,-0.07436539035358274,0.050531099517380794
0.0852366219375026,0.13391246509220978,0.07132888823212645,0.09757437634138746
0.019085378997908832,0.03597981317424919,0.027155202242509627,0.010227233109502331
-0.009530981840930888,-0.0019619553807349527,-0.02594999483044167,0.010561638595998006
0.011799557662651736,0.0225125067045342,0.018009160285334423,0.024730977564247174
-0.00836610755015911,-0.04642291424817031,-0.03934004993858786,-0.03343611257988456
0.01288808374191616,-0.01475303555289401,-0.020266034660649707,-0.01584518713639211
0.0037746174298098423,-0.017243078181728152,-0.016402810087859467,0.005369150112864065
-0.021918539233340393,-0.005988390971634825,-0.07082202204033466,-0.01973846773452704
0.014554571277600998,0.045997571480826685,0.012079065403443036,0.014279553749229257
0.005908785913522818,0.029550296456890904,0.07530952893106566,0.007153028126887834
-0.01978807730363497,-0.015188342784352176,-0.0018575995078746789,-0.007422161046428678
-0.02661517804031983,-0.02760553073032204,0.00032805270562665304,-0.023889717031921186
-0.021375287257539462,-0.01194966281902436,-0.011491515256992131,0.006231693903672664
0.047450194087423146,0.07916176171277635,0.07390252318127676,0.0759724519655067
0.001889673582962685,0.0124496355783793,0.0,0.019620088375917877
-0.0033768213610840397,-0.01523083446314359,0.0008214584254523483,0.025008486501488084
-0.00801536863087051,-0.01588750269801401,-0.06580520897353867,-0.008620773503181233
-0.025697438842172144,-0.038229017678741324,-0.01451975486845227,-0.07028888854347017
-0.013880657254472122,0.008284987088060167,-0.03267127201155782,-0.0016663845561774157
0.012059719886355763,0.06304453292760916,-0.003453386948248274,0.012213427229640363
-0.0034408057804327014,-0.009833205973851403,0.03183338116095202,0.00493027802914308
0.016257025779259242,0.030926642953708273,-0.06477309340338366,-0.010320665727302543
0.006759406743177799,0.030164909112330822,-0.04179828130131225,0.046333709647302324
-0.015657503268107918,-0.0222690743473106,-0.02612261140486262,0.011913827617670859
-0.04798745800095201,-0.041709044151817164,0.005533102257132837,-0.0457722858159798
-0.014686150185290391,-0.02273139575564176,-0.04833680500131505,0.027847987477786298
-0.016037685938481715,-0.01931525118327488,-0.0023992055582815475,-0.04233018520232696
-0.000529181526001505,-0.010451720860383738,-0.08396483835074355,0.02254265175090398
0.0235307127022913,0.025533716971895912,-0.0016704490129968075,0.022546913942806404
-0.024059470931622896,-0.07302244559453015,-0.09302311928148893,-0.022290769234420256
-0.002802122409215321,-0.00870854345937373,-0.017706675474399133,0.007824544690798973
-0.01397567681377666,-0.07402685960084444,-0.12113825810398889,-0.009875804947944098
-0.031165867977326792,-0.006037728243286062,0.032553261278161744,-0.010838895573193858
0.027930579414842543,0.03960140794805082,0.07772640277207259,0.039347076772891405
0.0024657203879645453,0.0007532361374890007,0.011102159833173808,0.0006650608510532564
-0.0381220241177987,-0.020672317344994407,-0.13058999220665155,0.035910424111970936
0.01026144141602984,0.02986746243999288,0.04997884108534127,0.020864833888878553
-0.010661349264639521,-0.033366113538893606,-0.02946907696009933,-0.003381695689586652
0.036133301373530775,0.04079671541093207,0.02435215499827936,0.02397378543851097
0.004080613619371883,0.050458311933048755,0.057654579278002493,-0.004239429763273092
0.004446620219279712,0.017820794812378995,-0.007711027963739906,0.026824922164137465
0.02089249216758913,0.005766156109563906,0.036109204525613114,-0.0007522687422027793
-0.0005996925042158599,0.03137560678906884,0.00275546279838757,0.02834037865672391
0.010068300486299576,0.023227817044303555,-0.009432465746951967,0.0019729298397176635
0.00871842886972549,0.04642301703676648,0.07163646233055776,-0.011897073325238454
-0.005384348006796024,-0.018530028515633422,-0.020825332244057446,-0.017438384553125272
0.0004434150643932591,-0.035854223526392996,-0.012580752996881307,0.023257672767548154
0.019038398894488225,0.062093831775895746,0.04797727392320426,0.023375072689951086
0.023228369257262068,0.07315878916511183,0.07457364612008015,0.027598773847895854
0.010012958039642307,0.003744056052020639,0.0009734348560736818,-0.0009078602046428834
-0.004711945940034707,0.0030061528636332294,0.0037457958683397114,-0.01152343752093351
0.014694671370878909,0.02448682443640823,0.1040650092615062,0.04017159391598246
0.013591654779053474,0.028034705518970086,0.10436164069972145,0.029697292597389274
-0.020282229415166483,-0.060888535746862295,-0.06526572943550507,-0.03132793149276888
0.008980304300540915,0.01938117314918143,0.03860663902242871,0.012904059088435055
0.007869722317010074,0.0694941750080585,0.046197213190127824,0.027477221312185388
0.03639252838162813,0.03592226048509224,0.03711744228973266,0.20930752686438453
0.024106913183877428,-0.028453812571841302,0.009041655543147504,-0.011937290807845573
-0.018091514548739494,-0.0005212739205148123,0.024849222136681733,-0.002522874524356998
0.019061892523136226,0.050123657645167796,0.010470780820742525,0.029444882225651035
-0.017810483503720307,0.001442196697952732,0.02250783702828191,-0.04368115934624013
-0.006935350093888792,0.005926831216075642,0.029516907690852447,-0.030499144028695958
0.0024530676426762366,-0.04918213154671906,-0.05161833459581209,-0.021416846586462084
0.01863200413507264,0.024297138907927895,-0.011493498714308886,0.029868097166418694
-0.004233734880239427,0.05287336788395582,0.07237801403011461,0.00027859692394445386
0.013807499938324181,-0.009052442484555417,0.023567198213512965,-0.013010272743623423
-0.010484154756452918,-0.03404687080197328,-0.058631243213632354,-0.027004160134902297
-0.007575283758342091,-0.02830329658231209,0.030561678706295534,0.00254842358326955
-0.027042295005412335,-0.03487259411129434,-0.05394722804913025,-0.004638176372308374
0.0028918221452650106,0.004781504614356362,0.017528035977254008,-0.00559444838716555
0.0032851699595370983,0.13121592253073852,0.006006057267467943,0.005361884509704819
-0.01816928383747562,-0.016102587867144563,-0.02601977738759486,-0.009637042774404572
0.008213826178368206,0.009190481454699376,0.05316324215501689,-0.005001053211944674
-0.003453759778443324,-0.012201232478939906,-0.009290230436857878,0.03135418504961769
-0.014348504903948145,-0.022564808143195315,-0.014395089751065829,-0.008726652793952886
0.004120699711844477,0.026777309680120886,-0.060322654091468045,0.006380289177885052
0.03448832487579434,0.02440579793333326,0.03545612908951283,0.059609479534649665
0.018369971061050084,-0.014164137224843672,-0.02032754273314496,-0.001891042857889058
-0.014602997753078792,-0.0111876980618962,-0.03198003067013721,-0.0021115569063402334
0.008342397686992643,0.03762890844978725,-0.03089156736881823,0.002490001785155398
-0.015026842989827333,-0.031293894220311286,-0.05117763786639216,-0.01789160004892939
-0.013975716438463352,-0.020301799420393445,0.0030026831172517087,-0.012071187904349209
0.013178534750098898,4.3475053285601707e-05,0.005978365078895034,0.007713668898503563
0.013990524204684766,0.04666050882364302,0.04909578215581386,0.07001682304902741
0.002618374094897562,0.006833676182638137,-0.015452165385496644,0.01904244467610346
0.018521407441471988,0.05277591389685324,0.020188342220549882,0.03566465078391318
-0.005468877855672846,0.00717830225306492,-0.021963216854791676,-0.04654553053304329
0.015365088738192239,0.0067797421410198235,0.01717250122413543,0.011184204901904369
0.011873494929313293,0.011478166063399003,0.07529223411697607,0.02175234701232987
-0.00914513570217812,0.0102152336598317,-0.0330851466718186,-0.011692439369343673
0.0069452369631590296,0.026949513118369902,0.0055821275337720674,0.02212461573945777
0.008271321841848839,-0.015268067282377184,-0.009460894526444498,0.00843322313983782
-0.01236974623436707,-0.009303964343909312,0.007325624786097459,-0.015507256498847082
-0.0039880267179564005,-0.004571297485610003,-0.013753472002494866,-0.01070600288143959
0.019597346167077898,0.02150136367644147,0.0244876221590413,0.023004386486418324
0.009841204651556622,0.01467836408491546,0.0071949836717746535,0.012052783885132395
0.015523202097192915,0.014285836109488886,0.060504162532241994,0.019534556957727288
0.007672116080930423,0.006745596284957914,-0.06311918518816903,0.005317602478221243
-0.00325487591061319,-0.018478342744226727,-0.011307735857578558,0.0077140006635375465
-0.011354703714705584,-0.021055699528348935,-0.03734894534323148,-0.01520447268782127
0.005481072733425411,0.005786539218252629,-0.002482632348555218,0.021610919185832387
-0.016101396100402874,0.019848401206806813,-0.0029764508462149673,-0.00626672304494442
-0.007620131912321222,-0.014978138560714527,0.012281322445656457,-0.004199787873963846
-0.004362631635430614,-0.02512054236976702,-0.03403263254550459,0.0007011906653830311
0.03353497991534052,-0.0012084778321603765,0.029256539212836878,0.029241227892203306
-0.0021161770803395947,0.0110859514437448,-0.004853036816821088,0.005160298113134913
0.0001208630975798497,0.00907743454853145,0.010966636750077955,-0.01194521139494631
0.007477028341150411,0.02432935117964896,-0.014703352511066695,-0.0044419116835905
0.006944041193685555,0.009496775059202166,-0.020389861131667686,-0.01010191499374947
-0.005863630521421526,-0.030055680007404256,-0.10254036525166675,-0.01226761484107529
-0.009829013003902064,0.0005532451007342343,0.012741333042302827,-0.0008452488329769652
0.0018767940174865088,-0.0028433430804524853,-0.015444550452118741,-0.0004697229476080492
-0.009480452480174631,-0.030068338251298614,-0.011633104865311444,-0.02493365433349235
-6.134656467546302e-05,0.02688288301623049,-0.04402465397224694,0.008874056066693359
0.027999767277405496,0.009966664310332225,0.041032719267455574,0.1303746332246392
0.007512812653044108,0.019027327324485994,0.025394246651119615,0.00735050082102018
-0.0005306411140496875,0.040987687058483574,-0.015208459761728233,0.011830506704566299
-0.006210637069240803,-0.024511032816761306,-0.009436987371174365,-0.01633459341691507
-0.006488206104191837,-0.014568475697758798,0.001869644402715088,-0.009280527228076891
-0.009962944995469293,-0.008670029114337077,0.0036667412660127767,-0.014919102713809867
0.04585905027785126,0.03976203573661819,0.05350549046047228,-0.003173923311948762
-0.0004031976122525213,0.016289121235676735,0.01012145995502574,0.0021030037016889496
-0.0100212952912058,-0.020096796296376417,-0.015486902413259212,0.0004283605033810449
0.010366966904031806,0.01093009022169604,-0.003612788634512576,-0.0012433385474799495
0.0010940321788889035,-0.010685301615543522,0.020786425091438347,0.011559790994908363
-0.005432183657283254,-0.008362878103392705,-0.024114596337054404,-0.00843276439243233
-0.002901603478470334,0.021399572764338612,-0.009750860107846383,0.02136879607249104
0.0,0.008939904518313193,0.0010214088288270423,-0.0001674099026352051
0.0035968447307331043,0.032499469251624113,0.04313493317739194,0.01525031786186506
0.013573549287316475,0.048509226602927905,0.01727768584344739,0.017820259964839782
0.0006280317591101069,-0.013155020705897288,0.018206255962432197,-0.0049137459649654346
-0.005495785985499066,-0.0028187359026897413,0.0473245988875953,0.01085119315084762
-0.01527107360561337,-0.015776977069880897,-0.016549549453013485,-0.0063831719756871725
0.0016308367642698554,-0.004899848960240907,-0.015569850375932186,0.009960918343670345
0.006670075703562505,0.21808777874660817,0.008547333224801432,0.013867496284756437
0.014006193974815489,0.025116552177390592,0.04608376548838008,0.036333697158011394
0.010603168277770015,0.02947438096215442,0.040530008769500823,0.0018300856755263007
-0.0002820062996607788,-0.05844225046309132,0.013676132280176065,0.008345477249033522
0.015895547647642883,0.04990459790030903,0.017450979367424225,0.02936960008406628
0.004763771190698016,-0.01120164263868781,0.030608082827557156,0.0
-0.007599909252101921,-0.003974502958811593,0.016868648629117366,-0.004485336741280257
-0.002062220624560692,-0.013286455638715892,0.0168599499197107,-0.0009955467683187562
-0.0077866393939507415,-0.03087297366785799,0.01462307267215497,-0.02812864734228567
0.0153467902691173,0.027244195528454387,0.04480209933086133,0.0037107907184394124
0.0021575920518859698,0.006728783348910637,0.03981660778824774,0.001397494217519914
0.015517598129792828,0.018198144228182146,0.021974491562613167,0.02276212944222531
-0.0026150124955479316,0.03826349990914848,0.03492701634188564,0.0009955770348414922
0.003485249948052295,0.04702210626659364,-0.007449046704933148,0.0074543042278065715
0.011136425758974859,-0.008032813272584684,-0.0034719442089692484,0.030550803860778623
-0.005877258802354618,0.0009137916877829414,0.01796971375181672,-0.0029490910352622532
0.00048674124195766404,0.02580505770533011,0.05201270640767318,0.011780560194576899
-0.005691622274434087,-0.01757057555441989,-0.05616662426467672,-0.009505704330258803
0.01639035490717548,-0.0004646683998656518,0.019654473293680905,0.011438308476632096
-0.0017127259378475884,-0.01914792578469455,-0.03073851253541729,0.013424117255810847
-0.007581686051773139,-0.03807742527553676,-0.06251408245574486,-0.03618188912680187
0.014946785635145236,0.030156714597867694,0.03729619858071868,0.03034616083629934
0.006307873643446248,-0.01829094418771814,0.023813875097039847,-0.0061502503007711
0.0017949188569340011,-0.0072006886151494785,0.004905252914132209,-0.013267047697760416
0.022839667404320585,0.035613300092106455,0.016446493545468958,0.019173611920716472
-0.007815078107869737,0.00262052968545522,0.06668035183063045,-0.0033508586888741556
-0.005888724948207981,-0.002266007377087223,0.009461225032650612,0.02877570189762078
0.002505616674026035,-0.005069808993295242,-0.02125228365266279,-0.008117860973482407
-0.005908821023304866,0.009455690917749386,-0.007659314226953743,-0.005012737674428974
-0.010914894038610654,-0.0076286327251918066,-0.01771977662648564,0.012213014044861291
-0.002814033406532129,0.005320075212267293,0.0006674942605875906,0.014146231196737531
0.008945469870037468,0.034693595089245105,0.008121354742896705,0.03637492085471397
0.004049178485903448,0.0461815687993212,0.021496049775542363,0.013071306803334074
0.0007868922635774437,-0.011110651605581657,0.012444771516691934,-0.014592020788039502
0.01715767377908463,0.02158241681213393,0.03148434056863512,0.005650170971567484
-0.0013412326118399842,0.02199019960956346,0.010141906463636843,0.004592895041261164
0.007046842063298281,-0.008818855746911429,-0.00711596075110357,0.012610435706513802
-0.01014884638680469,-0.03363273761787141,-0.1024426640636013,-0.043626524250439634
-0.006180755517070642,-0.026964023603824255,-0.011015199637560409,-0.027683641362604865
0.004211230983295435,0.006815271164143123,0.03417588510139735,-0.009046535435643176
0.004503235235330024,0.023635691601487378,-0.014148526638195701,0.009760071305576644
0.00453478848300779,-0.004982000003752782,-0.003511861575139069,0.013827102903214325
-0.00660252465860736,0.00980847879224425,-0.03322998965193553,0.043068964784192365
0.013417534144515849,0.018349108423165752,0.041105070589749985,0.043227742137289256
0.0031608932737485634,-0.00044932130655298447,0.0037087357528333273,-0.021364670234215087
-0.004285051848007383,-0.004762240163469494,-0.02406922380883306,0.012817609655756845
-0.01561121822440254,-0.049318012068186805,-0.027021352113566002,-0.026374232097847814
-0.007348553225895251,0.005541462512931171,0.020295602012260543,-0.003569783874717653
-0.049211388229889054,0.0036997654307352225,-0.021279912186420162,-0.007885605573869968
-0.017404363277303412,0.0163605760096794,-0.009538785882980292,0.018588433522219065
0.005297742019948649,-0.016718568879369,-0.00698396541730477,-0.01246038894095338
-0.008994545959444156,-0.04839405077229797,-0.030537632908455258,-0.024052452040969924
-0.0012356875915942604,-0.00390856189480365,0.012922436522360333,0.001735122778159742
0.00033756763777298627,-0.03683619580501452,-0.011024937980288016,-0.013500945259622598
0.009349580781709409,0.06853089301047331,-0.011981650600334395,0.014971723500559418
-0.011263769521050609,0.00426517777148827,-0.028771606269163794,-0.013944330774426075
-0.004971339755653827,-0.010386157268160149,-0.03210324714965498,-0.025695921203851585
-0.014662233597547468,-0.0032707290376251066,-0.02868774932252366,-0.03176072747055736
0.0028121653085416854,-0.0010388099705005496,-0.017161267109647337,-0.006474840350617279
0.007707256736605902,0.08131575897051788,0.07071456218373605,0.02320586775632681
0.007873587854347778,-0.028047553086663485,0.00822448994977978,-0.007965136173028445
0.021711651823351198,0.03121497586989908,0.015615669490355368,0.022825093080605676
-0.02651919051562326,0.0009969480934750197,-0.02921607421029239,-0.025785184693721742
0.012563956496176674,-0.024577110641795984,0.036493404628287436,-0.004368611856842234
0.008807157233227258,0.017598215976809897,0.0009635784854130897,0.016535022248618685
0.021575788403420084,0.04077155928746628,0.07406603958973092,0.026282815806016976
0.01899087153678646,0.009791291875771884,-0.001089320005828064,-0.009745422419587372
0.001171716619776457,0.0018453728760441956,0.004582681990043304,0.0026732569384624242
0.008427753983990888,-0.017289606049387132,-0.05197055872941742,0.0016548275983784763
0.0012660019466405239,0.0008036019103238256,0.04579063580383254,0.012639782330299753
-0.036449668627836,-0.031025816938728454,-0.017978069897591802,-0.0032702115355409058
-0.029685726895030826,-0.01757778998713734,-0.0017083203640211426,-0.0016727473173828206
0.0034857266628734473,-0.014573456979927122,-0.01196040362366716,-0.0026149909064513252
0.006600540390396774,-0.008683371191653551,0.09615118904304938,0.031945863261508674
-0.017207686393939478,-0.006840658819578933,-0.022549196320499374,-0.019369648104183516
-0.01192565707420062,0.01361318815993009,0.01418033641106544,0.011207850630836153
0.008744200438650467,0.0021083415625628033,0.017320639037477315,0.021596808813954652
-0.004162418437852249,-0.037576802048869845,-0.0059953082833390835,-0.037289903503274865
0.016771667599349175,0.0015021652055457273,-0.03376463807907184,0.007431094952408521
0.0061619219799735605,-0.010195873707716421,0.004588376260533905,0.008294565035000409
-0.020194721492919274,-0.02987647641296888,-0.014780377139554338,-0.017859041593026346
-0.008929330548846901,-0.02935761531935851,-0.026588996104119158,-0.013235131481497001
0.004932415748091004,0.01435411559950881,-0.043236555785455495,0.011264213180158906
0.007353173593518499,0.014600796459204859,0.008579557642104906,0.00583417408109017
-0.023676405748351646,-0.007392925087379229,-0.011687984544270934,-0.006235326319113288
-0.008937365877283124,0.01320233190055928,-0.014939798128788435,-0.004089297978413398
0.0015244830511373837,0.014516835108436281,0.0241549898062297,0.020675292049195448
0.003041741118448322,0.009470475558869823,0.015465456415727708,-0.012413762225454811
0.014726596827285516,0.029068257995864627,0.005500013317318054,0.02177902993855609
-0.007800061149987828,-0.028654742318425724,-0.020356864105244222,-0.019350185183492234
0.007282022686689659,0.011969485571079203,0.05764957536105983,0.01530053280287744
0.007172186895309822,0.014584020167003584,-0.0042593870629195184,-0.0025884787103395883
0.014642865943516886,0.023749131485922427,0.0018441397469999051,0.0343137910193339
0.008415559168973226,-0.010743404389969182,-0.0033063672235030548,0.009245965330306255
-0.0033576779381815722,0.011529558053781953,0.015097007960672728,0.01087173448700728
0.007872840817881224,0.021771100729283756,-0.0023926822540326844,0.01841016024269547
0.005048420758239726,0.002965177305881327,-0.015789985181823882,-0.01122745059744754
-0.010346077186746272,-0.03212190203009164,-0.030395093236742683,-0.029649412348697758
-0.0007269585490537184,0.013849739250320346,0.011088356477393282,0.020320466463954537
-0.008823708124677688,-0.04792480559224868,0.003655911168542864,0.00883515112278064
-0.007422195017521547,-0.040454317833063594,-0.04893148784195894,-0.02193644472825976
-0.0021635521195383822,-0.002253730058679288,-0.09761624872658338,-0.013211108661864819
-0.01481309499217986,-0.017104759029701818,-0.037588294506417,-0.013388080995414364
0.0006936839469136991,0.037651569256359686,0.00042444095402800134,0.017216992348448843
0.0025401405467616817,0.01588268300272983,0.020719371046622376,-0.004660398774268539
-0.013583644059164223,-0.04410722088012425,-0.01911750338776431,-0.042549940643216946
-0.02491303795893946,-0.03539748366004046,-0.031855023921114375,-0.03803948456465729
0.007937530552302405,0.004305534689049141,0.007456619810883741,0.028647745741366224
0.012230214201381463,0.01618922284698342,-0.0491375588495086,0.019787402331488402
0.002814766440662319,-0.009299340839334803,0.017479077618859314,-0.004603203434161743
0.0185653472779029,0.03718620835578939,0.02371578467512363,0.03451542568079406
0.02048205744279338,0.02752086451736669,0.06060741733192271,-0.0031476229714835864
-0.00519463711430204,0.03387462578709397,0.0066139872231546415,0.011927275276173356
0.014499501877067125,0.016440074718102556,-0.0031418755173999516,0.003807069403955886
0.014347288166406756,0.0044490069754346525,0.013183964542986627,0.009517788128635301
0.005867758487554116,0.013379891886961278,-0.0003150737899407528,0.0030064494470450178
-0.0026280728713443838,0.008040575207889014,-0.056160489658582134,0.0024049245947546883
0.022954501362806634,0.029072833605574777,0.021996498496030296,0.025320084417038095
-0.008620619872745879,0.005878967622695933,0.04134183399945281,0.001276823143974536
0.014184622066650622,0.02108430736736887,0.059438019477541446,0.02139811978536517
0.0030364864207495464,-0.015587034890575611,0.022614155469065075,-0.010762088541075172
0.009001460222161738,0.012036438370727244,-0.03883534904080814,0.0044384514871277
-0.00010565364015875913,-0.003685045196780709,0.0030349323976646067,0.002540332699342406
0.009235482700075851,0.022286181774287164,0.005533119144943252,0.014607415388986468
-0.004239735144462238,-0.009267369502988398,0.023490974516940124,-0.00883403044456573
0.0035083435550363746,-0.024894868766272674,-0.029408274734311717,0.013294999150283777
-0.007029120088249931,-0.019484083694439155,0.005280386261856706,-0.009592175934034587
-0.0009478704480299461,0.009706530954188006,0.0026721746625813217,-0.01049158535579624
0.0032089303297663115,-0.008765177473712788,0.04408335693193017,0.012736077008947778
-0.005424264004324365,0.006648757634964597,-0.010512266581044115,-0.020233475018053546
0.0030580197247460617,-0.028871431607636173,-0.01676961998268328,-0.015318610813349232
0.0067682870670406564,-0.00010700945835881429,-0.005220199323597404,-0.007147414741564103
-0.009509657817643562,-0.027202991624169736,-0.01370144313218934,-0.014887812840709877
0.020844500301778892,0.02302664954930509,0.013240755825754019,-0.0054203610222317055
-0.005703306970530307,-0.023092581159627278,0.002719129460769398,-0.0026427073622617425
0.010088192987795666,0.02373641442586137,0.013568409275163597,0.02838518887977113
0.007385064380062056,0.01934137502273183,0.004933396614923965,0.01868606384882538
-0.01301147024197513,-0.018676180200251424,-0.016957231787828677,-0.022705385341938715
0.007888705624064796,0.021849720246859765,-0.011452714531076777,0.027113303698766994
0.01655371272436279,0.00900313831636968,0.009573866272891631,0.0015546812042463549
0.0007575721666393209,0.005433416263819156,0.04797595720291628,-0.004701315946045841
-0.002729512943320295,0.01110686813070654,0.009711688394547188,0.005238965158831719
-0.008539638272142972,0.023988878080215378,-0.0056173183184346845,0.028550240342949375
0.00534573548101716,-0.009490470780453049,0.020185249870892544,0.016519123096553748
-0.010771556905323732,-0.030560566127821282,-0.0399767793773106,-0.003087314727702412
-0.0007704100859242108,0.018105369725710845,0.029345860784192233,0.013677239845843831
-0.005562839088673918,-0.0032713631799282804,-0.007731210565404946,-0.0019788552724441548
-0.002845015885475568,0.00915309103112594,0.01598774007390915,0.004066494230164365
0.0005176893542033589,0.002796640132940233,0.018647455510860632,0.00841907747223234
0.0022238755324895908,0.002122420027500518,-0.032104151730159784,0.0013686606889635185
-0.005438855186714411,0.0,-0.018738327073791184,-0.012242437610131203
-0.03644247190373799,-0.027722105065236487,-0.00024148746074577508,-0.021907547910914506
-0.007515913464696465,-0.012513585506919871,-0.04096122279932548,-0.0052694459684728984
-0.012781513709223502,0.008978128457356283,-0.0021831499656647054,0.007663619766123259
-0.004020928689331551,0.022638645904777578,-0.0018509415250833076,0.013818481183835886
0.023887236229765758,0.06229921499440007,0.012386614576639277,0.018885721306429508
-0.002266140999846282,0.01683273018403155,-0.023096839566935645,-0.0034353418361677884
0.005655504218855382,0.022514568867756816,-0.004350632806278706,0.03583296109728933
-0.0032277754145239685,0.008647003189962718,-0.029145966144498332,-0.0021616470838222135
0.0017765739247651683,-0.002045121543992811,-0.03734939877742937,0.012954303595013374
-0.01239357669265206,0.030103451639705972,0.004649070658851297,-0.0189506823542809
-0.005186868835133463,-0.005852240316028699,-0.020025473044372827,0.0024733403028513964
0.03205143586187061,0.018629097362132196,-0.017172815629643214,0.02084714475250334
0.015413393352165993,0.040898304112894315,0.0014620115002590317,0.019274395101101138
0.012090003702397942,0.0027360758857447893,-0.016105240597581734,-0.004364749995221191
0.006631363556751202,0.0036645462324007864,0.0016270106278732431,0.008918075599451271
-0.003490182607284617,0.024565100278885026,-0.006283434610725192,0.014177423994599835
-0.0016979785462215102,0.004147000560858888,-0.12925817170128795,0.006327450577503366
-0.009053675651376348,-0.009555903630534693,0.003389065826718794,0.002438627130478488
-0.0035923585010526607,0.02322447830105378,0.04105548959785763,0.0173050908691243
-0.019433554950878514,0.004934574595019769,0.0034508226289791306,-0.0023967393349933162
-0.01954737077450086,-0.020064881021434545,-0.022699471099276523,-0.025108924060376507
0.01325245001142802,0.02408711727675131,0.008347821172369478,0.011823104275230416
-0.005419710535834947,0.048512879530706744,-0.005042858776994556,0.184965082507728
0.009798341292227853,0.04683057568183143,-0.03713468972636411,-0.03335067263074909
0.008594859422667677,-0.016124914032451993,0.02206779799027196,-0.010261192133185331
0.0005808510812001489,0.027126684793507386,0.013309178288648728,0.03217811521052644
-0.005771270853122228,-0.006555021857087815,0.010500153377802503,0.0008727033497549274
0.004085595134162695,0.03515838999168136,0.02093365777497024,-0.00402942962523006
-0.00904258126219806,0.00159289427230867,-0.02850600281752684,0.0016862048151010788
-0.011338429735042963,-0.0016623231793582319,-0.022088768605910858,-0.01890220960129126
-0.004821458407372485,0.024270643649111894,0.02516701014711292,0.028199908024327067
-0.0015759579392512092,-0.016949642191899622,0.06035334314528131,0.022459568081668106
-0.008466091641434767,-0.00061957007813721,-0.0024975038337594173,-0.022375088506666987
-0.004122297092884263,-0.04450805837211862,-0.031447068575792124,-0.0033224962769336105
0.0041772781647561085,-0.028922945678755353,0.005199145723306879,-0.006856311089376343
0.011181043124103148,0.15187000575176496,0.013463405650618309,0.037943611652477775
-0.010084755586446986,0.003545955569252756,-0.027943686650054866,-0.004329225236624136
-0.007479126325404971,0.0034831398874176356,0.03797371074003026,-0.0047422474896381015
0.008081454541978544,-0.004955981497248097,0.001653606167566249,0.010962146558391284
-0.006647346333636276,-0.013276945213075507,0.011499231283567918,-0.00624046562403115
-0.003699914484377478,0.018485587369295772,-0.0007921787106965236,0.012544350529586957
-0.006048771696156371,0.03925130218562949,0.0037575170226514664,0.0245268729317901
-0.02570876693098459,0.035319871602057636,-0.07424463938175002,-0.008215921141856958
-0.028853362757154354,0.008539778912334947,-0.04012679843323044,-0.016127234938014746
-0.005895462783679872,0.031331309736342954,-0.023512123304642613,0.011903031901438387
-0.0007096802519942804,0.04377408654823956,0.01188110874296599,0.031938265761891356
0.010184486899535222,-0.057075256315860766,-0.018701625030085045,-0.012257771004034025
0.01176212066547725,-0.02024275731902881,0.013763678693560029,-0.04520042247415269
0.0027746777197073993,0.0691265313617598,-0.0012947061441473569,0.03287052019754718
-0.012196476049805264,-0.01121449600238506,-0.04646099727496628,-0.008399300486682106
0.010867998188788223,-0.032927875821212,-0.042056898779332184,-0.007575480517056577
-0.002199029749393404,-0.0012172683702560618,0.006563076277915342,-0.015841628554042766
0.006352122149321286,0.0070110539621800316,0.060664152342604714,0.026258353807815334
0.0134937118640656,0.010604518109610736,-0.014372034891457558,-0.00149022431145426
0.014602142676811682,0.010836078305766118,0.025017133837829976,0.018527956603376326
-0.041715555937303105,0.011693856316066306,-0.016299696542812377,0.0044212882238807896
0.005296107087216854,0.030736155514799093,-0.01158171211632812,0.003577951011769111
-0.008335146638479942,0.007533360048140181,0.010481683435756076,-0.012956948643406048
-0.006694768190020044,-0.026029952453904562,0.0287772826285837,-0.01427576440827897
0.020990726576326963,-0.025284326987733422,0.012084083617363902,-0.004102106029839287
-0.010615233789831863,0.0011737588131017758,-0.02272190773999231,-0.016908019033712186
-0.008491914723110023,7.746948016831075e-05,-0.0032477284143495326,0.011812638387818417
-0.007023327602925529,-0.01013270289882245,-0.05026651935105258,0.012177569544456446
0.004786115263113203,-0.005470284414556003,0.010447544054431742,0.01866373264877561
-0.0049044956409286565,-0.03498974832351593,0.016083269202606634,0.008215095604155884
0.0044918095972769825,0.024185688330958507,-0.03696743555877544,0.031632389363958284
-0.006686023483929441,-0.009992179682986066,0.04783676362708771,-0.015460153341702578
0.007216510764902609,-0.020628413260556238,0.022295607975213145,-0.004535776997556476
-0.011201781401945266,0.019549092085809943,-0.02937344256551801,0.005652181126390225
0.04236089487710172,0.040274495758247715,0.016399556773736196,0.0063857051742966285
0.008589614874629106,-0.02718255105792657,-0.020541749097701737,-0.021758158468221257
-0.022105910206669223,-0.025089137464713526,-0.05757465973833702,-0.02306126477360713
-0.019353386674919457,0.016307854720058676,-0.027435068682222955,-0.0009398708020884077
-0.008180820626132642,-0.03943355896934234,-0.01062208397137564,-0.0112485371415357
-0.005730753193213329,0.0075398899527310045,-0.036155647217109545,0.015322028221029608
-0.012287860626321085,-0.10541171623396071,-0.01939578390268632,-0.04218880612117714
0.005078017522966626,0.042621886737217236,-0.0345935559693179,0.0013709853356187987
0.006371488252927882,0.035881075034019445,0.018345226676437152,0.02939376213106892
0.012622193844621873,-0.033883494884850915,0.11387415621830609,-0.005254653041785666
0.005134108234528753,0.036416022654826,0.04845814470471284,-0.11161674122820882
-0.00347883249126276,0.05992396413291237,-0.011168015552988686,0.0043180397100398464
0.024505328961814017,0.00025072734550537633,0.14242723171122051,-0.02436449186682585
-0.01844000359223435,-0.015560860032680536,-0.05710084205665045,-0.005679121577419708
-0.006065325369579746,-0.039676495923526886,-0.018113707174260838,0.02075149157605713
0.02179264175430857,0.03288269432172872,0.00011105007606901516,0.005653662547951345
0.05809558070521248,0.034045624795518974,0.006533843535574036,0.023007918975918557
-0.009148656747563655,0.03704651462402455,0.019511437908750914,0.029904978874804766
0.003790151685457127,-0.017362805600730682,-0.03834210509362018,0.005482399061309765
0.0018624447427257104,-0.0015693789293401855,-0.017530851194269642,0.009268349663257349
0.00996439548424269,-0.018587308543467854,-0.015864649448707812,0.005949224530416362
-0.006914125198591255,0.012663499417981386,-0.020562350450525728,0.0016393789272304126
0.017491520596128053,0.005780094896002099,0.020097034145307512,-0.017348347671679126
0.006154525441429719,0.010530659077861918,0.03239754278801776,0.008171486328689265
0.012143968786535442,0.035210613210253025,-0.020254418706909572,0.020328237059507342
0.0006321519896718529,-0.0028678550132319523,0.004873391179277019,-0.01740773988249605
0.00015809705604708256,-0.02012511509677444,0.01487402019069651,-0.0027932707551543427
0.006143150530275499,0.024576778823562257,-0.014245067870223688,-0.006526836883383047
0.006833857435591549,0.006373494260926773,0.06446711975223302,-0.00902007983454745
-0.0075669066324726185,-0.004581447153043415,-0.035399542384592614,0.006756567829285475
-0.02128288358824914,0.0891059770996187,-0.036007818288810785,-0.004284568247215805
0.01645190697501645,0.02539739131405824,0.03116576011599187,0.02635745356453298
5.2851806178323594e-05,0.06747581252803195,-0.013989415788236143,0.0035485777284805834
0.0015776305209293177,0.008079565853126592,-0.0031733327174769638,-0.011652942448000081
0.005241213364870129,-0.03839366516891213,0.014648923152829736,-0.015530330824202604
0.005006191004389384,-0.007877004351707472,-0.003978997402597566,-0.0004710593846625053
0.009216114299877282,0.04779359013108608,-0.010102569596006488,0.022578002389041
0.0016479050432458495,0.012418276586436676,-0.008659479988969872,-0.0010475831031734118
0.0077905000474006,0.05027079407050403,0.0013151256990527008,0.03718339931720885
-0.007121929674331467,-0.011847145972777882,0.016660454613497404,-0.002629301260322465
0.012316055055174755,-0.0009094696520578248,-0.0025885260992180074,-0.0016216038832800102
-0.019333634395475332,0.007433673451216806,-0.02101026729322036,0.01936656090096825
0.07013145896723415,-0.007169628076307452,-0.01817434057762428,0.009643055331726292
0.028177759739209662,0.034865997964303216,0.03811347747393242,0.0026959161626283973
0.005476012745005043,0.03461730860327099,0.028799010597446485,-0.00935881530259219
-0.008201822685765928,0.017362708221454425,-0.024746085007725318,0.0011112774903353992
0.01948052221586581,-0.006847780905889778,0.051619109593938894,0.004887289578847894
-0.011045390398570134,0.034517081960814766,-0.013860022086213656,-0.014193386912564696
-0.021747732476726598,-0.036045213146254314,-0.017957490517488177,0.004414810846953508
-0.010499240746596658,-0.03272105477025559,0.007899471520701,-0.013889216979495073
0.0031276755372861196,-0.06917913878103041,-0.002352322975825913,0.00831255976324209
0.004458361709394844,0.06537951564587655,0.025790114652126835,0.023160827214422017
0.019795909837846192,0.0024556807237129507,0.047022052078927956,0.0049232451395930495
0.003978003700478446,-0.019250606611102696,0.005332819818052439,0.012472500298885364
-0.01638756436637055,-0.0036359282993508016,0.0023273813203096337,-0.02996967367656125
0.028689017566632283,0.006132902759952763,0.05877983360300819,0.0009119666307595118
0.01610943154674464,-0.013200027039414693,0.09710195030947986,0.009505347772583519
0.0057942809381213035,0.04471739589902956,0.06337304899541438,0.0009023393962740903
0.021389979606492564,-0.019283486955406572,0.02060688228437311,0.057070279860941445
0.006517489804202892,0.018659460488434785,0.005629789876539415,-0.019809253776555426
0.003767842852189009,0.024502692733168407,0.0364508858978897,0.0012837165653699259
0.018628897793088905,0.026514046042048243,0.0035389720904070512,0.008810096271064953
-0.02349461576940135,-0.05727623821578353,-0.08822077208547265,-0.041996268623106035
0.012966492005479394,0.014339500438267644,0.029434316513726216,-0.027345289581334944
0.016604706217732967,-0.006209445184797111,0.017609829570940913,-0.005447153439523869
0.0017901481509911758,-0.0163269316840072,0.015396997777534727,-0.012921635332337198
-0.025621466805694985,-0.06853504539105092,-0.031919700332288976,-0.05843356213307869
-0.020748462895248072,0.025934108859905238,0.002933302220995548,0.02955948597886571
0.0005796343350648216,-0.026442656847973166,-0.04107613843938729,0.0019734710760481618
-0.0015615207116827141,0.04647372409762641,0.05018271902171053,0.022009044182804187
0.004677471091971797,-0.007719511424176116,-0.02060764898795659,0.0026430890090084376
-0.02917579845467963,-0.07045644128176241,-0.13164294360339135,-0.05774475729009806
-0.004816142947884837,-0.017393386011296575,0.01953112906763447,-0.01718668137617518
0.0021585793798583317,0.006922840044803416,-0.0020452089625195087,0.026744847379446494
0.0012838678258832838,-0.013087076778852557,0.054450283723543685,2.128849646518795e-05
0.002562590424381296,-0.07304011120340856,-0.04170207944562914,-0.005425470861763197
0.01487965254237722,0.12055346750492031,0.04157282172336867,0.02481941763854526
-0.016892467784892267,-0.06907223012235558,-0.06778709499652093,0.047120868108076135
0.006845724007927851,-0.017923675903090804,-0.043301714320780345,-0.019475552424388105
-0.04936563793364337,-0.06568884236542537,-0.04324862022379944,-0.02575173990858707
-0.00979604203187069,0.037131875219130875,0.008810602088580683,0.0378671753580099
0.012420765724187996,-0.05258165170464457,-0.04526769292244102,-0.010518817336284651
0.016496537910964757,0.0594642866137241,0.036255901329012616,0.041486100588984914
0.01364240971912943,-0.0020979675411852182,0.00581690373893266,0.015846245245262087
0.007104675978345761,0.03995474051788731,-0.012629388585244743,-0.0035212071399309372
0.017046897331136613,0.06326494963811401,0.05103246867853809,0.02410839007419414
0.002031598007305458,0.016566057692337724,-0.03152675190710158,-0.003373462973321374
0.013439795137420961,0.03968318323713583,0.061436309145650216,0.01986756244408019
0.005901095908653196,0.013902510342256475,0.00920378250292453,-0.018615321477517953
-0.0007080362336989331,0.04258649646966372,0.0300815962441386,0.0035203868333551973
0.0027409286465810527,-0.02138095536908518,-0.007300267158314731,-0.00482950035924922
-0.00048582140735301714,0.009775247037409384,0.00976670507756732,0.015877650316295348
-0.008293981648592715,-0.037746252142804554,-0.05813634375381778,-0.006053731948916348
0.010235717329427093,0.04449388275569044,0.044835591431516886,-0.007415728243592668
0.0014975405425857015,-0.022750482148592467,-0.032803441227522996,-0.013115935895666736
0.0037346079912039484,0.014445323827678682,-0.018939062709292416,-0.0038837438771933334
-0.006776283946055669,-0.0211894165348478,-0.01667672472989858,-0.004479241430135162
0.014464958570921477,-0.06597794410175065,0.0025726237078790366,0.002782449079479586
-0.003443807052729665,0.015023933651836126,0.03725544123667223,0.005944943296007938
-0.027582170226570623,-0.10009672884340852,-0.016529275820300126,-0.018489002532032207
-0.00865611428095199,-0.016712903649258166,0.040981513663141275,0.001913184436015153
0.006903981157525781,0.009371344724577835,0.047876016035803666,0.008003196304331524
-0.007039811851625284,-0.04171240867143849,-0.08824048544582774,-0.03262423215500159
0.00040757579719772187,0.03478603170428085,0.025949973905266994,0.008994604124059186
-0.0036280513882692056,0.015193441716138137,0.044759273955983725,0.0
0.011518578836805567,0.07834776500741118,0.008628742512625562,0.013849986223201835
0.0004938417293173344,0.018980410397306097,0.007337206636805016,0.02654781237664767
-0.0012127996956579703,-0.00033580854423223116,0.0020864851607279924,-0.0018659211515446212
-0.028168143409385272,-0.01967168635460573,-0.0153589759450266,0.017325920078566277
0.0021702149592626157,-0.010242385794682224,0.004794890315022082,0.005684115305481263
0.017829831012276157,-0.019392608916848107,-0.0029445960609886415,0.0030347630070343278
0.036395158857175904,0.03892556913873886,0.07100962175825201,0.038562766032872786
-0.0029317486175056504,-0.015992098967804742,-0.023519752638904136,0.00401634795464481
-0.007609926777930369,0.002238791504473737,0.048140375327935025,0.005436183119820582
0.003966196125607677,0.038886564096068776,0.016935793509053217,-0.00191513931762247
-0.004407729027269658,0.021606479583318294,0.010757148762662457,0.008801142709673708
0.005067280035864502,0.004281931595762699,-0.010953821465680538,-0.0008270828916244793
0.0011859213956544425,-0.021513159690851165,0.024249227064234113,-0.0008459275266156545
0.02261441546652297,0.000329510337549388,0.004482044837533062,0.008913872376532623
-0.029574651822895176,-0.03724650757784011,-0.013894251852425751,0.007015517574832459
0.002516563075900602,0.015688383384600525,-0.03550382703625727,-0.006369262021575472
-0.004906682014723407,0.03310183048720243,-0.03414806745440706,0.017238574264527105
0.004994858066733642,0.016709342762345956,0.03839570976808335,0.022347416139775724
-0.022788529638374057,0.02216695012766565,-0.03768957599969925,-0.018904284654137828
0.018236709844267302,0.03968125706970574,0.015124010919583781,0.013773115312437398
0.01656036865037295,-0.0018074762167367424,-0.014210915403026646,-0.004022335902802981
-0.002180568372245575,0.016152224726532705,-0.009503630132407154,-0.011376631844422393
-0.006526506135927236,-7.416987634069705e-05,-0.09192353886888906,0.010427953994225777
0.01634556282482306,0.02396862957161232,0.006224848869363662,0.0007962019656033546
0.010964301773156342,-0.04799380089788591,0.0018690482583788197,-0.007053682805841445
-0.008891290751002466,0.030827000439657595,0.007983687088569507,-0.01630229870774505
0.0015950636272359852,0.008875668545137983,-0.0019899714413276278,0.00024282587346067324
0.012201755139940113,0.007783981142865537,-0.0008605378505268966,-0.0007975916135049632
0.006278104556745144,0.04054367112187221,-0.008417707909120813,-0.00227513959352796
-0.0026252193829980563,-0.0008353422607355994,-0.004029147285192923,0.011839387717806005
-0.021860108790245705,-0.028467467036121647,-0.020018310718538105,-0.03198301924578802
-0.0008236668366611513,0.006072150576929348,0.19818699146920774,0.007229566375576947
0.0036364597655417197,0.00801561364956664,0.032891334056112616,0.009587858873760634
0.008562655493535094,-0.007232402857319112,-0.02512824530239814,0.008528577855842157
0.0011562592304311958,0.00518140000496346,-0.01145548515134625,0.025815999151498206
-0.015395954329437472,-0.013614365766067709,-0.007619899978935549,-0.002497831235840125
-0.018377251659528214,-0.04837401162914677,-0.03035306639591626,-0.04178701575342284
-0.013368660412375555,0.01969043588922478,-0.0034882074251496174,-0.0007402299287972968
-0.0040457128003942855,0.00478915923530701,-0.02496977961188894,-0.01149113727592547
0.006465252188790477,0.027976926323534657,0.03480162701711456,0.020740002006891925
-0.003272293857174506,0.03993254415453301,0.13759466024737685,-0.0006639454258931608
0.02114697645662137,0.022208714556794875,0.028630012464395397,0.033773495438751085
-0.0011888904003589718,-0.008431723640077929,0.07869717552417867,-0.003996515526099346
-0.012101599724031615,-0.016183826939603706,0.08580690404849912,-0.010524510092128462
0.0,0.020644539773887135,-0.06342678815128278,0.002825277293268583
0.00396134099661683,-0.013715354509080954,0.005313266949669512,-0.008275908432372385
0.013676495230255659,0.0033442754787696627,-0.059448133931949705,-0.00490865695292374
-0.014209645973853663,-0.03311262150074324,0.030196972790488486,-0.0408104387273261
0.013332980855177564,-0.012972890640444842,0.054664350493325395,0.0005772875844151159
0.0011394812548946932,0.04778747181089832,0.02120595242401374,0.011994878283207722
0.003149154723326565,-0.007647675353840602,-0.01154032611298051,0.007864362604518432
-0.0020983118095766946,0.005332271265106755,-0.007012172684276001,-0.004306182237297958
0.005890203242377428,-0.032710356948934205,0.0373345373484672,-0.00703955934589283
0.012966437902475812,-0.042672903783424095,-0.040430888534493496,0.010620395715694073
0.009360503322694176,0.0065947663617015794,-0.001063755153845317,0.014807354829421963
-0.0005533082243189591,-0.011606703072908339,-0.015914020837727676,-0.007595672688085769
0.010163989780199235,0.021273715587895096,0.03619593916712737,0.008954703209148847
0.009477573029683793,0.0027447839988576197,0.03397975234247804,0.03172110703802718
0.012690970820369615,0.011689402286161436,-0.016005713052796626,0.03451706040836292
0.0014825328440555825,0.03420085416123337,0.018355288553428408,0.00021165495365089383
0.00012341894741449395,-0.00048233551045915354,0.03178623389945424,-0.007933233101744373
-0.0008233125014770583,-0.018226581700649638,0.05202108959673976,0.024078515924321697
0.015972915703731865,-0.025814901171342337,0.0014634148953150045,-0.016487370714318262
0.004125246784980742,-0.027312890067357407,0.028328310501358537,0.009327754103962135
-0.005179451579852003,0.030908435127401213,0.0576113551148347,0.02134268124037005
0.005945986240870146,-0.014241993437873687,-0.01582716714006912,-0.0029918447088329403
0.0006853848980213051,-0.022755880284121857,0.04244899941747966,-0.01668915663189574
0.011659448042268787,-0.016901845686834616,0.05960057359180242,0.007057461922849327
0.009672632307345554,-0.012271917053166837,0.035724138195772255,-0.0077190721578934375
-0.02165451952123476,-0.011415294267217409,-0.08642421525210743,-0.036580497856679516
0.006990158445125982,0.013636779688584738,-0.009038042516689774,-0.0027165946820331367
0.0186409948649641,0.03029856619282355,-0.0352567708528249,-0.017479700330145776
0.0030603049027731082,0.03623250055834111,0.02240426356053564,0.024640364757337784
0.011412715492234595,0.003930121131408304,0.07099116636191981,0.013084055321337888
0.003170826709027854,-0.0020704058459397423,-0.017787254049436575,-0.007266203127018651
-0.013330847567081642,-0.02108833449043473,-0.05074526160258332,-0.0058843598861728335
-0.013352175480980388,0.00349716305354325,-0.03356928885086787,-0.014391038405126316
-0.007082836436608911,-0.023549378486750698,-0.03305021011916344,-0.009738643572700757
-0.026586212434698737,0.029495743839188193,-0.06274403546918701,0.02317888430230712
-0.002011442810008744,0.04357449190987532,0.07895504556688626,0.008954427941437316
0.006716312712181016,0.033756070053507004,0.0014850709586745647,0.041420655625160584
-0.011453090237930159,-0.06418613606176692,-0.04145067133894483,-0.019726774002868996
0.002021046738569659,-0.0002139381356588428,0.0014697002488738569,-0.011671975217352724
-0.024399105221617683,-0.030434919450235794,-0.0005065652243020289,0.008381053892487375
-0.010397981145611647,-0.01991594804979075,0.021478195369560783,-0.012302016433802363
-0.004789573821754948,-0.011094944854994696,-0.017382638722844804,-0.023417404939639147
0.019484796739882716,0.033436049936576145,0.07731423282838396,0.03776331620724176
-0.041238961701597514,-0.01979248584723371,-0.03420597069137618,-0.009475675115038154
0.007507052116405549,0.030524432715619207,0.03018125256143425,0.002401801243085634
-0.03243631600187724,0.022403425677288254,-0.005713813715474868,0.0060039395233000255
0.005330777971238336,0.04335520583876181,-0.021355043154943146,0.011355283802253069
-0.0007596844962916109,0.0010193839943005109,-0.006598243859181292,0.020557005336302444
-0.003942417567178101,-0.031744330380743854,-0.014164587635274254,0.017197533675653288
0.0312856922492833,-0.1859461557068112,-0.023466650856007368,0.018954692785753572
0.03589211890416014,0.08549730054987718,0.0023640734639690623,0.02166153923394539
0.004606056305560591,-0.04187567717055714,-0.02284170549807513,0.003198149218167816
-0.00742209995157221,0.007650615729044326,0.028327903495885404,0.015416561644682266
-0.006714687211034742,-0.037434957560758333,0.010734640646320742,0.0031681582951552127
-0.03444240310654716,-0.02881111168562612,-0.053090087069197885,0.011942732167211754
0.02079030142788093,0.016914141842964237,0.02198853609615247,0.009602981836019719
-0.0014185723207722645,0.050774853700263765,-0.03645352337012321,0.0009652174991421643
0.0032210327468321907,0.03037613419678884,-0.01023279935109268,0.010050485386980616
-0.02426058564009766,0.008974000372334876,-0.03451714290429038,0.0035470473244648506
0.0011866048432540657,0.028322737887253507,-0.03057719520938892,0.004022631691417277
0.021596960740299816,-0.005781426175806069,-0.06547989008634725,0.003339791052925905
0.018105160277500504,-0.012578767657724949,0.024091057420887543,0.007722312631354762
0.01948219197777237,0.031155019253644466,0.05613428883532556,0.004374419016952005
0.012630696381535942,0.025973733309642755,-0.00028100285016493403,0.011069942251861503
-0.0005317021575471261,0.003953285283349827,-0.004873623368530301,-0.02794322973781299
0.0016347526969534563,-0.0012202047989007165,0.018050813649058695,-0.01774524406018099
0.003912811654171653,0.00630060905147334,-0.01723217010242546,-0.012769956491222863
-0.0011396196737956537,-0.041384372250513404,-0.04797223327197698,-0.016381782068503607
0.006292583527608945,-0.03135748577583991,-0.021756545199510743,-0.022816978317631548
-0.00024284017802449242,-0.028416584572387975,-0.08762494178787733,-0.01603809911158546
-0.02741248427073416,0.03606298840298956,-0.04043677756749929,0.02434022350334091
-0.012812641569737163,-0.08859145138795066,-0.030905910133740465,-0.02321535403808095
0.018951168699580183,0.03893246799676826,0.03837459125197188,0.015017966955253922
-0.015879594879338637,-0.09094886812093542,-0.028844050845269347,-0.019876089005947426
-0.008861605915058862,0.01677941445419693,-0.045311188236941684,-0.023243315088990264
-0.0008056607490407478,0.01123076972455992,0.025621016692865903,0.025408620404835013
-0.0017406430054477712,-0.05908597552508898,-0.05770651942025788,-0.04444813898408628
0.015767610675535417,0.018991974651584323,-0.0029651004058366417,-0.003621597446816347
-0.04969413155181917,-0.051998852953005666,-0.16754574067757613,-0.04523310056729092
-0.02962381962955832,0.016501666304464105,0.037245079838722016,0.012827391819297476
-0.017633259546295424,0.06229466722872613,0.07319368705023706,0.02260816573957535
-0.03422271635173199,-0.0013833270351496358,-0.030323348875332088,-0.047802877440127324
0.018007534266819177,0.051349503358979635,0.037912677650069934,0.029199411459620114
0.002385998899966654,-0.017745076192819703,-0.04906823105490024,-0.00445359325326872
-0.00614026484512594,-0.03490306129225978,-0.05483544563443516,-0.03797456928404027
0.011917934923602554,0.01794418453820409,0.045761190368065426,0.0029152006907275842
-0.005310501011020059,0.008557527259815392,0.0016944590202751025,0.0033159563529988564
0.0192896891221074,-0.007027070855381454,0.0513547158131408,0.017340282940215487
0.011207339840889797,0.031034325734698574,0.11273547481030481,0.037202695324292406
0.01358913226042406,-0.005947997580503561,0.034423463077927825,0.011982784299153644
-0.009971366623139497,-0.059134310275674694,-0.05742390273973778,-0.024781371655421554
0.01041825161761037,-0.020694319286351886,0.003925268964187628,-0.013843731215389024
-0.026940077618821858,-0.01592077694349004,-0.035704833212183235,-0.04382889187220998
0.019226604139278056,-0.011832353585052373,-0.016797411271064034,-0.0006591399784340367
0.004760651082845126,0.01619958812828833,0.03525624951763979,0.016587372157793195
0.003131424661602211,0.002448127312958385,0.05189662060946535,-0.0035386348130386257
-0.09701333996766047,-0.08128106646665656,-0.05630172235818194,-0.09385221180021244
-0.07568027827730078,-0.07642295152473849,-0.11003572551557192,-0.05190524755908657
-0.037425944633356655,0.03469994438982112,-0.02597878190231111,0.022567430453665646
-0.051101834349552816,-0.013818840529489507,-0.05023573100190593,-0.011298376025543363
0.142617325001121,0.17162072342566922,0.20449058000160142,0.13763463848752985
-0.043318609189966585,-0.06094727494711714,-0.0755220285780395,-0.06977739654216536
0.039792166818567336,0.03075763147074194,-0.0003566259450699316,-0.004991490489195673
0.021814363470558026,-0.0019851986045258275,0.00015855643290671638,-0.02249298206708122
-0.0018782257100493861,0.013368736367194111,0.006950209565496345,-0.018917694924297318
-0.039711573569180425,-0.07119154777139383,-0.050690742903996715,-0.03753036736521679
0.013853268725293778,-0.02913122409811859,-0.0007454979855451015,-0.0016536806235792152
-0.01958340890990623,-0.04617737977834921,-0.05918076725792799,-0.034116134809958225
0.033497849623206295,0.020225297468870862,0.04499438204493094,0.03172036911711321
0.024040195270372565,0.03790135709485257,0.052271947159751794,0.039180015402530514
0.018258599166385933,0.0355779407130693,0.03437870754426389,0.02445482979277532
0.00435765200597914,0.04213298300993362,0.09351849398026,0.02613951673102844
0.004100952154228793,-0.020752557799449293,0.0032583903115033577,0.00450308766836248
0.005078907896642737,0.0026634717032644885,0.021284373105168935,0.00851312191332715
0.006089047804380452,-0.0009176760415842781,-0.03438223363024816,-0.009860069057670279
0.003851446517865031,0.024397011671066938,-0.005829314402079844,0.041407723758398234
-0.038077521816382055,0.02556424954741541,0.02356864125337387,0.0424443615699913
-0.031963978788773405,-0.0059566391374187445,-0.024495847170982712,0.0037618027909221614
-0.0019124614578998429,-0.002462953747123112,-0.01767474071206643,-0.020159537517674398
-0.011450071139791053,0.03053137522671381,0.0031546161942166075,0.01604602219647302
0.006298593991509425,0.0026447306007199795,0.030659773437438274,0.0020087067765996738
0.005252220188113187,-0.006153365094515101,0.046108194570086934,-0.009273541398212064
0.061232610917933784,0.05300634876742282,0.06528003118679684,0.07624314534011113
0.010101128824685867,0.05481143125028611,0.04810492051681205,0.02562940728504828
-0.0028217110739244236,0.040794262711428365,0.0399319216619113,0.005063144054131659
-0.0041531247868546355,-0.003775237244109822,-0.01407694599861275,-0.02375724222609268
-0.0008990293659761774,0.004218553336866687,0.020670491941373468,-0.0055131851229984815
-0.011808522701296861,0.001254695838942981,-0.02280219175263177,0.00014054293767634446
-0.009238802480674083,-0.008816451945526478,0.005044436283555748,-0.0052131927993854695
-0.02332906866046245,-0.019385979908510684,-0.027122740878422213,-0.002514550817376545
-0.0036188573585364293,0.007784472588990611,0.019004252475032086,0.001682263323379692
-0.03071110487861441,-0.011661537423707832,-0.004997253689502847,-0.015052231667391223
0.02498362692148352,0.031562961731518485,0.06709725458197968,0.02404456003739236
0.0010483636887751138,-0.005105126806973366,-0.016644185010272462,0.001959656885959476
-0.002347869664731671,0.03197351965516137,0.0042777491260106125,0.002281439073808935
0.004491066900633698,-0.02960257386263701,-0.03396601533337422,0.0037755515155768597
0.004223038592199533,0.016513500505562415,-0.010941091649071494,0.03551678415683351
0.00775374755762891,0.02756804517640441,0.004599945784019605,-0.006054976841397683
-0.0022163542450826016,0.004944626116286623,-0.03614067809813415,0.031151005764670493
-0.010856439653194092,-0.013692452665405617,-0.15384948606327908,-0.004852307064267609
0.01626532194490758,0.01228211848812834,0.0360138325066553,0.0189398201672659
-0.012186562603219835,0.006400723144077613,0.04453121583281344,-0.005245165036179368
0.006037878129545515,0.009281581599223064,0.05519232015438431,0.01194457750504641
-0.01938038534214743,-0.007810998523934495,0.0010421025390305668,-0.011829377113131825
0.0021106894117195567,0.015078685098274031,-0.022679683166052338,-0.0011243442877849807
-0.013901381409216582,-0.021117965678290232,0.019242741328905938,-0.015244782665735831
0.009978032131971447,0.018977723245708657,0.011674257976472,0.028568892000388812
-0.014109811963743587,-0.003947309718690903,-0.03960360944657592,-0.006989071667780474
0.004793319988930654,0.009392319389974604,0.017857560202303197,-0.0020960561068544084
0.022235410811889716,-0.01126743272200272,0.00034155282181088666,-0.01947659151669255
0.002484428736317933,0.0022220651174162756,0.07910624722725408,0.02343558204167419
-0.0059730924509316784,0.02554303986210498,-0.023827555571310416,0.01938068437257959
0.006270797391083151,0.042427406190420444,-0.03868634165630777,-0.0049548104364614525
-0.0027821336764694907,0.004590493120936221,-0.005418374727754274,0.024269881157300163
0.0003980088646816655,0.01745740501441185,-0.006621400161764133,0.010330931127021858
0.020135985651885714,0.0015203325251185616,-0.01861926308527601,0.006060918119442569
0.012833452642264409,-0.030134974737803088,-0.0548353231730864,-0.025898587131571196
0.021987220737205337,0.025439993152528935,0.04848766871497916,-0.00788669145562898
0.005211382965499187,0.013203438882959067,-0.0009508330128998894,0.00759471503694594
-0.01700160343653153,-0.006927356204234811,-0.07030747928005848,-0.0009182563956026811
0.00028579759973666486,0.011060928263480669,0.013080017887538436,0.0032243496434398574
0.005366271415913139,0.01783988777058804,-0.006501707849529647,0.01666423914670077
0.0059970054947703815,0.0074622986953861055,0.046198855706690405,-0.007589083443356966
-0.005902339990113746,0.004984454919256748,0.01167844971117151,-0.013469594407807156
-0.01210169433492717,-0.0051673099282076845,0.01075495879659973,0.004741243768441597
0.0023460715289745234,0.039614420191223965,-0.019500985006087518,-0.014713948411098155
0.005008640671377069,0.00391734766955151,0.03444095462458378,-0.01058541211384996
-0.000666366230369783,0.009466639146369284,-0.007050661595447646,-0.002136229802750815
0.00550807738367113,-0.0034161611860592275,0.031555911584314186,0.004083504801290641
0.006137064624154945,-0.005992059702308101,-0.003525100711992725,0.01226322162219449
0.008995464644902971,-0.025709853858088744,0.010959828902223289,-0.011511064997839885
-0.0011666327814258467,0.022202635834811597,0.0013540923687317768,0.01236629039232375
-0.001822849641837873,0.017183810026743608,-0.08552542784602518,0.0017082596802055496
0.000561258324225121,-0.0013823270754584475,0.034637201499348805,-0.0029702975586290144
0.0007945711497307053,0.01855865226448988,0.029706848621967902,0.0069217085822135555
-0.013072742970519372,-0.007040271693966676,-0.013574889801361277,-0.024873855059400308
-0.0105635130005587,0.02119707794992163,-0.006747506520358081,-0.006866334716463936
-0.007104750713967717,-0.007840175111206516,-0.03434052685502853,0.10663412065578584
-0.025321593066626603,-0.023608121226798857,-0.018465033347039538,-0.030761501884359232
0.004781584991822558,0.035512069773851344,0.02167142527004271,0.034542643203814595
-0.0021168961182062526,-0.009713718442209087,-0.0017476574412364776,-0.016768489357842514
0.04965337441251654,0.00648625663512085,0.03560499649944306,0.011110778715546235
0.031298712343558535,0.0074960875747013345,0.007349951735303974,-0.013248050088698478
0.04148529065897621,0.010619919900410979,0.02264179762598033,0.009757519072888219
-0.008372309739574823,-0.0035091545807863955,0.028057128395424267,-0.004468532152483818
0.010813758371364397,0.006023816556037098,0.005324552775796538,0.031020454756871742
0.015897437361664515,-0.00860873784140695,-0.004292710283261014,-0.012636352039227538
-0.002360009613884975,0.0023651897166505477,-0.011260099884090402,0.002624370717165159
-0.005125269260025916,-0.008662804692042862,-0.015072159502432556,0.003955748484299955
-0.003027098981898543,0.008607885217185033,0.013819862125930686,-0.02300761380234965
-0.001430291785831238,-0.03562519003687552,-0.017608491717904177,-0.020924426013696144
-0.01993191816954049,-0.0013673634964971996,-0.01656474162017639,-0.005016141491094255
-0.00492334850628289,-0.0023974379006856325,-0.011770166368817137,-0.01159533299004401
0.012636557853807327,0.01705581002367675,0.0603104166993377,0.021006364683876993
-0.0026378418247804086,0.01017330889317426,0.019196337227210383,-0.001976013205392039
0.0094202286822618,0.010841395706416915,0.01452187916170169,0.001061471829366317
0.005132719840409774,-0.0009356628960004141,-0.005903612812939926,-0.008951185991350507
0.008940749184059526,-0.007905624375742408,-0.010408659566889222,0.004978344131056833
-0.0018076343154580796,-0.03381165435421267,-0.0356293206445078,-0.01666022364760569
-0.010479434881734952,-0.019713036514491123,-0.01360034804236362,-0.004871840760248719
0.0373823332188683,-0.0009372260023245525,0.014259073808795026,0.0026356273559348773
0.00547826662608221,0.006076904242296264,0.01320230431684188,0.015615926119870994
-0.00037541330898129005,-0.02740216240269134,0.035717557533237444,0.005062937938060968
-0.00758004513282915,0.007693824414153946,-0.0127361095766315,-0.0001994628495672696
-0.0149506219450665,0.014451498666018775,0.0016441653277190816,0.017655252800885587
-0.032791271045805905,0.03775343262051414,0.0023605495234688204,-0.018080657071494696
0.014185276809186579,-0.0008462586151700266,0.05868272574299215,-0.001437138047226124
0.017410496957209892,0.0036620168169008314,0.07098109112687562,0.006226338925209736
0.011173249798929598,-0.0003937326094895513,0.034992045964953526,0.011984656970805665
0.006107248126145962,-0.01627798588375764,0.027849686096646824,0.018527426790265714
0.003521013968839509,-0.02659722737366243,0.010006196509857018,-0.004219367890599128
-0.004655392669439339,0.03434388991210669,-0.021384159862326838,0.005822780497560708
0.03153058391446455,0.0024367633114044094,0.021877209710827277,-0.002399599750318743
0.042192900302590174,0.038530451374934785,0.01892459915165681,-0.01645512203047072
-0.006464105813548765,-0.028617642790173294,-0.019441082441463448,-0.012837483295684522
-0.00836725849202465,-0.008216136468703266,0.03900845039857305,0.0069389904176186245
0.01791159235712427,0.004060340737146719,-0.04480186162620923,-0.015567696517135235
-0.005504221127631377,0.0028099031575023995,0.03938961629749567,-0.006913836103827308
-0.0040401127374681736,0.020331822428759798,0.006360288086303643,-0.00047063111480474514
0.0007858061820065801,0.02567782632915341,0.0034011943142930328,-0.012207740355054043
0.0032151674950933427,0.003531195606199452,0.03260699487618123,-0.023476576559829022
0.006555096245001334,0.008773575541577188,-0.052409624917241146,0.013445238375703045
0.0034553030219053762,-0.006746228303479965,-0.014252492909231236,-0.022941854330524987
-0.005168026032186899,-0.011148155872539896,0.05305409919515741,0.007151812151099968
-0.0008183005676312295,-0.002698441213908405,-0.04549829949251959,-0.0036115655785397835
0.0061414329738929815,0.02175681948046783,0.012847468714676217,0.006653118638235424
-0.01570052856314726,0.018130894630978597,-0.007206358713169257,0.02159447557837204
-0.035132010240949876,-0.05009963153015511,-0.05195335338705128,-0.03921799264960719
0.009697188915848344,0.027782585224038966,0.052779538485349636,0.014637832209760894
0.00044404353368307243,-0.045019240466326105,-0.01539666493428667,-0.009899217602967365
0.006316543897858392,-0.0011114789856192203,0.013674604901329141,0.012480782273053336
-0.00760886043856255,0.01095022271154542,-0.014816786729139185,-0.0076663752402458514
0.01937056750233797,0.007725462942447067,0.024331310172500658,0.006787975192971718
0.03868097494530444,-0.003170638763439442,0.01831477587612344,0.021048484402705188
0.0020188933418115364,-0.008136414546060781,-0.01085364312168525,0.001501313545190485
-0.016576702058946933,-0.004869391502995129,-0.008235365016010689,0.00019082980719445635
0.004362523603168023,0.010374211051715317,0.022547291398770954,0.0008041862780732096
0.012404640585310558,0.022258035392054606,-0.03457920037137167,0.005922401637862599
0.022535316635468854,0.027692151144970024,0.042211814191010485,0.01673453197791794
0.0007065606505676427,0.04861857742843619,0.01781041931942346,0.0008254133344545044
0.0025988547161788934,0.02945785122908878,0.002082342411769511,0.00030602986446032985
0.006283446827328092,-0.020248085279448852,-0.047501755655160294,-0.12030235171133391
-0.003802262344922466,-0.0019734183403692595,0.03671813319553837,-0.02756441800048763
-0.004894215035782787,0.021448378486165685,0.025538450543862383,-0.016546973300568396
0.003672905070218473,-0.04039310108689996,-0.052848572813666,-0.016426902098165323
0.00037029605711407865,-0.01766982230750043,0.03930641199562339,0.013663182118472136
-0.0013707015250657905,-0.037208545384962245,-0.035599264459215095,-0.027111653750646433
-0.004830527423589156,0.0003721114707823952,-0.03744886561150212,0.004465418177578069
0.004538407434672484,0.05631653285510292,0.03592274671529928,0.016035802994341392
0.02137110593244862,-0.030037214335174377,-0.01268032095842644,-0.007435344635741693
-0.006487791833362907,0.003307882918741538,-0.020731107188327342,-0.029239478759321084
-0.0019032501358421112,-0.03646711365097375,-0.06875241071018368,0.001443940431991763
-0.0019804359095259394,0.017558788910905374,0.005853666241942873,-0.0007052580016782483
-0.018338265985077234,-0.018951133903844657,0.011238716089416035,-0.01229936358796035
-7.469497556412872e-05,-0.028483287444823868,-0.01893489628165649,-0.0072017599492540055
0.004179013490990589,0.028054414059495738,0.006805426562391663,-0.01240751684245367
-0.008638599469070626,-0.032032341881092705,-0.021922199285516537,-0.001983810456989164
0.01948949882234899,-0.009790851268402874,-0.010530198558583292,0.008619194035210347
0.01618582582601152,0.020308941393949672,0.0660172720981127,0.031146400736734064
0.003798202195763628,-0.02625236853586816,0.003870128654219355,0.03709787293638361
0.00209182590417099,0.013628426497535618,0.016974787220379935,-0.004110711157269659
0.004672952133414649,-0.018250529412443567,0.008380619474776033,0.022379882035627328
0.015126209461309542,0.01636265119304991,-6.97394621241348e-05,-0.010986900329077046
0.010855683796743168,0.008522905549192543,-0.0020945908399217085,0.00967412902271774
-0.007153633631999635,-0.010358780113431765,0.039960567737700375,-0.011657782134738295
-0.012215793279375341,0.02093976783855516,0.017287167308555625,0.03371233271057631
-0.006863570983802831,-0.005303645132968149,0.0010335035967348669,0.01781382669894645
-0.003197560218945108,0.017067494481283838,-0.03447772390855956,-0.009879057154513964
-0.0025582890023414006,-0.0031307522745196094,0.012636566806914386,-0.014866982266891768
0.005755849221286536,-0.006454291233027983,0.014008389943790958,-0.010450802207778402
-0.0026939160410902646,-0.015629217144241425,-0.010152139695978377,0.0039606640034290826
0.0008988517870461178,-0.03320989556876012,0.026650529578487583,-0.013077182721385533
-0.015098445975886323,0.0072300945050929495,0.03500417593015653,0.0058937104921780725
0.0018224589395023538,0.00807896271619421,0.03019325551468915,0.014778097473989466
-0.010138194827446007,-0.03889665598996,-0.04727460429487326,-0.01170952424528397
0.001286685099730744,0.01854688041923136,0.03389652701091261,0.02275676986020218
0.005422726861126484,0.03858226769342382,-0.0044993863680713635,-0.008585123537063052
-0.009915011500959322,0.014807720863768647,0.015527202757109204,0.004135518182982515
0.005116613877828172,0.02960802520538894,-0.006507353223946919,0.0051867587485830875
0.0053096944255422995,-0.003176160869262579,-0.0003295782832779731,0.003917514146959631
-0.0014984751785940306,0.010128246578782895,-0.021258551524587485,-0.006401981304311324
0.0013159470067161956,-0.012198174039463773,-0.03327112293491262,-0.006959292794560984
-0.0024870835251959533,-0.003619329992199417,-0.01139973602177475,0.010961570601277672
-0.004477611054965066,-0.005560855557135792,-0.0104187006411069,-0.00883839332861324
-0.003131421666977736,0.012521788173345913,-0.02624643791802105,-0.014773307846019212
-0.013933738517613961,-0.0038730170930417218,0.03057312274344065,0.01280193567963011
-0.018504465279846907,-0.004688795139394922,-0.04230652917497186,0.0027739623294907832
-0.007767566996107173,0.009937584060043825,-0.003586402728205757,-0.018223851620838477
-0.004967425592754203,-0.02175683184431315,0.010124471981728621,-0.004062560420501661
0.0012730846985475868,-0.0009732491752103244,0.02091338126870214,0.010776640280624555
0.0033871074933367975,0.000432699636909862,0.00883700211279967,-0.01712751813486019
0.003069147713342097,0.004693178813997547,-0.003927828743923437,-0.017092953517602805
-0.004184101371076401,-0.014473787878718945,-0.018051031148363036,-0.024981076807205096
-0.006754637533752875,0.021125164339048683,-0.0014354670972459708,0.008541478758855062
-0.010433311478838362,-0.0043936053878168,-0.0024427450941923528,-0.0008862979254733003
-0.035166801688047915,-0.04480567027408543,-0.042609305094350874,-0.02634978374353773
0.003843435636429064,0.029056579750963277,0.02866105598439217,0.014526860894214427
0.002822624697434856,0.00825721619066442,0.040695858938020815,0.05501982886134703
-0.001249069268077672,0.015194528911584565,-0.0006678119583802994,0.01703974120634944
0.029280086238765112,-0.006414656086299057,-0.03135078007637384,0.020434559636027163
0.011135349261250545,0.010933690593106213,-0.009929693133760457,0.0009068689171638871
-0.007110666301096413,0.015788190876832572,0.0012987560805733547,-0.006320385450185619
0.00714945879943628,0.005155768924444679,-0.0351442835440217,0.09898344529684366
0.004635379456155208,-0.007194213250918772,0.032707748293060876,-0.02998551312122757
0.039779426403429755,-0.029306114416740678,-0.02018328139266714,-0.014182515722001115
-0.0019648412969745957,-0.028803821486399327,0.00035553266889641583,-0.02104342956467389
0.0256803727265563,-0.03469725096611551,-0.038532688670109685,-0.03338319233209907
-0.0020998540074744607,-0.013350101548895904,-0.02191272731756527,0.0018220401776812226
0.007977885766246336,0.07577302301087933,0.03439569638292661,-0.013141640887857233
-0.011729030888589332,0.024664966763379943,0.014992548192064116,0.02354658377865837
-0.0034287922059860762,-0.007924416525772629,0.018729813289406434,-0.009644430908518598
0.006628114685600525,0.007977089879130206,0.007170667714086594,-0.0030310903563182784
-0.051274148572826785,-0.016499491079763246,-0.026499721174377204,-0.028640533025796805
-0.022995784787441406,-0.022340344621430332,0.0008867362574486323,-0.01557130911102629
0.03117677762588167,0.011746279262754105,-0.016448249621048336,-0.0007505901530488688
0.0017795329116435036,0.016141868716214123,0.001678940551719039,0.00612862288323798
-0.0143641415256223,-0.0004256193690695209,0.000947679089765262,0.0024224396158071897
0.015233748038497256,0.010166403704481202,0.0002671812076260135,0.01673314775034796
0.006029131859271349,0.00907260443723529,-0.02954695527872473,-0.028480278996897465
0.022143949447182894,0.006763798223351665,0.023604408796446652,0.003211739659873585
0.007650516806739749,0.013954478630994869,0.01940114803767631,0.022259398191543326
-0.004678537445938535,-0.056106163785103344,-0.021357279325286554,0.005066066754975841
-0.03265801167898957,-0.04253837483251021,-0.014967735162802963,-0.01353090061821977
0.0020420069532886102,0.029417916615645075,0.002010344152525457,0.008265952216700718
-0.0036709834343797076,-0.013405999706042235,-0.027372150980348144,0.0023230815822997738
-0.004674457034245198,0.01647011544804586,0.03384721273919843,0.019126414362665836
-0.008530800875914566,0.0016376663504562787,-0.00096123102727329,-0.01078070158241622
-0.01093209183794695,-0.030570537605429608,-0.02198816416611494,-0.024069910414999507
0.009355669758880348,0.026799887586009843,0.004903095477786746,0.003915650339463678
0.00364879782998301,0.011540154718599876,0.0014036436297643494,0.010265531681147333
-7.663911620952738e-05,0.006850206049899695,0.02126320318819362,0.0012070660933169112
-0.019552680241045003,-0.015657060121153334,-0.031914812787204434,-0.02580106455302112
-0.022298700096560726,-0.01590610818182284,-0.009692136394107657,-0.039097917939173894
0.01073701886028607,0.016342847084503342,0.011083506865035645,0.022997325133886838
0.005561550258065924,-0.0070656657992947056,0.00933537602077204,-0.007663425716287733
