AAPL,NVDA,TSLA,META
0.02794172822605784,0.026161639150829502,0.02284097771296026,0.011754061099079054
-0.00691256312596281,-0.00879770707290633,-0.011770465503008509,-0.009962996714657224
-0.020196132430792386,-0.03327345190207598,-0.04935894253519092,-0.02964745165784
0.004154980749966319,-0.008558875073320323,0.015929083234572167,-0.012124204192426264
0.005128255573328486,0.02396223375776416,-0.034440713289359076,0.015238225737342176
0.001483831656881811,0.008453726543781487,-0.012065159218404247,0.027187133363930013
-0.01235020171253484,-0.005925478952496539,0.039029424523405194,-0.00974422312564762
0.018591542460864852,0.036350133161755956,0.04958242699342897,0.022420389476921473
0.006934684644963364,0.034134384562755526,-0.00929552576717066,0.013925029570466436
0.023303629027279383,0.012644400853427301,0.043324388497766333,0.033744087766881446
0.0024591395192920733,-0.00904890157915234,0.0008244361718844317,-0.00861555051782511
0.013301498376696053,0.02013994209700573,-0.03031223705748461,0.022056292187814873
0.019050886230349975,0.012192652320626926,0.018941076007001657,-0.00022361269588427565
0.02004958857212879,0.0057804972436944,-0.009964638245883383,-0.0017906055110558647
-0.013321429319480708,0.0546591958490795,0.03620406408291566,-0.0029487368187119103
0.02401586758516313,0.03046672645714618,0.0824615371588125,-0.005730047175694193
-0.018014418211699454,-0.026005586686002224,-0.04027179907894094,-0.022659212722632237
0.018535090175724068,0.054781846219706366,0.009000306677510112,0.016376599083221154
-0.002531104395220667,-0.014025420626676463,0.001257911412789418,-0.005342024004506787
0.005055934655596445,-0.03522428904490001,-0.034587909254449344,-0.012951694463152323
-0.012913272933305112,-0.012478556384510278,0.006082481415169929,0.0013554893666037965
0.0029258126463426832,0.012397333060375907,0.03435484924604316,-0.003906496601970038
-0.011754253781762584,-0.03378265172561898,-0.03338171795091616,-0.016555566581557886
0.017877548227824756,0.02756217433670154,0.01340170287553078,0.01542726300590351
0.0029733392265237856,0.013840615146985785,0.011992516455123612,0.006322789536652142
-0.002452357516379286,-0.006238000027956125,-0.046385859854230695,0.0017473337736842033
-0.006045385616725443,-0.0068494477895687175,-0.014780794025162398,0.011561062303110487
-0.0007489919932062599,0.003136847028860846,-0.02537683713134589,0.07043327277844327
-0.015248653822706187,-0.020785614034641128,0.04680461290993818,-0.013535308032432256
0.008181469951775943,-0.011576244887968571,-0.035203052789871174,-0.007720125214909696
-0.03602672694635191,-0.033270249276816044,-0.016636360929421883,-0.013168421897298312
0.0019536365644514265,0.007445627243840407,-0.003956776807325818,-0.01054669587239974
0.012721225289533854,0.004450851560791046,-0.011090612633393284,0.015747435534729494
0.005313193915445569,0.01972113428057857,0.013219694470214068,-0.00294172708221008
-0.026143176578435096,-0.0375930438516133,-0.0666139869184463,-0.04195454607864023
-0.007437946245101614,0.0028349079712633243,-0.019001672485714396,0.0018284513286942832
-0.025254714731320828,-0.03903952031307502,-0.04525703659502106,-0.013069161164395616
0.017761155754577016,-0.00680077859990743,-0.03133918628539079,0.008917537603788548
0.01965027384193329,0.04140933082350028,0.031084853734470938,0.03438822017155007
-0.009301729789644868,-0.00545610539034928,-0.02213414578006038,-0.0015203170292218328
-0.011309508320775565,-0.010627633964000963,0.0018013224952045325,-0.017588662366470956
-0.0012821803407098422,0.003561067958755916,-0.025252562795766022,0.01164317577315301
0.02079429893746182,0.03813459142164395,0.040553601408475165,0.015881428021837497
-0.014877215147867112,0.025622808413712374,-0.010105809239520404,-0.007498025846820432
0.013226328957877356,0.040539664643034413,0.04306162202970284,0.026216180104087602
-0.0015746138583309513,0.002287266272167155,-0.002889839951081735,0.009687122781875284
-0.00039414905809871204,0.0033336152839345914,0.023599290742317446,-0.0003965171673730963
-0.01245410178912324,-0.013595106139551207,0.018752900206065234,0.015414836751478915
-0.005362317988863487,0.04768865476303149,-0.008964584890580543,-0.01215464822029136
-0.0026518677384590266,0.0012304996498271022,-0.002113500469111133,0.0012158640553150092
0.006256556058887915,0.03109872789935319,-0.030563287475861584,6.1020729171727544e-05
-0.012228682637166635,0.011348971890244508,-0.05482031154624074,-0.009493595415514101
0.018843711495386394,0.03522975541146745,0.04473860632554917,0.013132586607454129
7.938132756570219e-05,0.002315629243406985,0.010098272085864791,0.018683246667532814
0.006649584411826738,-0.009237137978257778,-0.0025481655598922595,-0.008653569979956826
0.003072604248102356,-0.0054435731669098784,-0.008000903407653626,-0.010332498294442499
-0.008055580615734349,0.0038380323810570938,0.018761400839628444,0.006669663554717571
0.009784616264012669,0.02270985517395683,-0.00037708912038201647,-0.0036159469537795368
0.024280597861691167,0.010797013007526106,0.012708130416930218,0.016496653681265943
-0.006458669353558357,-0.012860657315077998,-0.03012429716067012,-5.9457324522865676e-05
0.00392631396863681,0.0012218241453328125,0.009151155788618984,-0.016980880467942164
0.012522304053488729,0.04646057784503404,0.0192069740346885,0.01626793929513336
-0.010143264133776845,-0.0009918422181782337,0.010823457790850165,-0.02056613371527615
0.014005647449873206,-0.01141235717607384,-0.003986737073227676,0.00794618704141
0.01261828386002005,0.024630303471492743,0.004628256702323586,0.020080643478991297
-0.0020920212699991106,0.008986807185219112,0.051343820984031875,0.004590894347050185
-0.002171079508845632,0.007749284189742611,0.03479874196476401,0.007575566511835555
-0.0022513490692824397,-0.009127651769927702,-0.011763228305736152,-0.005288133989576555
0.012467832448172077,0.04891270912701107,0.02476994196174637,0.04095218618256997
0.011434677041743346,0.002087174719183202,-0.011624991064809973,-0.01060033731577654
0.004610229305084367,-0.0012116210299967063,-0.0015582931945795787,-0.011949849744226962
0.002261166494790458,0.010419191800569147,-0.00262225819371756,0.019029124994219784
0.01940674943830643,0.013513986412117521,0.001444593124038416,0.00087444813627729
0.014611246592880732,0.010270742783380539,-0.028870583198134143,-0.005427668542692336
0.01779597997095662,-0.01591194759991669,-0.02289574720602526,-0.006512769225234871
-0.009242332207459831,-0.02329130593280977,0.01257859403128338,-0.013905366509807766
0.012970511968405204,0.007383256557647842,0.006321812249024031,0.013705792898077735
-0.004212619877710527,0.022793191626664887,0.042832279170544656,0.00778884443133072
0.00785833498751437,-0.01287965665048139,-0.02534398967789286,-0.0030344957704621345
0.023814469081125465,-0.02037897657934796,-0.02293732311171139,-0.012748188087526442
-0.004502144882319006,-0.045114884085558415,-0.004263873629526309,-0.009160655997257815
-0.014175869947486382,-0.04338464822999903,-0.009854715165981626,-0.009626450139757915
-0.027283411815665827,0.03350305471429715,0.003099673103658058,-0.012416922554412558
0.025642893399874796,-0.008973005066070483,0.021857165705963834,0.013881579263410701
-0.0051450169090923314,0.04198190660204456,-0.007919294852611359,0.013287136049738342
0.009582307233177373,0.009435243260652655,-0.00924460786068585,0.014224114132403728
0.011917828688693803,-0.00183886644862906,-0.009097683584931696,0.051607795656860654
0.0028905577836550187,-0.013590468057980932,0.02189168871378688,0.007194428865732946
-0.015012745108187234,-0.004467335685048301,-0.019718078031379437,-0.012563251359794567
-0.0122710476736336,0.015241198121703856,0.0034062276545409947,0.014762283143045861
0.004542180149857926,0.00811980636319895,0.04587275846182932,-0.04090225906878924
0.0015094510936279205,-0.00832488890130636,0.014437208664382839,-0.005653372226377986
-0.0023337591708823702,0.012790357439844437,0.03217472594711166,-0.012283785085889226
0.012565042906492121,0.0032856553525870105,9.862134908657855e-05,-0.002019445706768931
-0.0027862350300592083,0.0229003200231243,0.001661168327351945,0.021629793866429235
0.0007482291347216064,0.017746157279693545,0.005205072568156722,0.011220487964053867
-0.004778258319177418,-0.01321870865664183,-0.021971130346089583,0.0014867949688269395
-0.0003420038100496951,-0.0034921644761103793,0.02075293960905606,-0.005240572378650208
-0.003359986868659822,-0.017847289784291707,-0.005295892009324611,-0.0013281789523637668
0.0017840833655121619,-0.011959435376327935,-0.003061037245157465,-0.003245342572369111
0.02056061929653151,0.010403036486685273,0.020181504916966016,0.007445304083895615
0.0014093848566865913,0.014117374856282987,-0.0070584091033222005,0.0014604979415901184
0.01345703119678945,-0.011858999932395146,-0.04418754471286682,0.009263685480199343
-0.006173014271851464,-0.024970926001883595,-0.03027123516946714,-0.0223730149534569
-0.025832044829424732,-0.021716314446268117,0.03437259258571844,-0.008404624749000679
0.0023205328346456687,0.03903888957421085,-0.022783267048393844,-0.0009288974318569211
0.010105481824211244,0.05014087325501953,0.010031571629142592,0.011896769300707481
0.01020488536512575,0.05340975301857236,0.03756503320848795,0.011014044582062779
-0.0006013180032183967,-0.007542912541290267,0.0030958501857263057,0.005927101089527119
-0.008457061472247628,0.019088829135469602,0.0038177489873267093,0.00784868587587849
-0.005542161000106245,-0.006548934696861701,-0.014217568331421088,-0.010945000826785097
0.007158683746533118,0.025412967038868743,0.015229452832627683,0.022388602436850806
0.029963414789242294,0.002294703502064439,0.026324794631827943,0.02132084247720725
-0.008460205725282416,-0.013268702190973484,0.0065592749200010505,-0.003368452624651134
0.004468542633376308,0.0024987050441930237,-0.002217981262751364,0.007013203269470757
0.007447118635924777,-0.0020075108049016576,-0.00231847373209337,-0.01787915462228247
0.0042215325442880635,0.019762407361172653,0.0016098361025145228,0.002608012680018299
0.015370969191874077,-0.007955216223643908,0.026035942688487673,0.015611299628672514
-0.01013520108154346,-0.014355500757692399,0.0012609548743898497,-0.012135617009328014
-0.006727353419551747,-0.007278530754968896,0.001312369553312357,0.001138251967201122
-0.033662249765693264,0.013481443436113204,-0.024935356375548032,0.0018235806682915868
0.0038857505742117583,-0.014609153542455487,0.009099139444443169,-0.005773237506590985
-0.009607875817601301,0.004054746626418079,0.002003341828722264,5.309702273178092e-05
0.006124793127902532,0.004440988605449038,0.015117058319369688,-0.00695580877874142
-0.0016116453016118244,-0.004440988605448986,0.0015335851645735571,-0.0023026838216368755
-0.01851828561943543,-0.015495907208782016,0.0032970919669145526,-0.022609310351360715
-0.021592609063626592,-0.0365974694196412,-0.03936976129858423,-0.025042432909464223
0.003422189023495353,0.006279478011327788,0.012534643183807646,0.004991920453018908
0.016731251815063297,0.032188346966122036,0.01684451236014587,-0.0407369597763809
0.0066970505215107005,0.02435791765058029,0.002258262820491851,0.007980714370766383
0.0006128468148186416,-0.017997568039390777,0.027160841972020323,0.020031574727578386
-0.010606348405852542,-0.01925004021878565,0.021677401377557137,0.001755034506829658
-0.024088779533952127,-0.04538204177473677,-0.017592195347548873,-0.037254369603815334
0.006462044737862145,-0.008831568587346938,0.0048111864344248965,-0.003057623663483545
-0.00935529754941527,0.009652610908562606,-0.0074897880450971975,-0.0006478461742817133
0.008094206425373788,0.0012544906387611846,-0.00033534501293734615,0.01060975324833018
-0.02491353009831019,-0.0499189550060716,0.008106673348889567,-0.05015706168870318
0.01405900739008876,0.03579010490049395,-0.0012035741082394261,0.020419752852586924
0.006287436465515237,0.01210161069132562,0.002763320999873195,0.0020402284170174833
0.009043553147958532,0.017953873937485133,0.01377889392912291,-0.013336362665679788
-0.0027255688330696513,-0.011645205339980811,-0.010284539562274665,0.002517782036627957
-0.0006300926731069375,-0.006550159652173248,0.008177997401230774,-0.014035212084957819
-0.009144382678751398,-0.0011603394083665782,0.01725061613832015,-0.005175491024730235
-0.004249152110196727,0.012881535018333962,0.006630349593761303,0.0023755123629630595
0.02002379026185091,0.03781657706129999,0.008886865672994949,0.012219334363682293
0.007484348644718242,0.005320127397663867,0.02974907491710917,-0.011541665267344273
0.01173724508138703,0.016332774399117116,0.03161711443997285,0.03205839863913845
0.0149676477727538,0.0030551545985303685,-0.006734486474692475,0.01377137339832428
0.003355377797062673,-0.008424627604948222,0.0017687488821671587,0.0023207977895190342
0.0014727568568193258,0.026298994312161126,0.03205181901693134,0.003222587826895746
-0.005298852382145262,0.0014972725701187875,0.017387072543931938,-0.05183524539113188
-0.00033613752879149055,0.019176038222002537,0.11921843486746743,0.012490553454438258
0.004564118679238888,0.06480571862042012,-0.0062938149592970775,-0.039974333225331365
-0.0031525751493087497,-0.010820274832825848,0.018898727534898532,-0.011432488484562743
0.024684224677583144,0.019842061938419912,0.03705562944417333,0.014941168840497236
-0.018322261506471732,0.024789201170559647,0.03374062327713504,0.02076614663938181
-0.005623232864257307,0.010118124897284116,0.08149724419582528,0.019616627658947138
0.0070906846782275825,0.021981326425544196,-0.03074274797958024,-0.005774806331600021
0.00975111069697812,0.007434363908294925,0.03509368755165895,0.010732393959409286
-0.0035046036198262405,0.11370585533929939,0.01313564628546233,0.012674953696806664
0.0035758322262131074,-0.001645662861280901,-0.006378469186125081,0.015598924835080404
-0.005568117442245008,0.03474829225829288,-0.04961124617557869,-0.007385077590309461
0.0024563399362756864,-0.004783483169032714,-0.12772318728902374,-0.009644155005644913
-0.019349168361155612,-0.03986167898525839,0.04251283809069096,-0.023318827166969595
-0.00033792242139483173,0.031114176966453806,-0.0041661953768667185,0.00030513964364416423
0.01423496490736964,0.0,-0.028701065279561472,0.03933931653698713
6.674223165008111e-05,-0.012083338893005169,-0.01957254315692035,0.019377398416049626
0.006644495903867917,0.005910864750323773,0.03998366090579434,-0.013323566110016864
0.01635585262823847,-0.031685464833946755,0.031984216103858806,-0.006406045474893011
0.028136286893970745,0.07927206604875485,0.006744812791821567,-0.006122551710405105
0.016833614103250082,0.04052516177042326,0.03643213445735007,0.01932828287838433
0.0029229814912252465,-0.03169293993085403,0.017272096909531555,-0.012501609228714633
0.002419277234933203,-0.006593270429253397,-0.04223229344871564,-0.01108736662104558
0.003278317995974103,0.028813045855301256,0.006265105659810634,0.011233921157971154
-0.03219139579429734,-0.036496925586850054,-0.031013582803841335,-0.023555621666967595
0.021638005521801944,0.057754247141037635,0.04964715675134432,0.014631760788079297
0.031089214755144753,-0.021196133975808495,0.006810578672784683,-0.04097234645563136
-0.003211290558642181,-0.03859655639604371,-0.044440653310942796,-0.043656334121619365
-0.006148739377546385,0.021743569063804497,-0.009543130353379798,-0.0006761709922134994
-0.011793599424731379,-0.045630901549840834,-0.0663521763056877,-0.011503166545859441
0.021274652945149564,-0.021604634506934065,-0.005889394805839068,0.03531587634390936
0.034832773383950646,0.07656156654676054,0.04148581070093519,0.015421373017051073
0.02252720910508569,-0.018708028306329495,0.016230761245708623,0.023724307470738358
-0.0029745515464988078,-0.04288469887240622,-0.06289341727027524,-0.002240993838003467
0.027628183420215693,-0.009623136406334137,0.013093827482800639,-0.00021236209542325392
-0.02089096413811068,-0.06983771002755705,-0.051053775924629424,0.014272106309755839
-0.008055706965044785,0.006230376505128339,-0.008208173270999982,-0.002244678119183758
0.028110470444349455,0.07221320260613924,0.018072325435531507,0.023453951269254723
-0.040055385372703096,-0.0704503675822599,-0.051585055672323236,-0.019984118175373017
-0.006523120385539445,-0.020859223436524684,0.006076947341899706,-0.0033199941704438124
-0.008155082669302652,-0.002953811637659476,-0.03561605979548491,-0.025303192483490614
0.018906983757283516,0.047760423608889754,0.04198665654283043,0.026530731010639748
0.015202563176118672,0.011116239537106054,0.07227140942458773,-0.011284142118802173
0.0036372079187094964,0.008130057130593414,0.05602002567418564,0.01439118535569658
0.02271492953968591,0.043086625949587884,0.02493491640225287,0.03211221179147686
-0.005783844351357457,-0.02033789406024831,-0.0050128185500081576,0.00011549447194116496
0.0005018844247804301,-0.010642807505163507,-0.002096907250306926,-0.009518802526160887
-0.006600054222652175,-0.013929558888029409,-0.014699782732613053,0.004132004839851365
-0.003541481240953522,-0.005932648830014781,-0.012749774874751605,-0.023535158897375737
0.02469657928798305,0.02385387215052164,0.1269116289226746,0.006489863864727945
-0.012772660937245437,-0.027976219907542985,-0.04273287830059682,-0.0059548789279017696
-0.026960261600445103,-0.05928554660801659,-0.054953895352910696,-0.03741914121491641
-0.016834250871509374,0.020580893863650234,-0.021758379841487693,0.025251333256811535
0.0009879739921608928,-0.033598101375559575,-0.03609004895021842,-0.002017349289488194
0.00011637584266183108,0.005599335461793917,0.029890740749494566,-0.011274974148919757
0.016644212497413817,0.015104498788202534,0.005917481776156395,0.019020976591483305
0.002567022574998176,0.006521260995352738,0.03853754612843837,-0.0033251731195466584
-0.019211235072411886,-0.05219756791592627,-0.06987655465675016,-0.02055416421678279
0.005097354526267273,0.013715318675312822,0.017346435457551865,0.016464869259987438
-0.019074835218069134,-0.03932749679353662,-0.018364847454341894,-0.04231077090744183
-0.021248794949584683,-0.032806573687303935,-0.03441330009854252,0.004516001574932705
-0.010401139002590954,-0.03726788865752663,0.000622510083264904,-0.009526228551519982
-0.01284708306685189,-0.03266001043726201,-0.0539980722931419,-0.043219081389392
-0.004876267309718838,-8.569211515137568e-05,-0.014835635717323473,0.018108798739159646
-0.011450109562774487,-0.04587632072021571,-0.012551567227813773,-0.02812017180853101
-0.0005632720062465617,0.019869442448728073,0.02048773822340817,-0.018561918507511762
-0.002947752974574009,-0.03703797801415787,-0.12277997465910719,3.392687797735986e-05
0.06745100414589307,0.04001950660027515,0.02059221036289143,0.023711927798577805
0.025790031837601483,0.0695882234458157,0.10145138741776683,0.03756727885983959
-0.0009731241952845907,0.0061884097856679966,-0.005856643341232021,0.018157510111113218
0.007019733450896894,0.024219336840632696,-0.02786380690498853,0.012461371779873427
-0.016861044614566365,-0.05262450871518545,-0.016162405874435497,-0.3063906935702217
-0.0016808877800989447,0.015373102900169718,0.035474386816493036,-0.002821931152646693
-0.004243562633740775,0.01667829614726944,-0.017458706575610557,-0.05273948564694471
0.018298353591262057,0.015250278022515308,0.016028052271245364,-0.021255026385082875
0.00825946241468188,0.06166422968087329,0.010787525285489406,0.052292124247551926
-0.023881696237970686,-0.03354639501861147,-0.0298952129692807,-0.017084634393047114
-0.020425382248012647,-0.07537785489785999,-0.050505215210130634,-0.03807266289825798
0.0014218909333758667,0.01319097340072257,0.018159773032297852,-0.008462200068686436
0.022888434830196064,0.087838546032193,0.05191932445845771,0.015044814913887417
-0.0013897835887685622,0.0006038540405691408,0.0010402120327626255,-0.020387437183864158
-0.021498651241427583,-0.07860093790100418,-0.05228610180162916,-0.041632337062167776
-0.009399830339523558,-0.0359340101757688,-0.022350967561475237,-0.007490320463971876
-0.017972744500840254,-0.010716373000405396,-0.04224617718140919,-0.019988990753376512
-0.026204484310757007,-0.04382825486588333,-0.07254830168258311,-0.018126377180054262
0.01654263412936514,0.05901814608417582,0.04695367409397792,0.045076024975304343
0.012882081510321127,0.01707582547284646,0.011299945777284081,0.013777407477109989
0.0016362285372275025,0.009393909700740945,0.07211363413565586,0.0026096563869472877
-0.0116959066098073,-0.03794685843746251,-0.006986492144572377,-0.03638329863889296
0.020379305339017884,0.03132795932149694,0.01779600470296842,0.022449787077308842
-0.001983263001516318,-0.021113337122183183,-0.04724057511561311,-0.025008588955604972
-0.018579755388730888,-0.033357716244242004,-0.0011922300504741562,-0.01444095361165378
-0.024003366637385122,-0.07156240456563835,-0.04104369101185902,-0.06499843523721127
-0.011744708427092397,0.007558269542296737,0.024335419149005895,0.01493043175731251
0.03439882617984725,0.0673990374851299,0.04107819387010212,0.04223994500591395
-0.02756249700227302,-0.015589624067611678,-0.024358017786858904,-0.016713228531358416
-0.024199375732545016,-0.024935462582160933,-0.05259370365966602,-0.0397106079569224
-0.026921469028737773,-0.03546306647403942,-0.03711720154932235,-0.005237276490928228
0.029245599581937363,0.07420518498302665,0.04530634609366675,0.02852349411595753
0.028602118061616263,0.06419017835314722,0.046704219074345354,0.05865322089953993
0.006433642103916004,0.010961943346391216,0.03665493442277862,0.020463761595402176
0.020702904248763924,0.06589771447953609,0.03803519751155836,0.04077584602041237
0.008501518323574339,0.010566576495156826,0.017268009913468576,-0.02336659921122243
0.020587259726652322,-0.007886296018948035,0.0760832835953988,0.024105382279429453
0.008199954901497707,-0.03413044290580537,0.005147863044765912,-0.014833756685789972
0.022424540476049196,0.09362802291209318,0.014714339594958641,0.028221690777747357
0.0037273308950313707,-0.016403892526033914,-0.003240181703986614,0.010195163860369798
0.005023826212217414,0.01885197125459733,0.07728050710253655,0.00794773998115699
0.0189536791949571,0.015367436587366811,0.007054913567225325,0.027656395944245644
-0.006671799818386954,-0.03429165622157365,-0.005087674440050588,-0.008782931847862887
-0.01793581895558758,-0.014697628306152443,-0.01509517416561853,-0.02438981743494297
-0.0017193827795899817,-0.021260677380827587,0.006465651918934319,0.011135890206534695
0.023416990383754284,0.023969033867272133,0.05459557817973847,0.039417375710784575
-0.019123663451715713,-0.05364285895730011,-0.048464637280470575,-0.008803459925302765
-0.018623062589859695,-0.06056935683187281,-0.042589069768463106,-0.037531348796124825
0.0018024416208006794,-0.00818676515590103,0.01093679078037125,-0.0015685589032485752
-0.011980310194588537,-0.046028204415767,-0.030510186068030958,-0.002784839564518343
-0.025847318812496856,-0.05339220436853447,-0.049534931817513166,-0.026756784670264412
0.011457648499028965,-0.01902358746825807,0.01122853693277581,-0.010776076569082929
0.01621053384526413,0.03198833584619946,0.03525937358618668,0.003961734198525073
-0.03044729235604358,-0.04349414269017855,-0.03723709338922126,-0.022627230853865546
-0.0013317434836721874,0.024396732627370292,0.01939443951963136,0.0028032454909559406
0.014016438641017257,0.01887242025267539,0.023480261839117743,0.030557328448344186
-0.0010159642208294824,-0.0327869907698008,-0.05082502163771964,-0.08090987007849794
-0.004855580505389604,-0.062374667702686494,0.03180563608534794,-0.06360081052997377
-0.028215360644829504,-0.033657467442641455,-0.003704429607069112,-0.021280926883934216
0.0067146156113119335,0.01963695394362018,-0.007019222592886596,0.015521813580041106
-0.038042639105000456,-0.05760171819653415,-0.1299278575282087,-0.03283436363146341
-0.0014678571983930406,-0.020052605066967464,0.005790878918745771,-0.03372059398351222
0.044165514883471736,0.0716066455315551,-0.004548029513557434,0.16206445850969195
-0.03729152646633535,-0.06446448141576112,-0.007721957937068309,-0.025900000535981463
0.0019647011572688916,0.051797437812104975,0.03628977282780161,0.05180951217696069
0.009576590939805564,0.003525855915117113,0.006963974902024329,0.004253560881569623
0.040189834813481165,0.03666301658019555,0.04659599279666411,0.05228097313254945
-0.05732837102276962,-0.07609965386395044,-0.08695990905101429,-0.0701253888554198
0.004715881938570925,-0.00900896670495269,-0.00877557365586079,-0.021891500368859153
-0.03375229846306812,-0.09691809639901904,-0.0951126361970946,-0.03780620970798978
0.015983385934230994,0.037347138770559556,0.016293707630266798,0.007312195138123614
-0.05323359609117994,-0.05640653771352376,-0.08615264955046516,-0.046127456891677944
-0.02726239678342771,-0.027741511210142664,-0.008207980246495447,0.013158916418626598
0.03141785495754102,0.09043703671067721,0.05555683158900242,0.037864284219717576
-0.010729574473635742,-0.025280355121262855,-0.06055559591829793,0.007123701438552147
0.025104432311871504,0.051533750689608346,0.050132289582274676,0.012814932898433206
-0.05807291507755901,-0.07059762224424965,-0.07043726926027942,-0.05258748819756532
-0.024950165989060413,0.010921666558888399,-0.0005496144580126333,-0.004954116324355272
0.0017457996176781206,-0.02543205128395064,-0.06631616117599509,0.011693699926543979
0.039335276652695095,0.012146197007634486,0.016432950581559483,0.01380313910356089
-0.019403111774345158,-0.045027761179395345,-0.07176955888757142,-0.07924461291363905
0.001139400752030501,0.049574071263954946,0.04762508488803113,0.013968656639341206
0.02293442522108471,0.0503175736518802,0.07164265445291097,0.041554966322388254
0.039948139289587244,0.05238261641899668,0.0707688185938516,0.0180996533430223
-0.005360255261271268,-0.007416873156139429,-0.0018051917677216725,-0.007665371686491352
-0.0008740415054026079,-0.01903171897951353,-0.023876273341224673,-0.026160202941178882
0.016671626812482666,0.06712812480058672,0.04571303469577831,0.05276055981874384
-0.039318475601946935,-0.045528917163656854,-0.09672413884722543,-0.0414800674289942
0.0052139354020808975,0.0035193262563091507,0.01591980642197778,0.018025039105844645
0.017432913387383453,0.007424835548775397,0.002542820180630796,0.007181359408664576
-0.005056120548336546,-0.014586348414678868,0.012397350726358317,0.005047183203213734
-0.03661807322259821,-0.03270397315121787,-0.008970671737446728,-0.06643889364919381
-0.039394560233506654,-0.061352241995413115,-0.0316877053198606,-0.046897784397773805
-0.03903709643440221,-0.08140348591551633,-0.07366972655880115,-0.066587393074056
0.006650822706013172,0.01200665250861055,0.023606322357198544,-0.0032317498724445297
0.0199118342666575,0.042709394907226084,0.0533736162801124,0.03374889434308809
-0.04045907418448859,-0.05766029816108969,-0.08927688581957327,-0.05137117822331117
0.011467227981873853,0.017725455547190128,0.017029157609637507,0.01768352186815735
0.032235671557556404,0.04229213925928933,0.08942411634475682,-0.04171576483569459
-0.0038345455068261656,-0.012513204340278174,-0.004015858661335937,-0.0076703328661177905
0.02134404383738998,-0.00828616409056316,-0.0043156097521520964,0.018436772781563523
0.02422167497580538,0.05404455194452562,0.04425503260828766,0.06940849789638805
0.0,-0.015120093615750002,-0.003206786761701394,-0.003945222316725776
-0.0302423353965001,-0.05401447324406143,-0.05133914578061633,-0.053379259564208865
0.012939799426363212,-0.02791721371743184,-0.018100003611393488,0.02008590479791947
-0.018192336502843916,-0.0249514657452319,-0.0177355774717728,-0.016544725315264637
0.016034929066695805,-0.04286106848316904,0.012352524133575146,-0.007594527265364768
0.018753509486045008,0.029913899184079207,0.025215114905161356,0.04973310245797755
0.009561653524518206,0.0110322101921055,-0.00573722846648063,0.009350138611650334
0.02371609818769632,0.046994629012194984,0.05380522947187794,0.014154097339064652
0.0047033488391006436,-0.0012619387304022918,0.02511707828484195,-0.0076370799460920395
-0.014867663485856298,-0.044279657479967954,-0.06772231414560198,-0.047947944054687545
0.006810207445221265,-0.004630656806112919,-0.005448427397798375,0.0023914421967899733
-0.0025396846503155123,0.005422147915147046,0.016890005886123306,0.0013468689925239658
0.02027551932895371,0.013623572232691944,0.005357484236889209,-0.033840395700753916
0.011385134878591779,0.02505420225162089,0.007330299130864308,0.041214101781526874
-0.020859419905655856,0.021279626046953135,0.001997430616818738,0.01524446815636264
0.02637131522075409,0.053861344958567293,0.020505045463666282,0.04986302864887793
0.013419565515603143,0.0468488408743142,0.007991447618970264,0.04074462818045047
0.01498113658906516,0.01355390473210851,0.09331246499887616,0.0004368433877621323
-0.00814399697913542,-0.041341536373400295,0.0019732780255828208,-0.07891957871984051
-0.007425648697629015,-0.017180108011471986,-0.014093787954092982,-0.015599327390718037
-0.008865656574497414,-0.029265400229467765,-0.0363152186530825,-0.0460484771627248
0.03366200419050523,0.0732781727276846,0.05982904612856656,0.06347770730045216
0.0035650873421780036,0.010845705464540915,0.021882347827174065,-0.053661272286733105
0.03226697862769202,0.009904105561451493,0.056238328890716484,-0.010130819082786707
-0.006172334138991867,0.015189999528670155,0.0004262206792024022,0.005203347921818325
-0.009330916418242935,0.0045986116755507,0.011072869479979633,0.0016244214584203427
0.03753461753883699,0.01961627050034413,0.022402858626649376,0.05235402695093821
-0.0019284571278322233,0.016899886174165997,0.004014952135593356,0.010431230877583408
-0.00138985259332824,-0.011831182603957553,-0.0686033118290163,-0.02049349236007421
-0.002906917957066381,-0.06505492008931028,0.007789020718917544,0.01861550788027991
0.0003027767571009131,-0.040545794501565466,-0.0247155543645267,-0.010154240725523499
0.025857723815601228,0.05748679483483284,0.03816806100817755,0.05657822368262484
-0.004441689815252843,-0.008601728196383976,-0.026599955270312264,-0.004777670381567367
0.021199456175041216,0.04186025718734662,0.045690263130780645,0.016816731477846826
0.006313342629026397,0.017116980865978685,0.030493897831355556,0.002158161191072551
-0.0009240730828646002,-0.008071356793706576,-0.008952025876518947,-0.007881090600036724
0.008746142457596846,-0.029238645364065858,-0.008407578354357605,-0.02607944335166078
-0.002294153953445449,0.02360804465400853,-0.0037131047703819653,-0.0010872465044611166
-0.015216992794068622,-0.050472186492882175,-0.02069451464936621,-0.03911552552162981
-0.023298740912850606,-0.0467359840114049,-0.023027123255798403,-0.029668932005923243
-0.002031227187744149,0.008592602793494863,0.02230781558771273,-0.01196945699903458
0.0017923806236519381,0.002383705047855873,0.0021677745650455194,0.013256727588080178
0.014812538031754882,0.03933873450330306,-0.0034616690754643124,0.03325188995290412
-0.038428523776099455,-0.09681850217340583,-0.02732301898385137,-0.042358518191157296
-0.013784604935126283,-0.02863491963155781,-0.011415491099770154,-0.016264754870490016
-0.015423708981721271,-0.021299738142395674,-0.02531598923616216,-0.012708254964869175
-0.010691879317901394,-0.024476218076010723,-0.007554668468041173,0.036055945230091785
0.004695720544211612,-0.07974996707354665,0.005608200169827373,0.014804492133974475
-0.013704829817268735,-0.021027554813790317,-0.025395567131662106,-0.03095313618073664
-0.00824882660168188,-0.013425971436707903,0.015460425583855752,-0.011164913213014915
0.009211351084036042,0.018620572891706638,0.03325755641840769,0.01160146386375477
-0.009664376038461578,0.019925583319184356,0.019408586563541073,0.010358388310399206
0.01866416612671935,0.02798226700213568,0.035389242849343666,0.04281904483256166
0.03778508729811555,0.008168401469649016,0.015693156705112052,-0.0011237232340738311
-0.06047133579311245,-0.09951752785990674,-0.041209445573060305,-0.09837475799487112
0.009509777982163481,-0.00022852157333638008,0.035245873940170286,-0.01089978131692679
-0.019111268495950216,-0.015274403675006548,0.0037601953268899466,-0.012756763497208185
-0.01102073457886768,0.02059241115913655,-0.0013177201460770078,-0.022039746293012145
0.02477379282715547,0.013845194463763448,0.018680537647816527,0.011756396000123744
0.015543774283415123,-0.015513471041563741,-0.001100668054834369,-0.01312456903799084
-0.02047574024842871,0.00643009822019663,-0.026021592607865372,-0.02755098327287779
-0.0063958465227461105,-0.054230485351673845,-0.041438568478665415,0.004913432388241221
-0.015239267479589366,-0.0035890169561671207,-0.04703665354268194,-0.017018601429641733
0.002257818663260321,-0.023279315981455207,0.0024668028538151034,-0.02919494890631002
0.006544636635337931,0.015015790702149258,0.024797737333229056,-0.014551506521495176
-0.01273215937248312,0.02568843530330795,0.017065662059063912,0.05225655755402756
-0.05036621385586513,-0.041358627696367056,-0.07053030781738932,-0.037411552121462445
-0.03049985225532268,-0.006650589031685226,-0.011097446407076914,-0.005366136259723595
0.03028893027861279,0.030264955519158802,-0.09008354847845335,0.02136513728105254
0.025300569822714378,0.0510252315668088,0.02862918608137619,0.011976088023368432
0.00205112899628525,0.003184823758331115,-0.035210184423729626,-0.009310451846528041
-0.006647625934116097,-0.005998653198242172,-0.011191467132615623,0.0006475521395669418
-0.03740986587371032,-0.083679615569955,-0.06533110715825653,-0.04125069925013839
0.002352936660830455,-0.034198862580148294,-0.0004932430962923407,0.002544445707238769
-0.010307943436275864,-0.00722372504861603,-0.02940186584357689,-0.04003115776730499
-0.004615761876307282,-0.0074504835180900985,0.003412211010253521,-0.008123626718866883
0.03306050268339281,0.039220610953957014,0.02041257160441261,0.02164622410256444
-0.03277126629853719,-0.06324610931201213,-0.07845410579918498,-0.02746705046233287
0.028706681006336554,0.05720789636997486,0.06770743117966126,0.05584276274805548
0.009365235340491228,0.006623531987351719,0.003822165646732409,-0.009294038785839797
0.000765094329928971,0.006994541336099091,0.008366694500343838,0.0032325988520336335
-0.003272352410274401,0.011796463525459312,-0.06878698522005931,-0.012841913340917723
0.026699454218040534,0.02206090013373625,0.03395945997966481,-0.011623700328397461
0.014694281054217852,0.010612510327130856,-0.014987724107085643,-0.0022329166827957897
0.019153174783555636,0.05120979276094749,0.051525211920993325,0.058318211008994876
-0.019822572632198,-0.027909919898110595,0.009931639962148882,-0.05754768456576667
-0.030938909173520907,0.021479821677913933,0.0020011878357876823,-0.28179379552505834
0.07283442166321762,0.048732165583280154,0.015123446596271723,0.012782750895431424
-0.015530414336077162,-0.02466186998717165,-0.004297734947231046,-0.06281936595759713
-0.017698508308332046,0.003402347248561652,0.0012298580156588981,0.021661503855888803
-0.038018448330763246,-0.0242144993774601,-0.05801089494975556,-0.05018814398051713
-0.04333023290023836,0.01516531575982161,0.0015338580999043428,-0.018167133677387072
-0.0019494218825687696,0.05331785326916917,-0.03709208198225607,0.0209243816127998
0.0038947161120217537,0.010190944011180548,-0.05137700982212229,0.063271146925705
0.0041664894015982475,0.020829106428050016,-0.029766854567743133,-0.002588058839717627
-0.03375340297630677,-0.05823059676129047,-0.07436539035358274,0.05053101981109213
0.08523641081909969,0.13391235251975384,0.07132888823212645,0.09757430760744919
0.019085382988977318,0.03597999506471876,0.027155202242509627,0.01022723380887798
-0.009530879269040478,-0.001961720971443404,-0.02594999483044167,0.010561706630560726
0.011799662218095818,0.02251227229524266,0.018009160285334423,0.024731108914877828
-0.008365899156044184,-0.0464230342890202,-0.03934004993858786,-0.03343644765564958
0.012887875347801095,-0.014753098249467083,-0.020266034660649707,-0.015845121397191485
0.0037746174298098423,-0.017242833472412216,-0.016402810087859467,0.005369288098797935
-0.021918643979498796,-0.005988577631776097,-0.07082202204033466,-0.01973846773452704
0.01455457279109567,0.045997815251858636,0.012079065403443036,0.014279553749229257
0.005908889146186443,0.029550292989443897,0.07530952893106566,0.00715295961952189
-0.01978807730363497,-0.015188458399689112,-0.0018575995078746789,-0.007422161556793099
-0.02661539303795276,-0.02760553073032204,0.00032805270562665304,-0.02388957732779871
-0.02137496243855573,-0.011949601758534881,-0.011491515256992131,0.006231552970009854
0.047449979534054595,0.07916158782586949,0.07390252318127676,0.07597265242896958
0.001889673780685129,0.012449636974319759,0.0,0.019619894316600245
-0.003376716826788733,-0.015230609892032414,0.0008214584254523483,0.025008488078309018
-0.008015474362849512,-0.015887730791172335,-0.06580520897353867,-0.008620774042285326
-0.025697224625973077,-0.03822902215834349,-0.01451975486845227,-0.07028869098052036
-0.013880875739255864,0.00828510652018664,-0.03267127201155782,-0.0016664518225730598
0.012059829886919633,0.0630444217177869,-0.003453386948248274,0.012213359738495076
-0.0034405876673636953,-0.009833207072794678,0.03183338116095202,0.004930211685180014
0.016256807666190285,0.03092675526247391,-0.06477309340338366,-0.010320666415561966
0.006759833043567095,0.030165120418343495,-0.04179828130131225,0.046333904673962555
-0.01565814608242608,-0.022269069588936097,-0.02612261140486262,0.01191376286252589
-0.04798724148702335,-0.04170926021620443,0.005533102257132837,-0.04577234905527277
-0.014686150185290391,-0.02273139575564176,-0.04833680500131505,0.027847987477786298
-0.016037685938481715,-0.01931525118327488,-0.0023992055582815475,-0.042330319536106706
-0.0005289471573916573,-0.010451958269312282,-0.08396483835074355,0.022542720414977305
0.023530478333681482,0.025533838668964623,-0.0016704490129968075,0.022546851201259852
-0.024059822670576363,-0.07302232988267043,-0.09302311928148893,-0.022290640823167295
-0.002801770670261913,-0.00870829232676568,-0.017706675474399133,0.007824544690798973
-0.013975617198765044,-0.07402717834060449,-0.12113825810398889,-0.009875870735641166
-0.031165804587900935,-0.006037592619558206,0.032553261278161744,-0.01083869677622731
0.027930635834981378,0.03960153605844456,0.07772640277207259,0.03934707164099062
0.0024657199460986247,0.0007529746840791167,0.011102159833173808,0.0006648690775031361
-0.03812226507972316,-0.020672051945747554,-0.13058999220665155,0.03591061129284608
0.010261319355822985,0.029867327095689754,0.04997884108534127,0.020864710604184874
-0.01066116522521904,-0.03336617826739682,-0.02946907696009933,-0.0033817562636035666
0.03613336117711603,0.0407966511616139,0.02435215499827936,0.023973727734329518
0.004080553815786629,0.05045831509452882,0.057654579278002493,-0.004238955143075177
0.004446501627680605,0.017820915909060753,-0.007711027963739906,0.026824565822137787
0.020892610759188062,0.005766155764539152,0.036109204525613114,-0.0007521530184255486
-0.0005995762949324106,0.03137566276703277,0.00275546279838757,0.028340037952590262
0.010068069231879122,0.023227814389153657,-0.009432465746951967,0.001973267088516857
0.008718429868378681,0.046423119772799955,0.07163646233055776,-0.011897185593681374
-0.005384577946969597,-0.018530244238299493,-0.020825332244057446,-0.017438384553125272
0.0004437590510506776,-0.035854109636657104,-0.012580752996881307,0.023257559814671497
0.019038398894488225,0.06209393195208951,0.04797727392320426,0.023375185642827884
0.023228698861399184,0.07315827665270051,0.07457364612008015,0.027598773847895854
0.010012519662050363,0.003744156277731887,0.0009734348560736818,-0.0009077527676443006
-0.004711727879392969,0.003006351084403664,0.0037457958683397114,-0.011523544957932104
0.014694992855580171,0.024486728013751395,0.1040650092615062,0.04017159391598246
0.013591117767988062,0.028034989455631723,0.10436164069972145,0.029697292597389274
-0.020282340007890805,-0.0608885239746507,-0.06526572943550507,-0.03132793149276888
0.00898052113244255,0.01938077840192213,0.03860663902242871,0.012904368785690835
0.007869828921436839,0.06949437046910124,0.046197213190127824,0.027476911614929503
0.036392216188033816,0.03592234843763057,0.03711744228973266,0.2093074453973556
0.02410691808073708,-0.02845390052437971,0.009041655543147504,-0.01193729178616894
-0.018091518212610225,-0.0005210928440222925,0.024849222136681733,-0.0025228747326189152
0.01906199663049257,0.050123562680674145,0.010470780820742525,0.02944504513462805
-0.017810383254897675,0.0014420245980485572,0.02250783702828191,-0.04368115576290047
-0.006935555614923692,0.005927088163512646,0.029516907690852447,-0.03049905499719831
0.0024531706549684664,-0.04918194335051823,-0.05161833459581209,-0.021417107762906586
0.018632106643815285,0.024296604484930158,-0.011493498714308886,0.02986827118036032
-0.004234038010376361,0.05287329378967999,0.07237801403011461,0.00027868258388513104
0.01380790272625119,-0.00905210924665512,0.023567198213512965,-0.01301061772303562
-0.010484153706128981,-0.03404695467833266,-0.058631243213632354,-0.027003808159270466
-0.007575282992552771,-0.028303207309769523,0.030561678706295534,0.0025482452194118678
-0.027042292223885368,-0.0348728682651149,-0.05394722804913025,-0.004638176372308374
0.002891821844212376,0.004781505496257068,0.017528035977254008,-0.00559444838716555
0.0032852732320094195,0.13121594515744128,0.006006057267467943,0.005361973898986969
-0.0181693855511069,-0.0161024264944699,-0.02601977738759486,-0.009637132163686795
0.008213511364914402,0.009190643946636552,0.05316324215501689,-0.005001143919347661
-0.0034536554903815304,-0.012201230484193703,-0.009290230436857878,0.03135427575702063
-0.014348293361983335,-0.022564972629878888,-0.014395089751065829,-0.008726652793952886
0.00412059318205285,0.02677722778249068,-0.060322654091468045,0.006380201063909667
0.034488222380615746,0.024405959754003934,0.03545612908951283,0.05960965066364753
0.01836987229715188,-0.014164298211027269,-0.02032754273314496,-0.0018911258729116612
-0.014602694384204213,-0.011187535023614617,-0.03198003067013721,-0.0021114735583759167
0.008342295577194878,0.03762898437027904,-0.03089156736881823,0.002489918437191002
-0.015027048579121741,-0.03129405211594154,-0.05117763786639216,-0.017891684690529153
-0.013975615090525487,-0.02030196567661501,0.0030026831172517087,-0.01207093192373942
0.013178536114834931,4.347506051350549e-05,0.005978365078895034,0.007713497559493333
0.013991032870579196,0.04666075440759093,0.04909578215581386,0.07001674378641386
0.0026178671235591636,0.006833675642336852,-0.015452165385496644,0.019042446171177427
0.018521508623536583,0.05277583510220017,0.020188342220549882,0.03566472855145285
-0.005468977725637237,0.00717830225306492,-0.021963216854791676,-0.04654553053304329
0.015365188608156529,0.006779594725026832,0.01717250122413543,0.01118412715794988
0.011873300556578762,0.011478313479392026,0.07529223411697607,0.021752652969552765
-0.009144941329443695,0.010215305786061972,-0.0330851466718186,-0.011692667582612087
0.006945139562761137,0.02694958140897798,0.0055821275337720674,0.022124691021090985
0.008271226046056498,-0.015267993833449862,-0.009460894526444498,0.008433147858204693
-0.012369357437394684,-0.009304106254719953,0.007325624786097459,-0.01550733231491893
-0.003988418701177413,-0.004571369440565261,-0.013753472002494866,-0.01070592706536761
0.01959754254951695,0.021501505170451223,0.0244876221590413,0.02300431159705158
0.009841299994288247,0.014678222590905694,0.0071949836717746535,0.01205271079017517
0.015523200628596561,0.014285973564020641,0.060504162532241994,0.019534704942051253
0.007672022206795184,0.0067454588304261855,-0.06311918518816903,0.0053175303022652155
-0.0032547824502279737,-0.018478551359385996,-0.011307735857578558,0.007714001218160882
-0.011354702647442866,-0.021055490913189628,-0.03734894534323148,-0.015204328347876175
0.005480884194816319,0.005786468609930496,-0.002482632348555218,0.02161091763117571
-0.016101302089441712,0.019848402594452412,-0.0029764508462149673,-0.006266794208900301
-0.007619939376937363,-0.0149779288094986,0.012281322445656457,-0.004199715961258092
-0.004362824170814553,-0.025120610847575584,-0.03403263254550459,0.0007011906149762933
0.03353497991534052,-0.0012086220247539087,0.029256539212836878,0.029241086238516612
-0.0021160833823580722,0.011085952239067113,-0.004853036816821088,0.005160229040175988
0.00012095677290465728,0.009077576592912213,0.010966636750077955,-0.011945072530599793
0.007476562001475735,0.02432941848083327,-0.014703352511066695,-0.00444198226292862
0.006944227814754153,0.009496705406511702,-0.020389861131667686,-0.010101844414411355
-0.005863445287761647,-0.030055748355738467,-0.10254036525166675,-0.012267687017031284
-0.009829199698134039,0.0005531043110874257,0.012741333042302827,-0.0008452488940094181
0.001876887823358151,-0.002843343481335396,-0.015444550452118741,-0.0004698675234186549
-0.009480452480174631,-0.03006805156042506,-0.011633104865311444,-0.024933289329591664
-6.125203702748446e-05,0.026882737515886816,-0.04402465397224694,0.008873907875591882
0.027999672749757374,0.009966664310332225,0.041032719267455574,0.13037456876064088
0.007512812653044108,0.019027396121093287,0.025394246651119615,0.007350629276907639
-0.0005305498359920774,0.04098761826187618,-0.015208459761728233,0.011830505951970388
-0.006210636500581967,-0.024510965144404474,-0.009436987371174365,-0.01633465665620816
-0.00648820550633407,-0.014568543370115665,0.001869644402715088,-0.009280592108181215
-0.009963037440043532,-0.008670098377717898,0.0036667412660127767,-0.014918971978396098
0.04585905027785126,0.0397621715633572,0.05350549046047228,-0.0031740552319237925
-0.000403465275279972,0.016288989184431828,0.01012145995502574,0.002102806062819094
-0.010021117747784598,-0.020096797625786818,-0.015486902413259212,0.00042855830927317006
0.010366967833472759,0.010930223129943888,-0.003612788634512576,-0.0012434046090957717
0.0010940322764124992,-0.010685367706494114,0.020786425091438347,0.011559857732859303
-0.005432004986723176,-0.008363012827265105,-0.024114596337054404,-0.008432764944753798
-0.002901693056388572,0.021399707488211083,-0.009750860107846383,0.021368861846120548
0.0,0.008939904518313193,0.0010214088288270423,-0.00016747429645133058
0.00359675521506348,0.032499469251624113,0.04313493317739194,0.015250318836441215
0.01357328556760596,0.04850934713055454,0.01727768584344739,0.01782044798227399
0.0006284732478723711,-0.01315514123352386,0.018206255962432197,-0.004913933169137832
-0.005495962978628206,-0.0028187359026897413,0.0473245988875953,0.01085131768712312
-0.015270804655294016,-0.0157769148619452,-0.016549549453013485,-0.006383233905984594
0.001630656553697311,-0.004899911168176587,-0.015569850375932186,0.009960856634544128
0.006670165063992527,0.21808787927516227,0.008547333224801432,0.01386755799388263
0.014006192731940361,0.025116451648836503,0.04608376548838008,0.0363338145334566
0.010603080160215082,0.02947447614986811,0.040530008769500823,0.0018299683000811478
-0.0002820062996607788,-0.058442446567283125,0.013676132280176065,0.008345361061879813
0.015895375972776793,0.049904794820659515,0.017450979367424225,0.029369377797963423
0.004764113724525893,-0.011201544471931455,0.030608082827557156,0.0
-0.007599907948642618,-0.003974697129440422,0.016868648629117366,-0.004485111599621964
-0.002062479045905143,-0.013286356863064838,0.0168599499197107,-0.000995319992252087
-0.00778637926862551,-0.03087286869809793,0.01462307267215497,-0.028128760786754137
0.015346530793463558,0.027243892648296228,0.04480209933086133,0.003710674469790281
0.002157763085871261,0.006728882483657638,0.03981660778824774,0.0013976104661689779
0.015517512705059074,0.01819795083983943,0.021974491562613167,0.022762242915992645
-0.0026150968251689765,0.03826369329749113,0.03492701634188564,0.000995576921925933
0.0034854183138890117,0.04702183989831867,-0.007449046704933148,0.0074540783479751125
0.011136258617207807,-0.008032636409827926,-0.0034719442089692484,0.030551025513160305
-0.005877092101387858,0.0009138811933012476,0.01796971375181672,-0.0029494190801419105
0.00048665764654226096,0.025804796268207766,0.05201270640767318,0.011780887279891825
-0.005691622274434087,-0.017570136736458478,-0.05616662426467672,-0.009505921711115617
0.01639035490717548,-0.00046484578070455767,0.019654473293680905,0.011438633613603569
-0.0017126431305716193,-0.01914783533765229,-0.03073851253541729,0.013423901325859541
-0.007581852296536745,-0.03807751572257894,-0.06251408245574486,-0.036181778676606366
0.01494686907263289,0.0301568057641594,0.03729619858071868,0.030346050386103787
0.006307873643446248,-0.01829122105234148,0.023813875097039847,-0.006150142490946566
0.0017950003932110231,-0.007200409396674339,0.004905252914132209,-0.013267046257912288
0.022839585868043473,0.03561329682015409,0.016446493545468958,0.019173288321177585
-0.007815158428261257,0.0026203494252534224,0.06668035183063045,-0.003350751873665785
-0.005888644627816274,-0.0022659173650764917,0.009461225032650612,0.02877570494790875
0.0025055360814416677,-0.005069808993295242,-0.02125228365266279,-0.008117861825124084
-0.005908659360525806,0.00945551127494394,-0.007659314226953743,-0.0050127382037764975
-0.010915220988587625,-0.007628453082386363,-0.01771977662648564,0.012213119910220392
-0.002813951908523503,0.005320075212267293,0.0006674942605875906,0.014146024974156804
0.008945389875012812,0.03469350813011837,0.008121354742896705,0.03637492822125375
0.0040493417329502505,0.04618157272391086,0.021496049775542363,0.013071407522556444
0.0007869733933287017,-0.0111104006465677,0.012444771516691934,-0.014591823071898765
0.01715759409218705,0.02158241322674799,0.03148434056863512,0.005649774337380841
-0.001341232718790341,0.021989954888119265,0.010141906463636843,0.0045932906606563064
0.007046921857146052,-0.008818694270196407,-0.00711596075110357,0.012610239812580089
-0.010148766345058045,-0.03363281871223338,-0.1024426640636013,-0.04362642692103687
-0.00618075502082019,-0.026964023603824255,-0.011015199637560409,-0.027683536839181223
0.0042112306448445,0.006815100013823029,0.03417588510139735,-0.009046429012500943
0.004503234874984618,0.02363586275180748,-0.014148526638195701,0.00975975591013087
0.004534867599733609,-0.004981916010099853,-0.003511861575139069,0.013827310366676922
-0.006602843623468893,0.009808394798591137,-0.03322998965193553,0.04306876309756279
0.013417536277102474,0.018349108423165752,0.041105070589749985,0.04322784080933632
0.0031609724610472114,-0.0004492396082711818,0.0037087357528333273,-0.021364766772399256
-0.004284973158957567,-0.004762239773474809,-0.02406922380883306,0.012817801502623521
-0.01561121822440254,-0.04931809415646338,-0.027021352113566002,-0.026374229550712933
-0.007348553225895251,0.005541462512931171,0.020295602012260543,-0.0035697835247693504
-0.049211303288613825,0.0036997654307352225,-0.021279912186420162,-0.007885604796396703
-0.017404361786014812,0.016360660068047688,-0.009538785882980292,0.018588237378679085
0.005297655587384851,-0.016718738413261776,-0.00698396541730477,-0.012460291780652631
-0.0089948062175274,-0.04839396529677353,-0.030537632908455258,-0.024052452040969924
-0.0012351667536992957,-0.0039084718297168015,0.012922436522360333,0.0017352233769084397
0.0003374807192110662,-0.036836098980902045,-0.011024937980288016,-0.013500943892234761
0.009349235075273214,0.06853079337653874,-0.011981650600334395,0.01497172198532193
-0.011263423481875813,0.004265003632317841,-0.028771606269163794,-0.013944533086766535
-0.00497160118021642,-0.010386158175252494,-0.03210324714965498,-0.025695714829637544
-0.014662146166973422,-0.003270729325235842,-0.02868774932252366,-0.03176093986879178
0.0028122537813292884,-0.001038721891891773,-0.017161267109647337,-0.006474841051424823
0.007707080470284367,0.08131575897051788,0.07071456218373605,0.023205976342595913
0.00787376275287191,-0.028047469490283704,0.00822448994977978,-0.00796535006080459
0.021711394249979383,0.031215054327967767,0.015615669490355368,0.02282509790731996
-0.026518844997731317,0.000996866985514393,-0.02921607421029239,-0.02578486837175636
0.012563781446666042,-0.024577108627716605,0.036493404628287436,-0.004368826848267121
0.008807328581426768,0.01759821452962339,0.0009635784854130897,0.01653491805144675
0.021575700900636378,0.04077147777408559,0.07406603958973092,0.02628302773371021
0.01899078769137072,0.009791214381469517,-0.001089320005828064,-0.009745630871369024
0.001171798791580652,0.0018455277217688246,0.004582681990043304,0.002673569337868198
0.008427671812186819,-0.017289683400809438,-0.05197055872941742,0.0016546198749925222
0.001265920567534677,0.0008036019103238256,0.04579063580383254,0.012639783633747756
-0.036449587248730334,-0.031025979169215862,-0.017978069897591802,-0.0032702118711956
-0.029685726895030826,-0.017577627756649762,-0.0017083203640211426,-0.0016727474894984824
0.0034857266628734473,-0.014573540745501337,-0.01196040362366716,-0.002614991176095725
0.006600626460971735,-0.00868320292997751,0.09615118904304938,0.031945966511236955
-0.017207772464514357,-0.006840828391780304,-0.022549196320499374,-0.019369648104183516
-0.011925568459218766,0.013613105384442608,0.01418033641106544,0.011207850630836153
0.008744023980167857,0.002108593163175016,0.017320639037477315,0.02159700615171042
-0.004162418804255773,-0.0375768857978949,-0.0059953082833390835,-0.037290203258738934
0.01677184255205956,0.0015022520309423137,-0.03376463807907184,0.007431197370116825
0.006161921447114456,-0.01019587281792732,0.004588376260533905,0.008294968313777731
-0.020194719734235256,-0.029876654503509126,-0.014780377139554338,-0.017859444871803763
-0.008929507275136049,-0.029357431876123146,-0.026588996104119158,-0.013235131481497001
0.0049324161848028,0.014353930790103556,-0.043236555785455495,0.011264213180158906
0.007353261914464436,0.0146008882007292,0.008579557642104906,0.005834276321771403
-0.023676495522811713,-0.007393107252668744,-0.011687984544270934,-0.006235634320179938
-0.008937366683226537,0.013202603953881105,-0.014939798128788435,-0.004089195519784558
0.0015245736315407509,0.01451692240553286,0.0241549898062297,0.020675597726701665
0.003041741118448322,0.009470210616217913,0.015465456415727708,-0.012413964601204489
0.0147266856768791,0.02906826051010365,0.005500013317318054,0.02177902993855609
-0.0078002395449252885,-0.02865465707514205,-0.020356864105244222,-0.019349980776915653
0.007282112232033388,0.011969485571079203,0.05764957536105983,0.015300328396300897
0.007172186895309822,0.014583849321819768,-0.0042593870629195184,-0.0025884787103395883
0.014642691988754439,0.02374905207775613,0.0018441397469999051,0.03431369351096997
0.008415733123735685,-0.010743238455417619,-0.0033063672235030548,0.009245966227710118
-0.0033577644767483583,0.011529725724796835,0.015097007960672728,0.01087183109796746
0.007872927356448196,0.02177101737706766,-0.0023926822540326844,0.01841016024269547
0.005048249903087462,0.0029652586215660063,-0.015789985181823882,-0.01122754547980171
-0.010345647383636566,-0.03212181540557705,-0.030395093236742683,-0.029649121991011024
-0.0007273038757828452,0.013849488494958687,0.011088356477393282,0.020320270988622106
-0.008823621745905947,-0.047924722777086336,0.003655911168542864,0.008835056193562594
-0.007422282811055382,-0.040454317833063594,-0.04893148784195894,-0.021936155729797666
-0.0021635523096898966,-0.002253730058679288,-0.09761624872658338,-0.0132113027311088
-0.014813185601896482,-0.01710485126554238,-0.037588294506417,-0.013388080995414364
0.0006938625403156386,0.037651750319774496,0.00042444095402800134,0.01721689439913027
0.002540051538368254,0.01588250674724927,0.020719371046622376,-0.0046603008249501915
-0.013583555050770744,-0.04410749893393192,-0.01911750338776431,-0.04254983795879459
-0.024913315464158304,-0.03539711817832641,-0.031855023921114375,-0.03803958724907961
0.007937899827914761,0.004305628944966297,0.007456619810883741,0.02864743478125035
0.01223003177612212,0.016189128591066276,-0.0491375588495086,0.01978771329160419
0.0028148570955281132,-0.009299528056835303,0.017479077618859314,-0.0046034076168856835
0.0185653472779029,0.037186305381571756,0.02371578467512363,0.03451553123577022
0.020481970504600523,0.027520954709085103,0.06060741733192271,-0.003147524343735745
-0.00519463756708947,0.03387479542889606,0.0066139872231546415,0.011927275276173356
0.01449941700204671,0.016440071951978823,-0.0031418755173999516,0.0038069720098282043
0.014347545338444755,0.004448923167207741,0.013183964542986627,0.00951769257965695
0.0058676735815168714,0.013379808819509452,-0.0003150737899407528,0.0030065462082037486
-0.002627903608524551,0.008040737821942569,-0.056160489658582134,0.0024050207767016196
0.022954497521717226,0.02907267099152124,0.021996498496030296,0.025320084417038095
-0.008620952148436454,0.005878967622695933,0.04134183399945281,0.001276823143974536
0.014184706668661012,0.021084384243572,0.059438019477541446,0.021398211239869982
0.0030364046675492805,-0.015587267934522175,0.022614155469065075,-0.010762272439649981
0.009001542959570797,0.012036594538470856,-0.03883534904080814,0.004438543931197758
-0.00010557237241776882,-0.003685045196780709,0.0030349323976646067,0.002540332699342406
0.00923556322922641,0.022286181774287164,0.005533119144943252,0.014607324919049076
-0.004239734802315116,-0.009267369502988398,0.023490974516940124,-0.008833757429268667
0.0035082626837386996,-0.024894790406705104,-0.029408274734311717,0.013294906672168882
-0.007028957775198095,-0.019484082152703964,0.005280386261856706,-0.009592175065936894
-0.0009480327610818678,0.009706688441337132,0.0026721746625813217,-0.01049167629113846
0.0032088493565230456,-0.008765335036041657,0.04408335693193017,0.012735895545987882
-0.005424183031081064,0.006648598511696894,-0.010512266581044115,-0.02023320096911503
0.0030579385596732267,-0.02887135231049112,-0.01676961998268328,-0.015318609384141911
0.00676836823211329,-0.00010692782969387308,-0.005220199323597404,-0.007147508756750116
-0.009509657817643562,-0.02720298937314744,-0.01370144313218934,-0.014887716730884825
0.020844420592828126,0.023026647639905008,0.013240755825754019,-0.0054205537642555805
-0.005703227261579606,-0.023092663129914235,0.002719129460769398,-0.0026425138421652295
0.010088192987795666,0.023736332508325853,0.013568409275163597,0.02838509199187346
0.007384985603782133,0.019341537288622528,0.004933396614923965,0.018685971415880593
-0.013011391465695283,-0.018676178685550788,-0.016957231787828677,-0.02270519835332505
0.007889022347472368,0.02184971847757457,-0.011452714531076777,0.027113301169493998
0.016553473881868338,0.009002978846681163,0.009573866272891631,0.0015545891778504558
0.0007575721076612314,0.005433574585536167,0.04797595720291628,-0.004701223629620373
-0.002729668799902946,0.011106711111091752,0.009711688394547188,0.005238781008350202
-0.008539638941384153,0.02398887993083276,-0.0056173183184346845,0.028550599924694366
0.0053458924691804815,-0.0094903176072244,0.020185249870892544,0.016518855348864683
-0.010771793453769761,-0.030560484401919514,-0.0399767793773106,-0.003087314727702412
-0.000770251821752891,0.018105288964230463,0.029345860784192233,0.01367732670811997
-0.005562918723509968,-0.00327151926414096,-0.007731210565404946,-0.0019789421347203473
-0.0028448563889249363,0.009153246658412268,0.01598774007390915,0.004066494230164365
0.0005177691332459343,0.0027964854342025225,0.018647455510860632,0.008419163426648724
0.0022237158917322837,0.0021225743461553296,-0.032104151730159784,0.001368488897684904
-0.005438935264136549,0.0,-0.018738327073791184,-0.012242438667442556
-0.036442557925256365,-0.027722182142678832,-0.00024148746074577508,-0.021907372197932352
-0.007515831041767024,-0.012513585506919871,-0.04096122279932548,-0.005269624075359898
-0.012781514785593747,0.008978128457356283,-0.0021831499656647054,0.007663620447778007
-0.004020843936950345,0.022638490415484734,-0.0018509415250833076,0.01381865718068969
0.02388715314448715,0.062299516581675284,0.012386614576639277,0.01888571967148544
-0.002265974640799231,0.016832512256373316,-0.023096839566935645,-0.0034355136422538476
0.005655503749229559,0.022514640697433037,-0.004350632806278706,0.035833047147889215
-0.003227858218666451,0.008646933564096912,-0.029145966144498332,-0.002161730285222411
0.0017764910003632635,-0.0020449821497271177,-0.03734939877742937,0.0129543046658786
-0.012393577726777004,0.030103449570734356,0.004649070658851297,-0.018950600223745735
-0.005187038062048518,-0.005852308015456977,-0.020025473044372827,0.0024732568078125444
0.03205160731426801,0.018629097362132196,-0.017172815629643214,0.02084714647511826
0.01541355556812408,0.040898304112894315,0.0014620115002590317,0.019274396662123005
0.012090002735217644,0.00273620385802091,-0.016105240597581734,-0.00436483090836544
0.006631126060639241,0.003664482012213718,0.0016270106278732431,0.00891831657099471
-0.003490024626905825,0.024564974321700628,-0.006283434610725192,0.014177265424637094
-0.0016978197441102434,0.004147124713615477,-0.12925817170128795,0.006327451074046505
-0.009053834453487508,-0.009555965578195793,0.003389065826718794,0.002438627321011167
-0.0035924389126021695,0.023224600514420927,0.04105548959785763,0.017305245602097185
-0.01943331056031939,0.004934452381652475,0.0034508226289791306,-0.0023967391509499406
-0.019547283929669253,-0.020064818983156287,-0.022699471099276523,-0.02510892210553491
0.013252446709326847,0.024087055238472967,0.008347821172369478,0.011823103348632931
-0.005419958057574985,0.048512879530706744,-0.005042858776994556,0.18496500459835738
0.00979842343900241,0.04683057568183143,-0.03713468972636411,-0.03335073957980012
0.008594777275893166,-0.016124914032451993,0.02206779799027196,-0.010261192823699104
0.0005808510812001489,0.027126793697467944,0.013309178288648728,0.03217805185469398
-0.005771270853122228,-0.006555130761048409,0.010500153377802503,0.000872768904590767
0.004085758201737622,0.03515838999168136,0.02093365777497024,-0.004029429889450181
-0.009042662055362867,0.0015929999369309101,-0.02850600281752684,0.001686204925799562
-0.01133859522204159,-0.0016622171631576052,-0.022088768605910858,-0.01890214400720808
-0.004821291580027842,0.024270535270813597,0.02516701014711292,0.028199778050251773
-0.0015761253006478912,-0.016949535357658106,0.06035334314528131,0.02245976159946284
-0.008466007894794278,-0.0006196750813975633,-0.0024975038337594173,-0.02237515205038652
-0.004122297092884263,-0.04450794366865804,-0.031447068575792124,-0.0033225614747393255
0.004177193710742647,-0.028923165515722014,0.005199145723306879,-0.006856245891570678
0.01118121109309854,0.15186990854968307,0.013463405650618309,0.037943611652477775
-0.010084839101428841,0.003546052771334553,-0.027943686650054866,-0.004329161760256463
-0.007479126325404971,0.003482946844938725,0.03797371074003026,-0.004742247187902584
0.008081538852651811,-0.004955885455548828,0.001653606167566249,0.010962208945836995
-0.006647430644309377,-0.013276946509537075,0.011499231283567918,-0.006240591789580017
-0.0036998292967908093,0.01848578216337815,-0.0007921787106965236,0.01254447590230439
-0.006048685474893533,0.03925139125395236,0.0037575170226514664,0.024526869894193077
-0.025708938339834165,0.03531959647417058,-0.07424463938175002,-0.008216043476977547
-0.028853181736025035,0.00853986847505806,-0.04012679843323044,-0.016127297612863772
-0.005895643804809208,0.031331309736342954,-0.023512123304642613,0.011903156509534406
-0.0007097713623852293,0.04377408654823956,0.01188110874296599,0.031938203828644394
0.010184487822738779,-0.057075256315860766,-0.018701625030085045,-0.012257710277748269
0.011762299985265977,-0.02024275731902881,0.013763678693560029,-0.04520048320043848
0.00277458858710611,0.0691265313617598,-0.0012947061441473569,0.03287064315688332
-0.012196566026172563,-0.011214579992574188,-0.04646099727496628,-0.008399361447787392
0.010867999161356674,-0.03292770502918589,-0.042056898779332184,-0.007575604984972102
-0.002198762346146303,-0.0012173551720930842,0.006563076277915342,-0.01584162955154449
0.006352121019697882,0.007011140262559909,0.060664152342604714,0.026258355452669142
0.013493622041176401,0.010604431809230826,-0.014372034891457558,-0.001490162489121634
0.01460196905056804,0.010836162775509587,0.025017133837829976,0.018527835047487864
-0.041715469757995095,0.01169368835859627,-0.016299696542812377,0.004421409779769528
0.005296017711452515,0.03073623900252556,-0.01158171211632812,0.003577951011769111
-0.008334967138885973,0.007533440401188838,0.010481683435756076,-0.012956948643406048
-0.006694949043069928,-0.02603003280695342,0.0287772826285837,-0.014275826366506556
0.020990817305547284,-0.025284326987733422,0.012084083617363902,-0.0041019818587068
-0.010615323582558442,0.0011738432978102785,-0.02272190773999231,-0.016908081246617083
-0.008491734371906225,7.746947362360897e-05,-0.0032477284143495326,0.011812700918530707
-0.007023509358149021,-0.010132787376986259,-0.05026651935105258,0.012177507013744112
0.004786115698548404,-0.005470198607943667,0.010447544054431742,0.018663853912011225
-0.004904404879617776,-0.034989922992244085,0.016083269202606634,0.008214914205351566
0.0044916279997195396,0.024185863931772376,-0.03696743555877544,0.03163244949952721
-0.006685659070614624,-0.009992266421684305,0.04783676362708771,-0.015460034999984893
0.007216327949144959,-0.020628413260556238,0.022295607975213145,-0.004536014218996886
-0.011201689629050332,0.019549092085809943,-0.02937344256551801,0.005652300006112816
0.04236071513769555,0.040274495758247715,0.016399556773736196,0.006385587717055738
0.00858970284114023,-0.027182464494302113,-0.020541749097701737,-0.02175804101098018
-0.02210608853380554,-0.025089312791250623,-0.05757465973833702,-0.023061203352931502
-0.019353208347783174,0.016307943482971436,-0.027435068682222955,-0.000939993701198
-0.00818091227885631,-0.03943355896934234,-0.01062208397137564,-0.011248413489225033
-0.005730569361027613,0.007539799795538603,-0.036155647217109545,0.015322027275660675
-0.012287952805783169,-0.10541162607676846,-0.01939578390268632,-0.04218886734968495
0.005078110369429852,0.042621790737565855,-0.0345935559693179,0.0013709853356187987
0.006371303149682673,0.03588117103367088,0.018345226676437152,0.029393700199068413
0.0126221950017864,-0.033883494884850915,0.11387415621830609,-0.0052545288515012155
0.005134108701045462,0.036416022654826,0.04845814470471284,-0.11161680348649304
-0.0034788328071091875,0.059924051141506764,-0.011168015552988686,0.0043180397100398464
0.024505331163461923,0.00025064033691087956,0.14242723171122051,-0.02436449186682585
-0.018439824445961303,-0.015560860032680536,-0.05710084205665045,-0.005679121577419708
-0.00606550671750057,-0.0396765878504198,-0.018113707174260838,0.020751561533173042
0.021792821691617996,0.03288287520186136,0.00011105007606901516,0.0056535230281125
0.05809532378515424,0.034045621818023265,0.006533843535574036,0.02300805651913764
-0.009148319340801254,0.03704651149719966,0.019511437908750914,0.029904976871946425
0.0037898977934074296,-0.017362888449649835,-0.03834210509362018,0.005482333083671672
0.0018623606398861753,-0.0015692944969682788,-0.017530851194269642,0.00926828465169198
0.009964564004065495,-0.018587306959421415,-0.015864649448707812,0.005949354167922748
-0.006914209201875258,0.012663413401563114,-0.020562350450525728,0.0016392497812037017
0.01749160459941213,0.005780010451488014,0.020097034145307512,-0.017348283151593518
0.006154525441429719,0.010530743522376172,0.03239754278801776,0.008171551443587608
0.012143887736565436,0.035210613210253025,-0.020254418706909572,0.020328108140014393
0.0006323950371224414,-0.0028678550132319523,0.004873391179277019,-0.01740780592792983
0.0001578540726206645,-0.02012511509677444,0.01487402019069651,-0.0027932711183677504
0.006143312006176268,0.024576859364815448,-0.014245067870223688,-0.006526641137196834
0.006833936829177118,0.006373493749229972,0.06446711975223302,-0.00902021149422731
-0.007567066516013419,-0.004581527182599998,-0.035399542384592614,0.006756765318910569
-0.021282965869923308,0.08910605064270898,-0.036007818288810785,-0.004284699610105798
0.01645198925669063,0.025397389469774875,0.03116576011599187,0.026357517812084334
5.2851806178323594e-05,0.06747567380873731,-0.013989415788236143,0.0035485134809290185
0.0015775497137334579,0.008079566392441494,-0.0031733327174769638,-0.011652942448000081
0.005241454941599057,-0.03839366777100037,0.014648923152829736,-0.015530133471887891
0.0050060302348564085,-0.007877074527609705,-0.003978997402597566,-0.00047119092187252604
0.009216114299877282,0.04779372939024967,-0.010102569596006488,0.022577936573936197
0.0016479841623619803,0.012418145464879314,-0.008659479988969872,-0.0010477119296331968
0.007790577938545206,0.050270925192061285,0.0013151256990527008,0.03718346608156157
-0.007122086684592356,-0.011847145972777882,0.016660454613497404,-0.0026293014237171557
0.012315898858305915,-0.000909532798936414,-0.0025885260992180074,-0.0016216039842669881
-0.01933347819860665,0.007433673918889546,-0.02101026729322036,0.019366684358505807
0.07013153319750805,-0.007169502266898617,-0.01817434057762428,0.009642933656282665
0.028177685508935863,0.03486593483409987,0.03811347747393242,0.002696037088412371
0.005476084518718303,0.0346174263885335,0.028799010597446485,-0.00935893663312425
-0.008201966824293706,0.01736259043619188,-0.024746085007725318,0.0011114602023665988
0.019480452643170835,-0.006847780905889778,0.051619109593938894,0.004887228400586357
-0.011045248461060647,0.034517081960814766,-0.013860022086213656,-0.014193447497191173
-0.021747732476726598,-0.03604532987776046,-0.017957490517488177,0.004414933206877446
-0.010499240746596658,-0.03272093803874942,0.007899471520701,-0.013889215268154582
0.0031277494144885277,-0.06917920340784847,-0.002352322975825913,0.008312435691977553
0.004458140735048069,0.06537964080940041,0.025790114652126835,0.023160827214422017
0.019796129041910627,0.0024556201870071367,0.047022052078927956,0.004923304957934872
0.0039780034142067435,-0.019250668173107416,0.005332819818052439,0.012472558634322251
-0.01638763618701859,-0.00363592852359326,0.0023273813203096337,-0.029969730956135785
0.028688946624065566,0.0061329645461999675,0.05877983360300819,0.0009119057565554152
0.01610950248931142,-0.013200151488308333,0.09710195030947986,0.009505227285872747
0.0057942809381213035,0.044717520347923166,0.06337304899541438,0.000902520071999472
0.021389979606492564,-0.01928342629361985,0.02060688228437311,0.05707010597153575
0.006517489804202892,0.018659637988089176,0.005629789876539415,-0.019809140076164185
0.003767842852189009,0.02450245457172713,0.0364508858978897,0.0012837165653699259
0.018628963793610096,0.026513932884053643,0.0035389720904070512,0.008810096271064953
-0.023494681769922584,-0.05727624488625437,-0.08822077208547265,-0.04199614888840934
0.012966425306421347,0.014339502144287109,0.029434316513726216,-0.027345347789002654
0.01660477291679106,-0.006209327062350999,0.017609829570940913,-0.005447153103462295
0.0017902136343409185,-0.016326871276651972,0.015396997777534727,-0.012921697195427594
-0.025621465106237282,-0.06853523518350149,-0.031919700332288976,-0.05843349569443168
-0.020748598669369397,0.02593430128136712,0.002933302220995548,0.02955948404371553
0.000579771477941313,-0.026442784609792987,-0.04107613843938729,0.0019734065725513783
-0.001561520604554455,0.046473727036832446,0.05018271902171053,0.02200885525795066
0.004677265756682865,-0.007719449637928856,-0.02060764898795659,0.0026433407425765156
-0.029175802501070033,-0.07045657490229973,-0.13164294360339135,-0.057744886641167094
-0.004816072926076562,-0.017393252390759315,0.01953112906763447,-0.017186614833820685
0.002158720629763719,0.006922907558280426,-0.0020452089625195087,0.026744847379446494
0.0012837972771578348,-0.013087212695172077,0.054450283723543685,2.135440441922341e-05
0.002562660702265259,-0.07304011638654423,-0.04170207944562914,-0.0054256693027455215
0.014879582264493067,0.12055347586210277,0.04157282172336867,0.024819420887453415
-0.01689260862387287,-0.06907216489355981,-0.06778709499652093,0.047120997392196384
0.006846004725017395,-0.017923675903090804,-0.043301714320780345,-0.01947548954490845
-0.04936570433347005,-0.0656887663766452,-0.04324862022379944,-0.025751867307835918
-0.009796041308537224,0.037131726011427384,0.008810602088580683,0.037867239877779055
0.012420691522572365,-0.052581501313815615,-0.04526769292244102,-0.010518817336284651
0.016496465824327153,0.0594642094418183,0.036255901329012616,0.04148616081697255
0.013642552915641579,-0.0020979675411852182,0.00581690373893266,0.015846303579515223
0.007104534262013452,0.039954670502538314,-0.012629388585244743,-0.0035214446826446694
0.017046967937594235,0.06326508537649812,0.05103246867853809,0.024108392908321664
0.002031598007305458,0.016565991969302616,-0.03152675190710158,-0.0033732302881667123
0.013439931832178576,0.03968318323713583,0.061436309145650216,0.01986733165894234
0.005901095104379594,0.013902510342256475,0.00920378250292453,-0.01861520723118922
-0.0007082401175569035,0.04258649646966372,0.0300815962441386,0.0035203868333551973
0.002740996639954868,-0.021380775414518348,-0.007300267158314731,-0.00482950035924922
-0.00048568572693849873,0.009775067082842502,0.00976670507756732,0.015877535606699515
-0.00829411732900732,-0.037746313829189956,-0.05813634375381778,-0.006053732645443621
0.010235581912194125,0.04449394444207591,0.044835591431516886,-0.007415612837469562
0.0014977435671078528,-0.022750482148592467,-0.032803441227522996,-0.013115818095585582
0.003734473028636918,0.014445323827678682,-0.018939062709292416,-0.0038840981942683756
-0.006776284404024084,-0.0211894165348478,-0.01667672472989858,-0.0044791237025276305
0.014465093223554014,-0.06597794410175065,0.0025726237078790366,0.0027825678688659463
-0.0034438738921158925,0.015023997596487669,0.03725544123667223,0.005945061053169746
-0.027582170226570623,-0.10009672211145491,-0.016529275820300126,-0.018489060311879166
-0.00865611428095199,-0.016712902458120925,0.040981513663141275,0.0019130645960199687
0.006903981157525781,0.009371272856835358,0.047876016035803666,0.00800313739600912
-0.007039811851625284,-0.04171248290145888,-0.08824048544582774,-0.032624113383998836
0.00040757579719772187,0.03478610593430119,0.025949973905266994,0.008994664929522828
-0.0036280513882692056,0.015193371104909347,0.044759273955983725,0.0
0.011518578836805567,0.07834783561863999,0.008628742512625562,0.013849985386851974
0.0004938417293173344,0.01898034633468877,0.007337206636805016,0.02654775240753357
-0.0012127306663409516,-0.0003358085657485832,0.0020864851607279924,-0.0018660381657150552
-0.028168354441495385,-0.0196716222704719,-0.0153589759450266,0.017325807084214793
0.0021703569620557892,-0.010242385794682224,0.004794890315022082,0.0056845740187862715
0.017829900607740323,-0.019392608916848107,-0.0029445960609886415,0.003034648308142865
0.036395089261711755,0.03892556913873886,0.07100962175825201,0.0385625423337706
-0.0029316813124075883,-0.01599223056125332,-0.023519752638904136,0.004016239140787472
-0.0076098584445555345,0.0022389230979224907,0.048140375327935025,0.005436401626888605
0.003966060487134653,0.03888650095037451,0.016935793509053217,-0.0019152481871404041
-0.00440779687646421,0.02160660452498076,0.010757148762662457,0.008801359494725984
0.005067347885058852,0.00428186979979465,-0.010953821465680538,-0.000827190807158814
0.0011859213956544425,-0.021513159690851165,0.024249227064234113,-0.0008458194303865039
0.02261441546652297,0.00032944748824290657,0.004482044837533062,0.008913978554201856
-0.02957471972007835,-0.037246509962899195,-0.013894251852425751,0.007015196912958447
0.0025165632465533063,0.015688448618966247,-0.03550382703625727,-0.006369262701350958
-0.004906614288192976,0.033101892615162706,-0.03414806745440706,0.017238681332278297
0.004994858066733642,0.016709402831317763,0.03839570976808335,0.022347313227613495
-0.022788529638374057,0.022166827930733386,-0.03768957599969925,-0.01890418174197579
0.018236777873776085,0.03968125706970574,0.015124010919583781,0.013773218754005641
0.016560434445243927,-0.0018075912927999847,-0.014210915403026646,-0.004022335485888314
-0.0021806351383672398,0.01615233980259614,-0.009503630132407154,-0.011376735702905167
-0.006526640691534804,-7.416987634069705e-05,-0.09192353886888906,0.010427953994225777
0.016345563919137326,0.02396862957161232,0.006224848869363662,0.0007964097142326054
0.0109643681761918,-0.04799380089788591,0.0018690482583788197,-0.007053785944864002
-0.008891357016526397,0.030826887966629458,0.007983687088569507,-0.016302190659442564
0.0015951960526658492,0.008875781018166216,-0.0019899714413276278,0.00024282582182807985
0.012201688980034146,0.007783981142865537,-0.0008605378505268966,-0.0007979106077569974
0.006278104556745144,0.04054367112187221,-0.008417707909120813,-0.0022749265752651892
-0.0026251542637619617,-0.0008353422607355994,-0.004029147285192923,0.011839491838095396
-0.021860173909481827,-0.028467467036121647,-0.020018310718538105,-0.03198322999636465
-0.0008236668366611513,0.006072150576929348,0.19818699146920774,0.007229566375576947
0.0036365261370125174,0.00801561364956664,0.032891334056112616,0.009587751888197032
0.008562589122064366,-0.007232402857319112,-0.02512824530239814,0.008528896995389126
0.0011562592304311958,0.00518140000496346,-0.01145548515134625,0.025815786997514713
-0.015396021078777623,-0.013614365766067709,-0.007619899978935549,-0.00249772760374776
-0.018377184910187996,-0.04837401162914677,-0.03035306639591626,-0.04178711938551526
-0.013368660412375555,0.01969043588922478,-0.0034882074251496174,-0.0007403380631440648
-0.0040457128003942855,0.00478915923530701,-0.02496977961188894,-0.011490919757490387
0.006465252188790477,0.027976817218828647,0.03480162701711456,0.020739999761629692
-0.003272293857174506,0.03993265325923901,0.13759466024737685,-0.0006641597747146505
0.02114690893849477,0.022208714556794875,0.028630012464395397,0.033773602648746515
-0.0011887552837911814,-0.008431827039408483,0.07869717552417867,-0.003996619590766409
-0.012101667322472925,-0.016183723540273205,0.08580690404849912,-0.01052440602746135
0.0,0.020644436834764152,-0.06342678815128278,0.002825382162235058
0.00396134099661683,-0.01371535593065403,0.005313266949669512,-0.008276119041803727
0.013676562455490097,0.003344379839465692,-0.059448133931949705,-0.004908551212458903
-0.01420971319908805,-0.03311251398671112,0.030196972790488486,-0.0408104387273261
0.013333048139371919,-0.012972889236590802,0.054664350493325395,0.0005773982075613945
0.0011394139707005708,0.04778736289301206,0.02120595242401374,0.011994767660061405
0.003149154723326565,-0.007647675353840602,-0.01154032611298051,0.007864254156581374
-0.002098244672595332,0.005332271265106755,-0.007012172684276001,-0.004305964873432142
0.005890136105396066,-0.032710356948934205,0.0373345373484672,-0.007039668261821494
0.012966437902475812,-0.042672903783424095,-0.040430888534493496,0.010620504242310182
0.00936043805364459,0.0065948778490018175,-0.001063755153845317,0.014807139371331214
-0.000553242955269354,-0.011606701771369651,-0.015914020837727676,-0.007595565756611139
0.010164054424969154,0.021273602799056344,0.03619593916712737,0.008954703209148847
0.009477572419902488,0.0027447839988576197,0.03397975234247804,0.03172100358599312
0.012690780330453687,0.011689402286161436,-0.016005713052796626,0.034516963976189835
0.0014825961651883704,0.03420095933444592,0.018355288553428408,0.00021185483785794417
0.00012348208120873777,-0.0004824406836717148,0.03178623389945424,-0.00793313238495803
-0.0008233125014770583,-0.018226581700649638,0.05202108959673976,0.024078513528174788
0.015972915703731865,-0.025814791209606253,0.0014634148953150045,-0.016487568990092644
0.0041253087058867365,-0.027313000029093464,0.028328310501358537,0.0093277550319842
-0.005179575743216254,0.030908544694474776,0.0576113551148347,0.021342586395467465
0.005946110356788128,-0.014242214143651687,-0.01582716714006912,-0.0029917480632721443
0.0006853230245617479,-0.022755769145417416,0.04244899941747966,-0.016688960542752235
0.011659509156606171,-0.016901845686834616,0.05960057359180242,0.007057264892725876
0.009672571193008132,-0.012271917053166837,0.035724138195772255,-0.007719072918587091
-0.02165445767022771,-0.011415412673756687,-0.08642421525210743,-0.03658060415650729
0.006990096594118862,0.013637014897925466,-0.009038042516689774,-0.0027162865609748634
0.018641055150802874,0.030298449390022273,-0.0352567708528249,-0.017479803223247783
0.0030602446169344065,0.03623239127367423,0.02240426356053564,0.024640466916288475
0.011412715492234595,0.0039302304160751846,0.07099116636191981,0.013084053993390998
0.0031707082460307977,-0.0020702967643343503,-0.017787254049436575,-0.007266202391691813
-0.01333066907769876,-0.021088443572040184,-0.05074526160258332,-0.0058845636182591424
-0.013352174674122995,0.00349716305354325,-0.03356928885086787,-0.014390936239370756
-0.007082897269852248,-0.023549378486750698,-0.03305021011916344,-0.009738538911745526
-0.026586149518387406,0.029495854198452288,-0.06274403546918701,0.023178779641351913
-0.002011505726320049,0.043574381550611226,0.07895504556688626,0.008954427941437316
0.006716312712181016,0.033756172200258956,0.0014850709586745647,0.041420655625160584
-0.011453026895609928,-0.06418612929037172,-0.04145067133894483,-0.01972667482658255
0.0020209201818137887,-0.000214155995269157,0.0014697002488738569,-0.011672074393639195
-0.02439910678296374,-0.030434810508772607,-0.0005065652243020289,0.008381053892487375
-0.010397916369829922,-0.01991594804979075,0.021478195369560783,-0.012302016433802363
-0.004789573821754948,-0.011095060700391828,-0.017382638722844804,-0.02341761118295435
0.01948486123790036,0.03343616578197316,0.07731423282838396,0.03776352245055696
-0.04123902619961506,-0.01979248584723371,-0.03420597069137618,-0.00947577536049421
0.007507052116405549,0.030524432715619207,0.03018125256143425,0.002402001493506812
-0.032436178181688154,0.022403425677288254,-0.005713813715474868,0.006003740111984598
0.005330708694779265,0.04335520583876181,-0.021355043154943146,0.011355383208603307
-0.0007598216358473748,0.0010193839943005109,-0.006598243859181292,0.02055710162044239
-0.003942348971352075,-0.031744330380743854,-0.014164587635274254,0.017197532033960516
0.03128575899488104,-0.1859461557068112,-0.023466650856007368,0.01895450527787437
0.03589198776611861,0.08549730054987718,0.0023640734639690623,0.021661813850262085
0.0046062488910528256,-0.04187567717055714,-0.02284170549807513,0.003197786296703954
-0.007422228144620683,0.007650615729044326,0.028327903495885404,0.015416742815261604
-0.006714752220119264,-0.037434957560758333,0.010734640646320742,0.0031681582951552127
-0.03444233809746264,-0.02881111168562612,-0.053090087069197885,0.011942644305481177
0.02079030142788093,0.016914141842964237,0.02198853609615247,0.00960306969775031
-0.001418638317007369,0.050774914838566575,-0.03645352337012321,0.0009652174991421643
0.0032211645270642107,0.030375954440314153,-0.01023279935109268,0.010050313249601579
-0.024260651424094306,0.008974118990506682,-0.03451714290429038,0.0035472194618438972
0.0011865375237066868,0.028322737887253507,-0.03057719520938892,0.004022717111043169
0.021596962178609846,-0.005781311237643559,-0.06547989008634725,0.0033397056333000804
0.018105290857913178,-0.012578882595887327,0.024091057420887543,0.007722312631354762
0.019482190729489812,0.031155019253644466,0.05613428883532556,0.004374419016952005
0.01263057027613499,0.025973733309642755,-0.00028100285016493403,0.011069942251861503
-0.0005315768152127672,0.003953285283349827,-0.004873623368530301,-0.02794322973781299
0.001634690009127057,-0.0012202047989007165,0.018050813649058695,-0.017745156986219222
0.0039128739951962265,0.00630050011001012,-0.01723217010242546,-0.012769955372162162
-0.0011396196027101538,-0.04138426330905019,-0.04797223327197698,-0.016381780611846072
0.006292521115498759,-0.03135748577583991,-0.021756545199510743,-0.022817159686049616
-0.00024284017802449242,-0.028416584572387975,-0.08762494178787733,-0.016037914191264498
-0.02741248427073416,0.03606298840298956,-0.04043677756749929,0.024340130301757905
-0.012812576987803343,-0.08859145138795066,-0.030905910133740465,-0.023215540231711462
0.018951167487201406,0.038932529091025625,0.03837459125197188,0.015018153148884442
-0.015879658248893775,-0.09094892921519282,-0.028844050845269347,-0.019875901905599572
-0.008861605915058862,0.01677934865633183,-0.045311188236941684,-0.02324350218933808
-0.0008056607490407478,0.011230835522425093,0.025621016692865903,0.025408807100491638
-0.001740708128012921,-0.05908597552508898,-0.05770651942025788,-0.04444822808918083
0.01576767579810055,0.018991974651584323,-0.0029651004058366417,-0.003621597092741891
-0.04969413155181917,-0.05199892429245629,-0.16754574067757613,-0.045233198511927634
-0.02962381962955832,0.016501737643914757,0.037245079838722016,0.012827391819297476
-0.017633330176276298,0.06229473316264927,0.07319368705023706,0.02260816573957535
-0.03422264572175105,-0.0013833929690728268,-0.030323348875332088,-0.047802773688192794
0.018007462482224464,0.051349503358979635,0.037912677650069934,0.02919920694143396
0.002386070684561593,-0.017745076192819703,-0.04906823105490024,-0.004453492487016974
-0.006140336899725739,-0.03490306129225978,-0.05483544563443516,-0.03797435901692857
0.01191800697820243,0.01794418453820409,0.045761190368065426,0.0029149904236158795
-0.005310501011020059,0.008557527259815392,0.0016944590202751025,0.003315851872493453
0.0192896891221074,-0.007027070855381454,0.0513547158131408,0.017340284736319517
0.011207339840889797,0.031034325734698574,0.11273547481030481,0.03720299587756684
0.013589063767491449,-0.005947997580503561,0.034423463077927825,0.011982586430280542
-0.009971228950894646,-0.059134310275674694,-0.05742390273973778,-0.024781271446621532
0.010418182438298122,-0.02069438777053164,0.003925268964187628,-0.01384372981847853
-0.026940007287046815,-0.015920778042537023,-0.035704833212183235,-0.04382888731991214
0.019226533807503023,-0.01183228400182569,-0.016797411271064034,-0.00065913990843798
0.004760582418058326,0.01619958812828833,0.03525624951763979,0.016587161449283308
0.003131493326389151,0.002448127312958385,0.05189662060946535,-0.0035386351834119263
-0.09701333996766047,-0.08128106646665656,-0.05630172235818194,-0.09385222211726729
-0.07568027827730078,-0.07642295152473849,-0.11003572551557192,-0.05190519304295795
-0.037425944633356655,0.03469994438982112,-0.02597878190231111,0.022567609702217207
-0.051101834349552816,-0.013818840529489507,-0.05023573100190593,-0.011298494622289997
0.142617325001121,0.17162072342566922,0.20449058000160142,0.13763453396601827
-0.043318609189966585,-0.06094727494711714,-0.0755220285780395,-0.06977717994544037
0.039792166818567336,0.03075763147074194,-0.0003566259450699316,-0.004991489928374803
0.021814287797572524,-0.0019851986045258275,0.00015855643290671638,-0.022493094703115318
-0.001878074221819785,0.013368736367194111,0.006950209565496345,-0.018917812322602864
-0.03971164938442461,-0.07119154777139383,-0.050690742903996715,-0.037530249966911206
0.013853346526558471,-0.02913122409811859,-0.0007454979855451015,-0.0016536806235792152
-0.019583407371275747,-0.04617737977834921,-0.05918076725792799,-0.034116134809958225
0.03349769355710467,0.020225297468870862,0.04499438204493094,0.031720307925809745
0.024040271996578873,0.03790135709485257,0.052271947159751794,0.039180076593834066
0.018258452069457937,0.0355779407130693,0.03437870754426389,0.02445482979277532
0.0043577991029071644,0.04213298300993362,0.09351849398026,0.02613951673102844
0.0041008792252610615,-0.020752557799449293,0.0032583903115033577,0.00450308766836248
0.005079053385112603,0.002663541701362443,0.021284373105168935,0.008513232341093007
0.006088975244878472,-0.0009177460396820735,-0.03438223363024816,-0.009860179485435992
0.003851446517865031,0.024397011671066938,-0.005829314402079844,0.04140761675997952
-0.038077521816382055,0.02556424954741541,0.02356864125337387,0.0424445711203695
-0.031963978788773405,-0.005956572091273119,-0.024495847170982712,0.0037615980720485742
-0.0019124614578998429,-0.0024630207932687313,-0.01767474071206643,-0.020159435350760112
-0.011450149230458674,0.03053137522671381,0.0031546161942166075,0.016045919608427998
0.006298672082177023,0.0026447306007199795,0.030659773437438274,0.002008706982462292
0.0052522973819535855,-0.006153365094515101,0.046108194570086934,-0.009273439016029492
0.06123253372409365,0.05300641080963476,0.06528003118679684,0.0762430495898753
0.010101128824685867,0.05481136920807433,0.04810492051681205,0.025629503035284072
-0.0028217831561660077,0.040794262711428365,0.0399319216619113,0.005063051198072881
-0.004153052704613105,-0.003775237244109822,-0.01407694599861275,-0.02375724445850967
-0.0008989569186479148,0.004218553336866687,0.020670491941373468,-0.005513090034522677
-0.011808595148625234,0.001254695838942981,-0.02280219175263177,0.00014054293767634446
-0.009238802480674083,-0.008816451945526478,0.005044436283555748,-0.0052131927993854695
-0.02332906866046245,-0.019385979908510684,-0.027122740878422213,-0.002514550817376545
-0.003618781349286485,0.007784472588990611,0.019004252475032086,0.001682263323379692
-0.03071125926766296,-0.011661537423707832,-0.004997253689502847,-0.015052231667391223
0.02498370530128218,0.031562961731518485,0.06709725458197968,0.02404456003739236
0.0010483636887751138,-0.005105126806973366,-0.016644185010272462,0.001959656885959476
-0.0023479462099841204,0.03197351965516137,0.0042777491260106125,0.0022815339898179785
0.004491143445886329,-0.02960257386263701,-0.03396601533337422,0.0037755511578921805
0.004223038592199533,0.016513500505562415,-0.010941091649071494,0.035516689598509
0.00775374755762891,0.02756804517640441,0.004599945784019605,-0.006055068654509717
-0.002216278782983811,0.004944626116286623,-0.03614067809813415,0.031151186574903764
-0.01085651511529286,-0.013692452665405617,-0.15384948606327908,-0.0048523960613888325
0.01626532194490758,0.01228211848812834,0.0360138325066553,0.018939732415095174
-0.012186562603219835,0.006400723144077613,0.04453121583281344,-0.005245253711325579
0.006037878129545515,0.009281581599223064,0.05519232015438431,0.011944753932363203
-0.01938038534214743,-0.007810998523934495,0.0010421025390305668,-0.01182946531662475
0.0021106894117195567,0.015078685098274031,-0.022679683166052338,-0.0011242560842921571
-0.013901381409216582,-0.021117965678290232,0.019242741328905938,-0.015244782665735831
0.009978032131971447,0.018977723245708657,0.011674257976472,0.028568892000388812
-0.014109733732180564,-0.003947309718690903,-0.03960360944657592,-0.006989071667780474
0.004793163899890253,0.009392319389974604,0.017857560202303197,-0.002096144036052755
0.022235564814750797,-0.01126743272200272,0.00034155282181088666,-0.01947632427042683
0.0024843525909344025,0.0022220651174162756,0.07910624722725408,0.023435402724606758
-0.005973168862430719,0.02554303986210498,-0.023827555571310416,0.019380598471856157
0.006270873802582309,0.042427406190420444,-0.03868634165630777,-0.004954724535738092
-0.0027820575310859453,0.004590493120936221,-0.005418374727754274,0.024270049672210463
0.0003979327192980262,0.01745740501441185,-0.006621400161764133,0.010330679220623147
0.02013591105412152,0.0015203325251185616,-0.01861926308527601,0.006061001510931044
0.012833527240028552,-0.030134974737803088,-0.0548353231730864,-0.02589850206927938
0.021987220737205337,0.025439993152528935,0.04848766871497916,-0.00788669078211661
0.005211382965499187,0.013203438882959067,-0.0009508330128998894,0.0075947143882733525
-0.017001530537160636,-0.006927356204234811,-0.07030747928005848,-0.000918426648040841
0.0002856518218209976,0.011060928263480669,0.013080017887538436,0.003224434808746433
0.005366344294458053,0.01783988777058804,-0.006501707849529647,0.01666423914670077
0.0059969334396774284,0.0074622986953861055,0.046198855706690405,-0.007589083443356966
-0.005902195453381596,0.004984454919256748,0.01167844971117151,-0.013469594407807156
-0.012101840180690205,-0.0051673099282076845,0.01075495879659973,0.004741328630144791
0.0023460717008902156,0.039614420191223965,-0.019500985006087518,-0.014714119392394176
0.005008713863585393,0.00391734766955151,0.03444095462458378,-0.010585238958218451
-0.000666366230369783,0.009466639146369284,-0.007050661595447646,-0.002136316838789404
0.00550807738367113,-0.0034161611860592275,0.031555911584314186,0.004083504801290641
0.006136992592796734,-0.005992059702308101,-0.003525100711992725,0.012263307430154352
0.008995536676261068,-0.025709853858088744,0.010959828902223289,-0.011511064004392056
-0.001166704251064248,0.022202635834811597,0.0013540923687317768,0.012366375060120685
-0.0018227781721994732,0.017183810026743608,-0.08552542784602518,0.0017080882110007422
0.0005611867643643862,-0.0013823270754584475,0.034637201499348805,-0.002970211715754315
0.0007946427095913475,0.01855865226448988,0.029706848621967902,0.006921622739338684
-0.013072742970519372,-0.007040271693966676,-0.013574889801361277,-0.024873767661546024
-0.010563439787344572,0.02119707794992163,-0.006747506520358081,-0.006866334114296134
-0.007104897662415208,-0.007840175111206516,-0.03434052685502853,0.10663403265576368
-0.025321519331393285,-0.023608121226798857,-0.018465033347039538,-0.030761501884359232
0.004781584991822558,0.035512069773851344,0.02167142527004271,0.03454256440311403
-0.0021168961182062526,-0.009713718442209087,-0.0017476574412364776,-0.016768330423938115
0.04965337441251654,0.00648625663512085,0.03560499649944306,0.011110777830131794
0.031298712343558535,0.007496171998690576,0.007349951735303974,-0.013248209641147748
0.04148529065897621,0.010619835476421821,0.02264179762598033,0.00975767890243777
-0.008372309739574823,-0.0035091545807863955,0.028057128395424267,-0.004468691558424222
0.010813758371364397,0.006023816556037098,0.005324552775796538,0.031020534637922464
0.015897437361664515,-0.008608653798644192,-0.004292710283261014,-0.012636352039227538
-0.002360009613884975,0.0023651056738877856,-0.011260099884090402,0.002624370717165159
-0.005125269260025916,-0.008662804692042862,-0.015072159502432556,0.003955748484299955
-0.003027098981898543,0.008607885217185033,0.013819862125930686,-0.02300761380234965
-0.001430291785831238,-0.03562519003687552,-0.017608491717904177,-0.02092450742437719
-0.01993191816954049,-0.0013673634964971996,-0.01656474162017639,-0.005015978260345566
-0.00492334850628289,-0.0023974379006856325,-0.011770166368817137,-0.011595414810111714
0.012636557853807327,0.01705581002367675,0.0603104166993377,0.021006364683876993
-0.0026378418247804086,0.01017330889317426,0.019196337227210383,-0.001976013205392039
0.0094202286822618,0.010841395706416915,0.01452187916170169,0.001061471829366317
0.005132719840409774,-0.0009356628960004141,-0.005903612812939926,-0.008951185991350507
0.008940749184059526,-0.007905624375742408,-0.010408659566889222,0.004978262680271819
-0.0018076343154580796,-0.03381165435421267,-0.0356293206445078,-0.0166602250159609
-0.010479434881734952,-0.019713036514491123,-0.01360034804236362,-0.004871757941108436
0.0373823332188683,-0.0009372260023245525,0.014259073808795026,0.0026356273559348773
0.00547826662608221,0.006076904242296264,0.01320230431684188,0.015615926119870994
-0.00037541330898129005,-0.02740216240269134,0.035717557533237444,0.0050630192437886605
-0.00758004513282915,0.007693824414153946,-0.0127361095766315,-0.00019946283334822836
-0.0149506219450665,0.014451498666018775,0.0016441653277190816,0.017655251377726073
-0.032791271045805905,0.03775343262051414,0.0023605495234688204,-0.018080736970282126
0.014185276809186579,-0.0008462586151700266,0.05868272574299215,-0.0014372195207862572
0.017410496957209892,0.0036620168169008314,0.07098109112687562,0.006226501366617357
0.011173249798929598,-0.0003937326094895513,0.034992045964953526,0.011984576002958103
0.006107248126145962,-0.01627798588375764,0.027849686096646824,0.018527426790265714
0.003521013968839509,-0.02659722737366243,0.010006196509857018,-0.004219367890599128
-0.004655392669439339,0.03434388991210669,-0.021384159862326838,0.005822780497560708
0.03153058391446455,0.0024367633114044094,0.021877209710827277,-0.002399599750318743
0.042192900302590174,0.038530451374934785,0.01892459915165681,-0.01645512203047072
-0.006464105813548765,-0.028617642790173294,-0.019441082441463448,-0.01283756422927289
-0.00836725849202465,-0.008216136468703266,0.03900845039857305,0.006939071351207104
0.01791159235712427,0.004060340737146719,-0.04480186162620923,-0.015567696517135235
-0.005504221127631377,0.0028099031575023995,0.03938961629749567,-0.006913836103827308
-0.0040401127374681736,0.020331822428759798,0.006360288086303643,-0.0004707133548289242
0.0007858061820065801,0.02567782632915341,0.0034011943142930328,-0.012207574864894608
0.0032151674950933427,0.003531195606199452,0.03260699487618123,-0.023476745037657107
0.006555096245001334,0.008773575541577188,-0.052409624917241146,0.013445323603395775
0.0034553030219053762,-0.006746228303479965,-0.014252492909231236,-0.022941854330524987
-0.005168026032186899,-0.011148155872539896,0.05305409919515741,0.007151812151099968
-0.0008183005676312295,-0.002698441213908405,-0.04549829949251959,-0.0036115655785397835
0.0061414329738929815,0.02175681948046783,0.012847468714676217,0.006653118638235424
-0.01570052856314726,0.018130894630978597,-0.007206358713169257,0.02159447557837204
-0.035132010240949876,-0.05009963153015511,-0.05195335338705128,-0.03921799264960719
0.009697188915848344,0.027782585224038966,0.052779538485349636,0.014637832209760894
0.00044404353368307243,-0.045019240466326105,-0.01539666493428667,-0.009899303875784457
0.006316543897858392,-0.0011114789856192203,0.013674604901329141,0.012480868545870326
-0.00760886043856255,0.01095022271154542,-0.014816786729139185,-0.0076663752402458514
0.01937056750233797,0.007725462942447067,0.024331310172500658,0.006787975192971718
0.03868097494530444,-0.003170638763439442,0.01831477587612344,0.021048484402705188
0.0020188933418115364,-0.008136414546060781,-0.01085364312168525,0.001501313545190485
-0.016576702058946933,-0.004869391502995129,-0.008235365016010689,0.00019082980719445635
0.004362523603168023,0.010374211051715317,0.022547291398770954,0.0008041862780732096
0.012404640585310558,0.022258035392054606,-0.03457920037137167,0.005922484439255584
0.022535316635468854,0.027692151144970024,0.042211814191010485,0.016734367749238154
0.0007065606505676427,0.04861857742843619,0.01781041931942346,0.0008254947617413969
0.0025988547161788934,0.02945785122908878,0.002082342411769511,0.00030594852925162056
0.006283446827328092,-0.020248085279448852,-0.047501755655160294,-0.12030217864321027
-0.003802262344922466,-0.0019734183403692595,0.03671813319553837,-0.02756450973340267
-0.004894215035782787,0.021448378486165685,0.025538450543862383,-0.016546973300568396
0.003672905070218473,-0.04039310108689996,-0.052848572813666,-0.016426902098165323
0.00037029605711407865,-0.01766982230750043,0.03930641199562339,0.013663182118472136
-0.0013707015250657905,-0.037208545384962245,-0.035599264459215095,-0.027111653750646433
-0.004830527423589156,0.0003721114707823952,-0.03744886561150212,0.004465418177578069
0.004538407434672484,0.05631653285510292,0.03592274671529928,0.01603589976722227
0.02137110593244862,-0.030037214335174377,-0.01268032095842644,-0.007435441408622482
-0.006487791833362907,0.003307882918741538,-0.020731107188327342,-0.029239478759321084
-0.0019032501358421112,-0.03646711365097375,-0.06875241071018368,0.001443940431991763
-0.0019804359095259394,0.017558788910905374,0.005853666241942873,-0.0007052580016782483
-0.018338265985077234,-0.018951133903844657,0.011238716089416035,-0.01229936358796035
-7.469497556412872e-05,-0.028483287444823868,-0.01893489628165649,-0.0072017599492540055
0.004179013490990589,0.028054414059495738,0.006805426562391663,-0.01240751684245367
-0.008638599469070626,-0.032032341881092705,-0.021922199285516537,-0.001983914228917099
0.01948949882234899,-0.009790851268402874,-0.010530198558583292,0.008619297807138394
0.01618582582601152,0.020308941393949672,0.0660172720981127,0.031146400736734064
0.003798202195763628,-0.02625236853586816,0.003870128654219355,0.03709777684188965
0.00209182590417099,0.013628426497535618,0.016974787220379935,-0.004110711553099351
0.004672952133414649,-0.018250529412443567,0.008380619474776033,0.022379978525951184
0.015126209461309542,0.01636265119304991,-6.97394621241348e-05,-0.010986995726326667
0.010855683796743168,0.008522905549192543,-0.0020945908399217085,0.009674224419967417
-0.007153633631999635,-0.010358780113431765,0.039960567737700375,-0.011657877721410834
-0.012215793279375341,0.02093976783855516,0.017287167308555625,0.03371252071517579
-0.006863570983802831,-0.005303645132968149,0.0010335035967348669,0.017813734281019504
-0.003197560218945108,0.017067494481283838,-0.03447772390855956,-0.009879057154513964
-0.0025582890023414006,-0.0031307522745196094,0.012636566806914386,-0.014866889206078367
0.005755849221286536,-0.006454291233027983,0.014008389943790958,-0.010450895268591904
-0.0026939160410902646,-0.015629217144241425,-0.010152139695978377,0.003960570336665005
0.0008988517870461178,-0.03320989556876012,0.026650529578487583,-0.013077089054621557
-0.015098445975886323,0.0072300945050929495,0.03500417593015653,0.0058937104921780725
0.0018224589395023538,0.00807896271619421,0.03019325551468915,0.014778097473989466
-0.010138194827446007,-0.03889665598996,-0.04727460429487326,-0.01170952424528397
0.001286685099730744,0.01854688041923136,0.03389652701091261,0.02275676986020218
0.005422726861126484,0.03858226769342382,-0.0044993863680713635,-0.008585123537063052
-0.009915011500959322,0.014807720863768647,0.015527202757109204,0.004135518182982515
0.005116613877828172,0.02960802520538894,-0.006507353223946919,0.0051867587485830875
0.0053096944255422995,-0.003176160869262579,-0.0003295782832779731,0.003917514146959631
-0.0014984751785940306,0.010128246578782895,-0.021258551524587485,-0.006401981304311324
0.0013159470067161956,-0.012198174039463773,-0.03327112293491262,-0.006959292794560984
-0.0024870835251959533,-0.003619329992199417,-0.01139973602177475,0.010961570601277672
-0.004477611054965066,-0.005560855557135792,-0.0104187006411069,-0.00883839332861324
-0.003131421666977736,0.012521788173345913,-0.02624643791802105,-0.014773307846019212
-0.013933738517613961,-0.0038730170930417218,0.03057312274344065,0.01280193567963011
-0.018504465279846907,-0.004688795139394922,-0.04230652917497186,0.0027739623294907832
-0.007767566996107173,0.009937584060043825,-0.003586402728205757,-0.018223851620838477
-0.004967425592754203,-0.02175683184431315,0.010124471981728621,-0.004062560420501661
0.0012730846985475868,-0.0009732491752103244,0.02091338126870214,0.010776640280624555
0.0033871074933367975,0.000432699636909862,0.00883700211279967,-0.01712751813486019
0.003069147713342097,0.004693178813997547,-0.003927828743923437,-0.017092953517602805
-0.004184101371076401,-0.014473787878718945,-0.018051031148363036,-0.024981076807205096
-0.006754637533752875,0.021125164339048683,-0.0014354670972459708,0.008541478758855062
-0.010433311478838362,-0.0043936053878168,-0.0024427450941923528,-0.0008862979254733003
-0.035166801688047915,-0.04480567027408543,-0.042609305094350874,-0.02634978374353773
0.003843435636429064,0.029056579750963277,0.02866105598439217,0.014526860894214427
0.002822624697434856,0.00825721619066442,0.040695858938020815,0.05501982886134703
-0.001249069268077672,0.015194528911584565,-0.0006678119583802994,0.01703974120634944
0.029280086238765112,-0.006414656086299057,-0.03135078007637384,0.020434559636027163
0.011135349261250545,0.010933690593106213,-0.009929693133760457,0.0009068689171638871
-0.007110666301096413,0.015788190876832572,0.0012987560805733547,-0.006320385450185619
0.00714945879943628,0.005155768924444679,-0.0351442835440217,0.09898344529684366
0.004635379456155208,-0.007194213250918772,0.032707748293060876,-0.02998551312122757
0.039779426403429755,-0.029306114416740678,-0.02018328139266714,-0.014182515722001115
-0.0019648412969745957,-0.028803821486399327,0.00035553266889641583,-0.02104342956467389
0.0256803727265563,-0.03469725096611551,-0.038532688670109685,-0.03338319233209907
-0.0020998540074744607,-0.013350101548895904,-0.02191272731756527,0.0018220401776812226
0.007977885766246336,0.07577302301087933,0.03439569638292661,-0.013141640887857233
-0.011729030888589332,0.024664966763379943,0.014992548192064116,0.02354658377865837
-0.0034287922059860762,-0.007924416525772629,0.018729813289406434,-0.009644430908518598
0.006628114685600525,0.007977089879130206,0.007170667714086594,-0.0030310903563182784
-0.051274148572826785,-0.016499491079763246,-0.026499721174377204,-0.028640533025796805
-0.022995784787441406,-0.022340344621430332,0.0008867362574486323,-0.01557130911102629
0.03117677762588167,0.011746279262754105,-0.016448249621048336,-0.0007505901530488688
0.0017795329116435036,0.016141868716214123,0.001678940551719039,0.00612862288323798
-0.0143641415256223,-0.0004256193690695209,0.000947679089765262,0.0024224396158071897
0.015233748038497256,0.010166403704481202,0.0002671812076260135,0.01673314775034796
0.006029131859271349,0.00907260443723529,-0.02954695527872473,-0.028480278996897465
0.022143949447182894,0.006763798223351665,0.023604408796446652,0.003211739659873585
0.007650516806739749,0.013954478630994869,0.01940114803767631,0.022259398191543326
-0.004678537445938535,-0.056106163785103344,-0.021357279325286554,0.005066066754975841
-0.03265801167898957,-0.04253837483251021,-0.014967735162802963,-0.01353090061821977
0.0020420069532886102,0.029417916615645075,0.002010344152525457,0.008265952216700718
-0.0036709834343797076,-0.013405999706042235,-0.027372150980348144,0.0023230815822997738
-0.004674457034245198,0.01647011544804586,0.03384721273919843,0.019126414362665836
-0.008530800875914566,0.0016376663504562787,-0.00096123102727329,-0.01078070158241622
-0.01093209183794695,-0.030570537605429608,-0.02198816416611494,-0.024069910414999507
0.009355669758880348,0.026799887586009843,0.004903095477786746,0.003915650339463678
0.00364879782998301,0.011540154718599876,0.0014036436297643494,0.010265531681147333
-7.663911620952738e-05,0.006850206049899695,0.02126320318819362,0.0012070660933169112
-0.019552680241045003,-0.015657060121153334,-0.031914812787204434,-0.02580106455302112
-0.022298700096560726,-0.01590610818182284,-0.009692136394107657,-0.039097917939173894
0.01073701886028607,0.016342847084503342,0.011083506865035645,0.022997325133886838
0.005561550258065924,-0.0070656657992947056,0.00933537602077204,-0.007663425716287733
-0.01701845346996249,-0.008445383654979622,-0.016388196671314647,-0.011273244153874096
-0.007671197156291219,-0.01477034864300385,-0.03127740048343813,-0.01734191406099941
