AAPL,NVDA,TSLA,META
-0.027283611300360493,0.033502519935909254,0.003099673103658058,-0.012417079794892653
0.025642437568487445,-0.008972510640947786,0.021857165705963834,0.013881380728077285
-0.00514460339883883,0.04198209486898594,-0.007919294852611359,0.013287279227974381
0.00958213554171928,0.009434659516495721,-0.00924460786068585,0.014224230870499188
0.011917786335941706,-0.001838859275954842,-0.009097683584931696,0.05160778912208429
0.002890695894662665,-0.01359015141889124,0.02189168871378688,0.007194294731144647
-0.015012602561207324,-0.00446737251948337,-0.019718078031379437,-0.012563084212631765
-0.012271192079450127,0.01524155551284448,0.0034062276545409947,0.014762420080633483
0.004542378628384292,0.00811939742045385,0.04587275846182932,-0.040902453726725754
0.0015092306284053057,-0.008324522626555897,0.014437208664382839,-0.005653442288481355
-0.0023337604576545296,0.012790435886803255,0.03217472594711166,-0.012283781776001064
0.012565287081586734,0.003285420482764267,9.862134908657855e-05,-0.0020195663506563802
-0.002786354959177797,0.022900082147884065,0.001661168327351945,0.021630072509121145
0.0007479601557321281,0.01774625628813906,0.005205072568156722,0.011220395414054774
-0.004778179889371821,-0.013218805114307054,-0.021971130346089583,0.0014869015332442026
-0.00034242598929556126,-0.0034920925935379814,0.02075293960905606,-0.005240759023916913
-0.003359546835454126,-0.01784734911337202,-0.005295892009324611,-0.0013281320903965953
0.001784225510714689,-0.011959370736446323,-0.003061037245157465,-0.0032452763908290033
0.020560366219742724,0.010403079391102441,0.020181504916966016,0.007445302249865961
0.001409529557998162,0.014117690585658416,-0.0070584091033222005,0.001460324670394704
0.013456935340010375,-0.01185937277354095,-0.04418754471286682,0.009263834054100677
-0.0061728920899620935,-0.024971084894893376,-0.03027123516946714,-0.02237311328411175
-0.0258319126788481,-0.021715971233315676,0.03437259258571844,-0.008404566080578392
0.002320324017361314,0.039038747270854345,-0.022783267048393844,-0.000928978532332712
0.010105780879172141,0.050140956917414735,0.010031571629142592,0.011896937196547275
0.01020484104907537,0.05340961121855998,0.03756503320848795,0.011014028357791004
-0.0006018720878220173,-0.007542603785653444,0.0030958501857263057,0.005926934585899238
-0.008456777224219345,0.019088889739248827,0.0038177489873267093,0.007848745596896163
-0.005542196773232986,-0.006549218465679486,-0.014217568331421088,-0.010945062427401859
0.007158735249284679,0.025413041082155374,0.015229452832627683,0.022388882970856394
0.02996386919939803,0.0022945064566253725,0.026324794631827943,0.021320494884764223
-0.008460618136150844,-0.013268541709469317,0.0065592749200010505,-0.003368253347773115
0.004469063579658662,0.002498373114506633,-0.002217981262751364,0.007013153255378927
0.007446931672234457,-0.002007290115372636,-0.00231847373209337,-0.017879139737719523
0.004221360592100506,0.019762429175313373,0.0016098361025145228,0.0026081357195002867
0.015370456793018385,-0.007955152203900716,0.026035942688487673,0.015611235261923873
-0.010134614218779408,-0.014355648031748961,0.0012609548743898497,-0.01213576185823524
-0.006727687027214024,-0.007278330516066705,0.001312369553312357,0.0011382476519641662
-0.033661899872690484,0.013481555237417678,-0.024935356375548032,0.001823806107748397
0.0038856648036833027,-0.014609198159107077,0.009099139444443169,-0.005773451694333188
-0.009607905185810933,0.004054214028348356,0.002003341828722264,5.306447551702711e-05
0.0061248595732832575,0.0044411867813356504,0.015117058319369688,-0.006955609895861145
-0.001611870498339899,-0.004441186781335635,0.0015335851645735571,-0.0023027571991920755
-0.018518278044667574,-0.01549567709123778,0.0032970919669145526,-0.022609401187028744
-0.021592272215761807,-0.036597504278911897,-0.03936976129858423,-0.025042136590547236
0.003421848412675401,0.006279569383283507,0.012534643183807646,0.004991625680043981
0.01673175044976485,0.03218846260851645,0.01684451236014587,-0.04073683790628097
0.006696916484158574,0.024357789244683008,0.002258262820491851,0.007980606399678042
0.0006125599887859161,-0.017997330072270876,0.027160841972020323,0.020031553156853586
-0.01060606514672318,-0.0192504271558728,0.021677401377557137,0.0017550055242341982
-0.024089206787482914,-0.04538180432132775,-0.017592195347548873,-0.03725421716115515
0.006462070621100904,-0.008831368000079437,0.0048111864344248965,-0.0030575609376602983
-0.00935545267193575,0.00965216600556968,-0.0074897880450971975,-0.0006479024849161077
0.008094294522593231,0.0012546605410586502,-0.00033534501293734615,0.010609481924604718
-0.024913073374629665,-0.04991907074448843,0.008106673348889567,-0.05015680636022852
0.014059016683796166,0.03579010378978705,-0.0012035741082394261,0.020419716230355163
0.006286935045941884,0.012102043128768716,0.002763320999873195,0.0020402719809817418
0.009043777425927145,0.017953633531228714,0.01377889392912291,-0.013336461897137272
-0.0027254582278177656,-0.011645445184048411,-0.010284539562274665,0.0025179674402217686
-0.0006300166017198307,-0.006549960837487126,0.008177997401230774,-0.014035256152467195
-0.009144781238999849,-0.0011603040074802552,0.01725061613832015,-0.0051756406216547455
-0.0042489719067467365,0.012881464427075757,0.006630349593761303,0.0023754349598909936
0.020023898328568497,0.037816625318087466,0.008886865672994949,0.01221934746908725
0.007484527007655238,0.005320097012222091,0.02974907491710917,-0.011541524385487702
0.011736900322565432,0.01633271179631975,0.03161711443997285,0.03205844575264449
0.014967361770799681,0.0030556197204309864,-0.006734486474692475,0.013771281372662196
0.003355742519188098,-0.00842496168456967,0.0017687488821671587,0.0023209588878593023
0.0014728579581190107,0.026299056172300283,0.03205181901693134,0.0032225077408481306
-0.005299226556344819,0.001497332169824454,0.017387072543931938,-0.05183523566411511
-0.00033613189471627956,0.01917611730211932,0.11921843486746743,0.01249063055240213
0.004564442278149234,0.06480560154859694,-0.0062938149592970775,-0.03997440197852788
-0.0031526488787621695,-0.010820353062681087,0.018898727534898532,-0.011432791167387078
0.024684560152651108,0.019841865445996833,0.03705562944417333,0.014941317616076975
-0.018322597210680282,0.024789600046477712,0.03374062327713504,0.020766167789669596
-0.005623181846734799,0.010117926974058517,0.08149724419582528,0.019616720200680806
0.007090838614330855,0.021981297031265327,-0.03074274797958024,-0.005774825249137379
0.009750866292358294,0.007434219300837029,0.03509368755165895,0.010732261646351339
-0.003504628607887965,0.11370598925586634,0.01313564628546233,0.012674987143358579
0.0035756133258778113,-0.0016456529473158567,-0.006378469186125081,0.015599102890933601
-0.005567764883238869,0.03474827621049195,-0.04961124617557869,-0.007385128322354718
0.0024563232852151578,-0.004783578883769632,-0.12772318728902374,-0.00964404851934508
-0.019349441707239373,-0.0398614669686883,0.04251283809069096,-0.02331898503208361
-0.0003379172405088385,0.0311140506828603,-0.0041661953768667185,0.00030504668357368876
0.014235295221279417,0.0,-0.028701065279561472,0.03933931087147256
6.65956105622475e-05,-0.012083167878139085,-0.01957254315692035,0.019377471855188347
0.006644602669258666,0.005910763390835959,0.03998366090579434,-0.013323610376019755
0.01635564706099634,-0.03168564251248709,0.031984216103858806,-0.006406130160841831
0.02813634541024196,0.07927215416172693,0.006744812791821567,-0.0061224273260064655
0.01683363522132214,0.04052521459115991,0.03643213445735007,0.01932837270682872
0.002923150591896515,-0.031692983482851336,0.017272096909531555,-0.01250162234460527
0.0024189891410632803,-0.006593264960888985,-0.04223229344871564,-0.011087293067334627
0.0032783462968643193,0.028812649533942015,0.006265105659810634,0.01123380289081849
-0.0321910853201868,-0.03649652963843195,-0.031013582803841335,-0.023555810442167667
0.02163795117725339,0.05775452320033399,0.04964715675134432,0.014632020366600268
0.031089277100991568,-0.021196617518006895,0.006810578672784683,-0.040972394719658446
-0.0032114117213328805,-0.038596231670528044,-0.044440653310942796,-0.04365635996777304
-0.006148703080013423,0.021743562112573098,-0.009543130353379798,-0.00067620280410689
-0.01179392031384488,-0.04563101624148554,-0.0663521763056877,-0.011503154624209004
0.021274981356811516,-0.021604545937548705,-0.005889394805839068,0.03531607753468945
0.03483248957813689,0.07656120000913708,0.04148581070093519,0.01542134395791448
0.022527500293788878,-0.018707619318746968,0.016230761245708623,0.02372424092091797
-0.002974434715236558,-0.0428849339833905,-0.06289341727027524,-0.0022410195216813786
0.027627974143193942,-0.009623002869572473,0.013093827482800639,-0.00021246556849494413
-0.02089096435412064,-0.0698376986101769,-0.051053775924629424,0.014272263641267586
-0.008055459341890572,0.006230458173774181,-0.008208173270999982,-0.002244639036826259
0.028110148682744973,0.07221310877232336,0.018072325435531507,0.0234536271778049
-0.040055530980323696,-0.07045024319007985,-0.051585055672323236,-0.019983893501456833
-0.006522949909962197,-0.020859149140381384,0.006076947341899706,-0.003319848140192377
-0.008154995850228263,-0.002953876533568796,-0.03561605979548491,-0.025303290088073135
0.01890682588923183,0.04776048316731104,0.04198665654283043,0.026530952112346858
0.015202780888156096,0.011115910523396584,0.07227140942458773,-0.011284501535383266
0.003637010969647588,0.008130135305219851,0.05602002567418564,0.014391204926169838
0.02271502470787213,0.043086686268785424,0.02493491640225287,0.032112333502717125
-0.0057837043095094656,-0.02033786232859717,-0.0050128185500081576,0.00011551257919494914
0.0005016505661739299,-0.010642968880987145,-0.002096907250306926,-0.009518868443783343
-0.006599849659123502,-0.013929288921901982,-0.014699782732613053,0.004132071627689459
-0.0035414094661226185,-0.005932492033601419,-0.012749774874751605,-0.023535444188079048
0.02469649718936306,0.02385370592427821,0.1269116289226746,0.006490040562193161
-0.012772777679278398,-0.027976359624617687,-0.04273287830059682,-0.005954834265552253
-0.026960098636095088,-0.05928554854665697,-0.054953895352910696,-0.037419244567147424
-0.01683419117256262,0.020580802430665342,-0.021758379841487693,0.02525138798331913
0.0009879770634837691,-0.03359797243451197,-0.03609004895021842,-0.0020171796107865546
0.00011593917566449824,0.005599418758956914,0.029890740749494566,-0.011275346757472002
0.016644536798921784,0.015104360694339089,0.005917481776156395,0.019021133729073922
0.00256707251940617,0.006521593378176918,0.03853754612843837,-0.003325119441576591
-0.019211609318327834,-0.05219786967882078,-0.06987655465675016,-0.020554269359616024
0.005097531022960072,0.013715357957333356,0.017346435457551865,0.016464886830164577
-0.019074747033779316,-0.03932748772586138,-0.018364847454341894,-0.04231067333246491
-0.02124895737172092,-0.032806819739085176,-0.03441330009854252,0.004516035490057593
-0.010400906346881044,-0.03726770485635466,0.000622510083264904,-0.009526249623688204
-0.012847462406946241,-0.032659985895860236,-0.0539980722931419,-0.043218990425350816
-0.0048760403263269445,-8.562826222507919e-05,-0.014835635717323473,0.01810867571146079
-0.011450170364646677,-0.045876435654794274,-0.012551567227813773,-0.028120039342028644
-0.0005634002240820686,0.019869350596563518,0.02048773822340817,-0.018561935229748815
-0.0029475327512252865,-0.03703775381313761,-0.12277997465910719,3.3853832528784046e-05
0.06745089803067163,0.04001956927719462,0.02059221036289143,0.023712013328973738
0.025790274532115298,0.06958795143563248,0.10145138741776683,0.03756724699462335
-0.0009728590621652536,0.006188689261374336,-0.005856643341232021,0.018157586282202945
0.007019163491698241,0.02421925135181045,-0.02786380690498853,0.012461219541467018
-0.01686100704838208,-0.05262444328853843,-0.016162405874435497,-0.3063907160450795
-0.0016808103863905435,0.015372864073901597,0.035474386816493036,-0.0028217585733996183
-0.0042433038588961395,0.0166785407332643,-0.017458706575610557,-0.05273950243116374
0.01829820443980517,0.015250388120780735,0.016028052271245364,-0.02125500933317622
0.008259347322064141,0.06166405675474627,0.010787525285489406,0.05229202969116219
-0.02388168712184735,-0.033546514648656135,-0.0298952129692807,-0.017084810627491835
-0.020425539378993385,-0.07537754976103844,-0.050505215210130634,-0.03807266718737561
0.0014222773406802132,0.013190631588465196,0.018159773032297852,-0.008461945999986174
0.022888440315384676,0.08783863661250736,0.05191932445845771,0.015044791793999422
-0.0013897999602884232,0.0006039080650696845,0.0010402120327626255,-0.02038754441243199
-0.021498640355096226,-0.07860098845804138,-0.05228610180162916,-0.04163231175665718
-0.009399958060633623,-0.03593432575905121,-0.022350967561475237,-0.007490269990787262
-0.017972851413270586,-0.010716008580661539,-0.04224617718140919,-0.019988963341087497
-0.02620431080088908,-0.04382799292678729,-0.07254830168258311,-0.018126496541974298
0.01654251869873983,0.05901780859944424,0.04695367409397792,0.04507609446299557
0.012882054495655174,0.01707559894211927,0.011299945777284081,0.013777217008487894
0.0016363188309094139,0.009394216578252401,0.07211363413565586,0.0026097381243428506
-0.011696047537628502,-0.03794702671758853,-0.006986492144572377,-0.03638329964072597
0.020379362999689368,0.031327812772367916,0.01779600470296842,0.022449874961394455
-0.001983310439198352,-0.02111312295417536,-0.04724057511561311,-0.025008624733140583
-0.018579648309532838,-0.033357716453690206,-0.0011922300504741562,-0.014440893191188289
-0.02400353614921881,-0.07156232122895123,-0.04104369101185902,-0.0649982714106183
-0.011744703770956473,0.007558508781380221,0.024335419149005895,0.014930088294898183
0.034399086373062625,0.06739850884025245,0.04107819387010212,0.04223974304987305
-0.027562575896871517,-0.015589449593190863,-0.024358017786858904,-0.01671292595697602
-0.024199174514259274,-0.02493528752480559,-0.05259370365966602,-0.03971065819581007
-0.026921557955213365,-0.03546307299673271,-0.03711720154932235,-0.005237277385773912
0.029245314035251567,0.07420492674102824,0.04530634609366675,0.028523587289073022
0.028602705119470842,0.06419017833206174,0.046704219074345354,0.058653026698968
0.0064331424892357094,0.01096182887228145,0.03665493442277862,0.020463875084173102
0.020703151604794984,0.06589786119160379,0.03803519751155836,0.04077583583398606
0.008501398702428909,0.010566735002204897,0.017268009913468576,-0.023366604723088612
0.020587010925556322,-0.007886291616277382,0.0760832835953988,0.024105290761996717
0.008200062233525665,-0.03413030919160877,0.005147863044765912,-0.014833620227622538
0.02242455497904261,0.0936277259798634,0.014714339594958641,0.0282217538966955
0.0037273685506833535,-0.016403689728218193,-0.003240181703986614,0.010195057651368937
0.005023738471544618,0.0188518390214208,0.07728050710253655,0.007947642287711732
0.018953732806139687,0.015367319953225675,0.007054913567225325,0.027656703364890643
-0.0066717418922544215,-0.03429128429366288,-0.005087674440050588,-0.00878293225584744
-0.017935530754657755,-0.014697704866102371,-0.01509517416561853,-0.02438999106580062
-0.0017198051981741362,-0.021260796606401323,0.006465651918934319,0.01113588553058086
0.023417176976168057,0.023969298481658814,0.05459557817973847,0.03941739738870515
-0.019123642257248507,-0.05364311008986386,-0.048464637280470575,-0.008803488806786521
-0.018623234154463097,-0.06056923709497391,-0.042589069768463106,-0.0375312266081532
0.001802652060001553,-0.0081867038267229,0.01093679078037125,-0.0015687019001723167
-0.011980507099099653,-0.04602839874285946,-0.030510186068030958,-0.002784793486671794
-0.025847087389757745,-0.053392318323648116,-0.049534931817513166,-0.026756816207082396
0.011457543723495884,-0.019023644391034624,0.01122853693277581,-0.010775911335206499
0.01621025384679477,0.031988415034650684,0.03525937358618668,0.003961603603169858
-0.030447019202777252,-0.043493942597025305,-0.03723709338922126,-0.022627349532527048
-0.001331838024071682,0.024396629272397816,0.01939443951963136,0.0028032111995369958
0.014016412690709962,0.018872147418929973,0.023480261839117743,0.030557459563754646
-0.0010159686820814325,-0.032786751907254434,-0.05082502163771964,-0.08090979388330437
-0.004855382033145931,-0.0623747075856098,0.03180563608534794,-0.06360069384867259
-0.028215324011742655,-0.03365736923577373,-0.003704429607069112,-0.021281043682371534
0.0067145595736003314,0.01963693193925102,-0.007019222592886596,0.015521764318486266
-0.03804267095319181,-0.05760168626861591,-0.1299278575282087,-0.03283450644500858
-0.001468015761569598,-0.02005294125691862,0.005790878918745771,-0.03372035880204197
0.044165887586069555,0.07160693946470684,-0.004548029513557434,0.16206431891651032
-0.03729181631767169,-0.06446442091165021,-0.007721957937068309,-0.02589990300942102
0.001964634554262633,0.05179740665222628,0.03628977282780161,0.05180935349807592
0.009576673644857902,0.003526151796503232,0.006963974902024329,0.004253720228969815
0.040189698195177606,0.03666271954557111,0.04659599279666411,0.05228077839679035
-0.057328549740344625,-0.07609993253123075,-0.08695990905101429,-0.07012517796062359
0.004716061533075108,-0.009008862767482891,-0.00877557365586079,-0.02189146534858316
-0.033752300837136026,-0.09691799192584832,-0.0951126361970946,-0.03780645672111332
0.01598359128504098,0.03734702748863792,0.016293707630266798,0.007312328899937298
-0.05323339321507021,-0.05640630709055166,-0.08615264955046516,-0.04612725252867224
-0.027262521822678916,-0.02774141501779899,-0.008207980246495447,0.013158634677146133
0.031417673013719526,0.09043677868755196,0.05555683158900242,0.03786423815078106
-0.010729781274618733,-0.02528049984677445,-0.06055559591829793,0.007124048538654838
0.025104960373390658,0.05153378723800558,0.050132289582274676,0.01281488051365936
-0.05807338317110637,-0.07059728069741461,-0.07043726926027942,-0.05258763933467363
-0.024949988754911723,0.010921142311992697,-0.0005496144580126333,-0.004954052117600265
0.0017455966398740143,-0.02543125626642885,-0.06631616117599509,0.011693498458161035
0.039335691107711165,0.012145771717350602,0.016432950581559483,0.013803295283238827
-0.0194034157358738,-0.04502743896046598,-0.07176955888757142,-0.07924462467690263
0.0011395638772131096,0.04957385169227021,0.04762508488803113,0.013968701667083363
0.022934311525184027,0.0503178573631146,0.07164265445291097,0.04155493582426363
0.03994833495703393,0.05238207576499826,0.0707688185938516,0.018099553566727475
-0.00536050032685612,-0.00741663727452388,-0.0018051917677216725,-0.0076651907469194765
-0.0008739052090267044,-0.01903166037274927,-0.023876273341224673,-0.026160449458494755
0.016671315295740067,0.06712781884087754,0.04571303469577831,0.05276067229001067
-0.03931838863481332,-0.04552895158602496,-0.09672413884722543,-0.04148010955267919
0.005213934713694779,0.003519653720931626,0.01591980642197778,0.018025114318539218
0.017433138625378673,0.007424763381763189,0.002542820180630796,0.007181382656803974
-0.005056056551528395,-0.014586446874494221,0.012397350726358317,0.00504723064914963
-0.03661805842798257,-0.03270393462702107,-0.008970671737446728,-0.06643889447106026
-0.039394571964963904,-0.06135240764481985,-0.0316877053198606,-0.046898007035001056
-0.039037181506369666,-0.08140333370329407,-0.07366972655880115,-0.06658721507323481
0.00665059869671554,0.012006673460248578,0.023606322357198544,-0.003231835463515214
0.019912072815247584,0.042709519148054605,0.0533736162801124,0.03374893149020946
-0.0404591755132638,-0.05766038599553925,-0.08927688581957327,-0.05137114037458611
0.011467203648409105,0.017725577115504414,0.017029157609637507,0.017683409623147947
0.03223580234326026,0.042291847594231095,0.08942411634475682,-0.041715652738649266
-0.003834635018102189,-0.012512800555027152,-0.004015858661335937,-0.00767016034151152
0.021344251702898793,-0.008286075321618947,-0.0043156097521520964,0.018436537956652666
0.024221523995207887,0.05404431457862343,0.04425503260828766,0.06940859227902484
0.0,-0.015120160664930679,-0.003206786761701394,-0.003945253120168195
-0.0302424243986785,-0.05401459128252023,-0.05133914578061633,-0.05337911125330025
0.01293957162289904,-0.027917169345275866,-0.018100003611393488,0.020085834879915585
-0.018191951887777072,-0.024951515140829925,-0.0177355774717728,-0.016544529911447798
0.016034906719192357,-0.04286088213928281,0.012352524133575146,-0.007594761315213434
0.01875347267128101,0.029913861746050752,0.025215114905161356,0.04973303784196161
0.009561381401552225,0.011032039357858995,-0.00573722846648063,0.009350150662722663
0.02371621350741758,0.046994708262871776,0.05380522947187794,0.014154071590056216
0.004703650084190328,-0.001261900938074757,0.02511707828484195,-0.007637069105598237
-0.01486803108502216,-0.04427965997800395,-0.06772231414560198,-0.04794772631307889
0.0068105927307797595,-0.004630549775078267,-0.005448427397798375,0.0023913928092527226
-0.0025397803734738943,0.005422206207266909,0.016890005886123306,0.0013466098219462753
0.020275348916680144,0.013623414149402243,0.005357484236889209,-0.033840355247839016
0.01138499347316345,0.02505434147266255,0.007330299130864308,0.04121395501270848
-0.020859159571166335,0.021279275465025723,0.001997430616818738,0.015244594103827074
0.026371069479154196,0.05386134882899454,0.020505045463666282,0.04986301551535745
0.01341944138409698,0.04684891723354825,0.007991447618970264,0.04074472811335558
0.014981315041106237,0.013554231979090958,0.09331246499887616,0.00043674395806792796
-0.008143754161199904,-0.0413415765104426,0.0019732780255828208,-0.07891948959625557
-0.007425798405239943,-0.017180190716228103,-0.014093787954092982,-0.015599304734465903
-0.00886544249098233,-0.029265420007847456,-0.0363152186530825,-0.046048629348811584
0.03366192042803717,0.07327784206080305,0.05982904612856656,0.0634778066441109
0.003565101493149054,0.010846262754352153,0.021882347827174065,-0.05366112798185231
0.03226701723558709,0.009904005364651258,0.056238328890716484,-0.010130967199616384
-0.006172640860746285,0.015189623625997621,0.0004262206792024022,0.005203345803109291
-0.00933070311693682,0.004598591318044385,0.011072869479979633,0.0016244844835185655
0.03753454691561022,0.01961674367169331,0.022402858626649376,0.05235397283176232
-0.001928358201827762,0.01689960454341756,0.004014952135593356,0.010431102545756191
-0.001389535851704938,-0.011831254625961784,-0.0686033118290163,-0.020493526144759702
-0.0029076191655917367,-0.06505479656096451,0.007789020718917544,0.01861578826109901
0.00030333851698523045,-0.040545884595403446,-0.0247155543645267,-0.010154017347934401
0.025857540414379983,0.05748712156107171,0.03816806100817755,0.05657783321293099
-0.00444173186252245,-0.008602093557137428,-0.026599955270312264,-0.0047775129788394195
0.02119945428517081,0.041860401829557164,0.045690263130780645,0.016816409390191533
0.006313486776802062,0.01711726358194154,0.030493897831355556,0.0021583727966070464
-0.0009242958918279842,-0.00807178256873697,-0.008952025876518947,-0.007881048013297549
0.008746151597059918,-0.02923838670006014,-0.008407578354357605,-0.02607954647679118
-0.002294128105875426,0.023607725061326315,-0.0037131047703819653,-0.0010871972748269503
-0.015216983358058867,-0.0504716637551619,-0.02069451464936621,-0.039115473854997265
-0.02329875391036145,-0.04673648575380106,-0.023027123255798403,-0.0296688031088623
-0.002031148712910112,0.008592667821709534,0.02230781558771273,-0.01196962819401318
0.0017923603982648254,0.0023833704474447125,0.0021677745650455194,0.01325667664882006
0.014812371953880474,0.03933918387532145,-0.0034616690754643124,0.033252017185164046
-0.03842823983986999,-0.0968187642641329,-0.02732301898385137,-0.042358847214783
-0.013784581072156932,-0.028634768041424175,-0.011415491099770154,-0.016264387567349235
-0.015423844021220675,-0.021299729037606754,-0.02531598923616216,-0.012708452090534828
-0.01069209388908782,-0.024476143597519325,-0.007554668468041173,0.036056177621255805
0.004695609521225908,-0.07974996903168195,0.005608200169827373,0.014804333656209173
-0.013704479050127902,-0.021027584537981765,-0.025395567131662106,-0.030952894163829844
-0.008248913566707912,-0.013426028853547486,0.015460425583855752,-0.011164928095658364
0.009211228077486831,0.01862060391526536,0.03325755641840769,0.011601211377997666
-0.009664268002700253,0.019925547575029946,0.019408586563541073,0.010358346636218813
0.018664511213375413,0.027982267384487645,0.035389242849343666,0.04281913096932936
0.03778471516788706,0.008168524098040844,0.015693156705112052,-0.0011236720972488373
-0.06047138475210546,-0.09951759656694781,-0.041209445573060305,-0.09837487023409992
0.009510092522575536,-0.00022849664960076613,0.035245873940170286,-0.01089957412016247
-0.019111393963538007,-0.015274595496301162,0.0037601953268899466,-0.01275672130534963
-0.011020732704357416,0.020592554888764172,-0.0013177201460770078,-0.0220398781566582
0.02477359594340116,0.013845074331191724,0.018680537647816527,0.011756516777393335
0.015543820048759822,-0.015513555539426009,-0.001100668054834369,-0.013124799671857616
-0.020475690534892114,0.0064305047440006225,-0.026021592607865372,-0.027550989526668478
-0.0063955506912285595,-0.05423073170544956,-0.041438568478665415,0.004913341060446251
-0.01523935891872037,-0.00358885377381952,-0.04703665354268194,-0.017018287726510622
0.0022578342504429912,-0.023279477848878016,0.0024668028538151034,-0.029194973430698344
0.0065445002199312294,0.01501606369898174,0.024797737333229056,-0.01455146103611708
-0.012732138602627662,0.025688187673268425,0.017065662059063912,0.05225645429249453
-0.05036656564015393,-0.041358477238960425,-0.07053030781738932,-0.03741167376643364
-0.03049960178881661,-0.006650647192222904,-0.011097446407076914,-0.005366131652745513
0.03028924921181118,0.030264856717412397,-0.09008354847845335,0.02136529621716369
0.025300174762461436,0.0510253432708287,0.02862918608137619,0.011976037690516115
0.0020513183063931044,0.0031846935576874675,-0.035210184423729626,-0.009310371121458326
-0.006647892080657362,-0.0059985303730628395,-0.011191467132615623,0.000647377239747719
-0.03740970933611073,-0.08367984259717516,-0.06533110715825653,-0.041250400003288994
0.0023528881541610537,-0.03419853743353483,-0.0004932430962923407,0.002544384218713339
-0.010307760310663012,-0.007223922035218085,-0.02940186584357689,-0.040031402413483824
-0.004615866640455423,-0.0074503876660855116,0.003412211010253521,-0.008123641467795184
0.03306035345579132,0.03922067158641919,0.02041257160441261,0.021646283246504538
-0.03277107527697031,-0.06324623803588182,-0.07845410579918498,-0.02746711684143723
0.028706666194647606,0.057207802661803635,0.06770743117966126,0.05584269084839447
0.00936538923796157,0.006623637450309849,0.003822165646732409,-0.009294116901030021
0.0007648264116435851,0.006994573154077874,0.008366694500343838,0.0032329334610512795
-0.0032721205434281656,0.011796567647759024,-0.06878698522005931,-0.01284195388181615
0.026699448734560996,0.022060712775745037,0.03395945997966481,-0.01162352453027441
0.014694197704906722,0.010612597425135466,-0.014987724107085643,-0.002233208033873703
0.019152694622273734,0.05120993828086,0.051525211920993325,0.0583184425244096
-0.019822189004254698,-0.02791013477860103,0.009931639962148882,-0.05754779503268842
-0.030938877872596512,0.021479630034600194,0.0020011878357876823,-0.28179393400319963
0.07283446822595359,0.048732395134196166,0.015123446596271723,0.012782963501317439
-0.015530338693068673,-0.024661787510742196,-0.004297734947231046,-0.0628195504531749
-0.017698552576498588,0.003402564261796328,0.0012298580156588981,0.021661558152155085
-0.038018780006912084,-0.024214852622487244,-0.05801089494975556,-0.05018824236365931
-0.043330192571123596,0.015165334769908357,0.0015338580999043428,-0.01816716015459004
-0.0019490894924912394,0.05331806009871059,-0.03709208198225607,0.020924586662426685
0.003894610829802668,0.010190926884082246,-0.05137700982212229,0.06327106979975983
0.004166315524256448,0.02082909993485559,-0.029766854567743133,-0.0025880671487291717
-0.03375328180845722,-0.05823065555929091,-0.07436539035358274,0.05053102763794413
0.08523667576839127,0.1339123715054627,0.07132888823212645,0.09757440161201311
0.019085277701639605,0.03597989888401584,0.027155202242509627,0.010227061365499624
-0.009530910514522975,-0.001962014783401208,-0.02594999483044167,0.010561741481958061
0.011799609231181174,0.022512524236417388,0.018009160285334423,0.0247311363771741
-0.00836623420474221,-0.0464229540360937,-0.03934004993858786,-0.033436490224331136
0.012888248797394348,-0.01475316142733146,-0.020266034660649707,-0.015845008233628884
0.003774395787161897,-0.017242816109235285,-0.016402810087859467,0.005369167871419721
-0.021918515515867935,-0.005988400321820063,-0.07082202204033466,-0.01973837942250364
0.014554763009629402,0.045997626675737015,0.012079065403443036,0.014279433537520984
0.00590876934368275,0.029550199731719975,0.07530952893106566,0.007153188922722858
-0.019788049518560936,-0.015188198925470823,-0.0018575995078746789,-0.007422364088963964
-0.026615386819809926,-0.027605711059062087,0.00032805270562665304,-0.02388962884544835
-0.021374970171430703,-0.011949552574544605,-0.011491515256992131,0.00623182679982823
0.047449902402024506,0.07916167590966622,0.07390252318127676,0.07597227829028512
0.0018897390748853018,0.012449552831796417,0.0,0.01962014026877548
-0.0033769983795224417,-0.01523082608470409,0.0008214584254523483,0.025008442669808145
-0.008015271022444285,-0.01588740954579196,-0.06580520897353867,-0.008620751947337997
-0.02569731909532582,-0.03822905816266154,-0.01451975486845227,-0.07028893955321457
-0.013880763363217629,0.008284820283936326,-0.03267127201155782,-0.001666309147161123
0.012059669719320239,0.063044831324507,-0.003453386948248274,0.01221340024865178
-0.003440598052261534,-0.00983336561389771,0.03183338116095202,0.004930188097145946
0.016257168689333894,0.030926707752600115,-0.06477309340338366,-0.010320553364019082
0.006759318397807666,0.030165163642335284,-0.04179828130131225,0.04633371692349629
-0.015657412802410797,-0.02226946423620087,-0.02612261140486262,0.011913853704111793
-0.04798772038784254,-0.04170907271233667,0.005533102257132837,-0.045772225579013115
-0.014686168811572562,-0.022731548478512394,-0.04833680500131505,0.027847855743413724
-0.016037577067827217,-0.01931493680045212,-0.0023992055582815475,-0.042330193869404564
-0.0005289654428424147,-0.010451844119145083,-0.08396483835074355,0.022542673119216556
0.023530595608357602,0.02553379335516281,-0.0016704490129968075,0.022546820458842726
-0.02405972364938899,-0.0730222581588387,-0.09302311928148893,-0.022290635510048857
-0.0028020013677656384,-0.008708616376857823,-0.017706675474399133,0.007824531015079376
-0.01397569525714054,-0.07402692461998556,-0.12113825810398889,-0.009875850623110687
-0.03116573319165592,-0.006037636342574904,0.032553261278161744,-0.010838678862523597
0.02793075140660522,0.039601495464310896,0.07772640277207259,0.03934699162925372
0.002465420876101672,0.0007530671155466373,0.011102159833173808,0.0006650374401426447
-0.03812203121685025,-0.02067229058119597,-0.13058999220665155,0.03591047558825649
0.010261391528938457,0.02986747541051414,0.04997884108534127,0.020864693827224074
-0.010661233483766769,-0.03336632498810755,-0.02946907696009933,-0.0033817432370677903
0.03613349337464242,0.04079687087615843,0.02435215499827936,0.023973722685994004
0.004080251206720173,0.05045829437508804,0.057654579278002493,-0.004238968998656829
0.0044467320620061096,0.017820774085841692,-0.007711027963739906,0.026824444800057516
0.020892593700356354,0.005766286720150088,0.036109204525613114,-0.0007520397042337772
-0.0005996635575369967,0.031375597666894184,0.00275546279838757,0.0283401529104466
0.010068086733379228,0.023227652775654455,-0.009432465746951967,0.0019731837077732765
0.008718665149004498,0.046423299925031365,0.07163646233055776,-0.011897134030959938
-0.0053847307482263575,-0.018530041311438965,-0.020825332244057446,-0.017438140482237165
0.0004437089018874854,-0.03585446019772796,-0.012580752996881307,0.023257492626554695
0.01903832709912459,0.062093600704534006,0.04797727392320426,0.02337505749462818
0.02322863021843854,0.07315886196615468,0.07457364612008015,0.027598538190590955
0.01001288072058023,0.0037444432877575015,0.0009734348560736818,-0.0009076267925382024
-0.004712030605650662,0.003005891434157428,0.0037457958683397114,-0.011523409127029958
0.014694851630483993,0.0244869272505415,0.1040650092615062,0.040171509123159484
0.013591435038900592,0.028034729173555484,0.10436164069972145,0.029697225159533894
-0.020282333066558172,-0.06088847953644901,-0.06526572943550507,-0.03132801586336691
0.008980583400181898,0.01938103804191914,0.03860663902242871,0.012904267693055315
0.007869687115260005,0.06949419844875385,0.046197213190127824,0.027477207259430623
0.036392113071641474,0.035922175027779175,0.03711744228973266,0.20930739680987373
0.024106968356025733,-0.028453752335480188,0.009041655543147504,-0.011937281277001957
-0.018091156305305445,-0.0005211564861952127,0.024849222136681733,-0.0025228994436466133
0.019061625343255364,0.05012355970533651,0.010470780820742525,0.029445107584668034
-0.01781049430993419,0.0014422406995891674,0.02250783702828191,-0.04368133211075392
-0.006935488675121996,0.005926957504585153,0.029516907690852447,-0.030499038294783197
0.002453170909384673,-0.04918208757367844,-0.05161833459581209,-0.021417021418823498
0.01863229645759012,0.02429694776246986,-0.011493498714308886,0.029868178784294243
-0.004234002296234288,0.05287322389928289,0.07237801403011461,0.00027868357744677063
0.013807567033477743,-0.009052293462051338,0.023567198213512965,-0.01301050546085229
-0.010484087850150816,-0.034046747676267426,-0.058631243213632354,-0.02700382558158331
-0.00757517980466359,-0.028303503044555856,0.030561678706295534,0.0025482000035529856
-0.027042502344320214,-0.03487249557604244,-0.05394722804913025,-0.0046380128208856055
0.002891881635551359,0.004781445451591391,0.017528035977254008,-0.005594699955968605
0.003285287981862618,0.13121594412788845,0.006006057267467943,0.005362099477104928
-0.018169488758433636,-0.016102708344523677,-0.02601977738759486,-0.009636983245216398
0.008213822068683303,0.00919065203799015,0.05316324215501689,-0.005001068895115718
-0.0034537944977956502,-0.012201377155354354,-0.009290230436857878,0.03135410605234036
-0.014348173842328936,-0.022564627113427566,-0.014395089751065829,-0.008726610005392786
0.004120346331501263,0.02677719079689748,-0.060322654091468045,0.006380097755299103
0.03448858243005953,0.024405893680880072,0.03545612908951283,0.059609690985831826
0.018369516485140652,-0.014164124766907002,-0.02032754273314496,-0.0018911320071497222
-0.0146025542955323,-0.011187760435979863,-0.03198003067013721,-0.0021113469385501946
0.008342348318508722,0.03762895186430787,-0.03089156736881823,0.002489976063448277
-0.015027107707250494,-0.0312938357677323,-0.05117763786639216,-0.017891638286400353
-0.013975748763183561,-0.02030223116146198,0.0030026831172517087,-0.012071208564914768
0.01317886182933935,4.352573609634945e-05,0.005978365078895034,0.007713386736598656
0.013990732661563133,0.04666067637646534,0.04909578215581386,0.07001691037323056
0.0026180482309157258,0.006833646808043981,-0.015452165385496644,0.019042336059044124
0.018521415190452816,0.05277604571261321,0.020188342220549882,0.03566483068601574
-0.0054688325944600895,0.007178243135365905,-0.021963216854791676,-0.04654538606785082
0.01536535586080217,0.006779721623333835,0.01717250122413543,0.011184006039946508
0.011872985445301259,0.011478263972456692,0.07529223411697607,0.021752570159051174
-0.009144963517480127,0.010215091764737965,-0.0330851466718186,-0.011692629521605102
0.006945179920911565,0.02694964904780714,0.0055821275337720674,0.022124626866408918
0.008271177270988238,-0.015267941453497193,-0.009460894526444498,0.00843301148138651
-0.012369274614527479,-0.009304123593635917,0.007325624786097459,-0.015507098232259422
-0.003988267763659261,-0.004571065198512773,-0.013753472002494866,-0.010705854509597141
0.019597494313816948,0.02150121945528604,0.0244876221590413,0.023004248604370697
0.009841255848982412,0.014678245363058779,0.0071949836717746535,0.012052630906835896
0.015522921582627157,0.014285992393685054,0.060504162532241994,0.019534696252026744
0.007672631694110541,0.006745366398717038,-0.06311918518816903,0.005317605656758786
-0.0032553526372086574,-0.018478221208183453,-0.011307735857578558,0.007714097681506365
-0.011354250628533439,-0.021055685903784038,-0.03734894534323148,-0.01520447826658273
0.005480837418476297,0.005786477570108265,-0.002482632348555218,0.021610931061806726
-0.01610143151974795,0.01984843792489943,-0.0029764508462149673,-0.006266743213869354
-0.007620144761836779,-0.014978069986573198,0.012281322445656457,-0.004199801505817347
-0.004362788441222883,-0.0251205415249557,-0.03403263254550459,0.000701049087503579
0.033535232647052354,-0.0012085148379246775,0.029256539212836878,0.02924146507530057
-0.002116346596132912,0.011085800679741258,-0.004853036816821088,0.005160203142463045
0.00012097444649950815,0.009077491813829448,0.010966636750077955,-0.011945306600945772
0.00747653780356422,0.02432952697282363,-0.014703352511066695,-0.004441799367740275
0.006944226623256277,0.009496910119016952,-0.020389861131667686,-0.010101833632695487
-0.00586347147419526,-0.0300559058792567,-0.10254036525166675,-0.012267783460929197
-0.009829006279650315,0.0005531849533068195,0.012741333042302827,-0.0008453818693913078
0.0018767409996698077,-0.0028432693227592805,-0.015444550452118741,-0.00046972445973982106
-0.009480336239533087,-0.03006822511728639,-0.011633104865311444,-0.02493347442752765
-6.102462619932317e-05,0.026882809263001208,-0.04402465397224694,0.008874084926309865
0.027999436185349804,0.009966428520150724,0.041032719267455574,0.13037455117489016
0.007512768513998791,0.01902753214726628,0.025394246651119615,0.007350563524992466
-0.0005304906176057613,0.04098775068428745,-0.015208459761728233,0.011830519620766056
-0.0062106763969790365,-0.024511021171556905,-0.009436987371174365,-0.016334736788307082
-0.0064883733834254845,-0.014568597776561951,0.001869644402715088,-0.009280467875698983
-0.009962825224449554,-0.008669845789350233,0.0036667412660127767,-0.01491892868038527
0.04585910426257203,0.03976188002102625,0.05350549046047228,-0.003173959777003534
-0.00040356912793950626,0.016289266350042013,0.01012145995502574,0.0021027730514697586
-0.010021106162777684,-0.02009710636144829,-0.015486902413259212,0.0004284936672745139
0.010367007022326695,0.010930189571596171,-0.003612788634512576,-0.0012433689616588842
0.0010942370742987098,-0.010685182541718961,0.020786425091438347,0.011559802943449264
-0.005432449260299154,-0.008362886455319653,-0.024114596337054404,-0.00843271336958671
-0.0029014934653640305,0.0213994929709049,-0.009750860107846383,0.02136873595484768
0.0,0.008939940542128828,0.0010214088288270423,-0.0001674361774326996
0.0035965687351312264,0.03249937146586924,0.04313493317739194,0.015250508020743677
0.01357386478575232,0.048509212838846315,0.01727768584344739,0.0178202281533463
0.0006280801692587247,-0.013155049898764965,0.018206255962432197,-0.004913861828526575
-0.005495711228284604,-0.002818654314941414,0.0473245988875953,0.010851278319741371
-0.015271179409887545,-0.015777014320795802,-0.016549549453013485,-0.006383117754883031
0.001630717242391827,-0.004899753602419647,-0.015569850375932186,0.009960715061501658
0.006670208349350953,0.21808778434500214,0.008547333224801432,0.013867591263833034
0.014006130368058676,0.025116604492719817,0.04608376548838008,0.036333696153170975
0.010603286088831019,0.029474303537024522,0.040530008769500823,0.0018300212670408
-0.00028217882914748993,-0.05844217609753044,0.013676132280176065,0.00834562129929792
0.015895557790654314,0.049904526319697884,0.017450979367424225,0.029369319699753257
0.004764045548709033,-0.011201746950687548,0.030608082827557156,0.0
-0.007600043311063094,-0.0039745583530662,0.016868648629117366,-0.0044851935476260835
-0.002062395593050509,-0.013286125050967355,0.0168599499197107,-0.0009954480442815028
-0.0077864459044480324,-0.030873101011078038,0.01462307267215497,-0.028128809341586108
0.0153465100361429,0.02724405648101338,0.04480209933086133,0.0037109660977364305
0.002157611529057069,0.006728811868746917,0.03981660778824774,0.0013975103478860412
0.015517811747354643,0.01819815645634653,0.021974491562613167,0.022762201309541572
-0.002615061341941491,0.03826355766626021,0.03492701634188564,0.000995477974317215
0.0034852590215874594,0.04702203942349927,-0.007449046704933148,0.0074542044724370555
0.011136563757679345,-0.008032715091124772,-0.0034719442089692484,0.030550947315332023
-0.005877249922879855,0.0009137818581876956,0.01796971375181672,-0.00294930831248667
0.00048643680900822736,0.02580490956952905,0.05201270640767318,0.011780697134004639
-0.005691414707579002,-0.017570370674381462,-0.05616662426467672,-0.009505483890292722
0.016390189659990142,-0.00046476588355559665,0.019654473293680905,0.011438040389424
-0.0017127306283972745,-0.019147910471004902,-0.03073851253541729,0.013424001562379748
-0.00758151625842329,-0.03807750815636205,-0.06251408245574486,-0.036181661673495076
0.014946712932723462,0.030156930300067553,0.03729619858071868,0.030346192058048973
0.006307862100713614,-0.01829116876489728,0.023813875097039847,-0.006150140364702384
0.001795102083029521,-0.007200591722119507,0.004905252914132209,-0.013267175829818253
0.022839488547409713,0.035613237102545235,0.016446493545468958,0.019173618806260968
-0.007814910273217367,0.002620425975737936,0.06668035183063045,-0.0033510631533850885
-0.005888747165793352,-0.002265851809494622,0.009461225032650612,0.028775850019874295
0.002505421239789773,-0.0050698321658737945,-0.02125228365266279,-0.00811803486213493
-0.0059085201016547805,0.00945568888516295,-0.007659314226953743,-0.005012627653956189
-0.010915322367341074,-0.0076284966696013295,-0.01771977662648564,0.012212959847072477
-0.0028139976701678305,0.00531976910071215,0.0006674942605875906,0.01414645361604579
0.008945359612224686,0.034693818524434324,0.008121354742896705,0.036374584806265896
0.004049248374627782,0.04618146326029745,0.021496049775542363,0.01307136166135191
0.0007871302626381235,-0.01111047677907448,0.012444771516691934,-0.014591692377319946
0.01715747350534887,0.021582291021263484,0.03148434056863512,0.005649643539585923
-0.0013413512048025184,0.02199020025325498,0.010141906463636843,0.004593197456613578
0.007046889701666808,-0.00881886889562893,-0.00711596075110357,0.012610555065440742
-0.010148472502976331,-0.033632637058079215,-0.1024426640636013,-0.04362673759103419
-0.006180743196055121,-0.026964046023746645,-0.011015199637560409,-0.027683506588776892
0.004210927806953488,0.0068151337092005335,0.03417588510139735,-0.00904630126205297
0.004503539639354342,0.023635724559777204,-0.014148526638195701,0.009759766403696028
0.004534819604112413,-0.004981934973502067,-0.003511861575139069,0.013827354755108592
-0.00660286089113882,0.009808613225452168,-0.03322998965193553,0.043068620781262015
0.013417647605554618,0.018348958500531077,0.041105070589749985,0.043227896580068495
0.003160886775279369,-0.0004493543581392104,0.0037087357528333273,-0.021364682976778737
-0.004284974274262279,-0.004762215556864884,-0.02406922380883306,0.012817680042477327
-0.01561125132378966,-0.04931779284710081,-0.027021352113566002,-0.026374122035113984
-0.007348549745672455,0.00554120499122999,0.020295602012260543,-0.0035698540108902964
-0.049211355338161684,0.0036998781219028908,-0.021279912186420162,-0.007885610837597963
-0.017404273476258825,0.016360553273123468,-0.009538785882980292,0.018588287871374322
0.0052976181044985015,-0.016718792293050715,-0.00698396541730477,-0.01246039121884289
-0.00899479463390463,-0.04839382862801723,-0.030537632908455258,-0.02405232138046384
-0.001235349069318596,-0.003908527496000433,0.012922436522360333,0.0017349169785246755
0.00033753091546849686,-0.03683633103831574,-0.011024937980288016,-0.013500583398606793
0.009349199376448885,0.06853095967065595,-0.011981650600334395,0.014971316389357633
-0.011263411713104894,0.0042650931811637725,-0.028771606269163794,-0.01394409367540722
-0.0049712930468385425,-0.010386021407849201,-0.03210324714965498,-0.02569608863048977
-0.014662164622869173,-0.003270931768010816,-0.02868774932252366,-0.03176051252647091
0.0028120954963654823,-0.0010386091406960046,-0.017161267109647337,-0.006475099848601859
0.007707036028199767,0.08131579724845998,0.07071456218373605,0.023206105332965438
0.00787375248872238,-0.028047560484134336,0.00822448994977978,-0.007965375482820771
0.0217114757181196,0.031214937236973116,0.015615669490355368,0.02282498201152244
-0.026518898713654634,0.0009969748608850118,-0.02921607421029239,-0.02578470822279214
0.012563778576511751,-0.0245771218946807,0.036493404628287436,-0.0043690025530327085
0.008807346788494427,0.017598226080292302,0.0009635784854130897,0.01653537578847447
0.021575728438787942,0.04077150377077436,0.07406603958973092,0.026282575843526543
0.01899082664551939,0.009791320633871278,-0.001089320005828064,-0.009745632239313682
0.0011718084777926309,0.0018455081498234074,0.004582681990043304,0.002673547118941046
0.008427655276529096,-0.017289758728510223,-0.05197055872941742,0.0016546981124483686
0.0012659457281935236,0.000803750838307535,0.04579063580383254,0.012639937545163382
-0.03644965670739864,-0.031026157454592872,-0.017978069897591802,-0.0032704689343855745
-0.029685639377777587,-0.017577716180249364,-0.0017083203640211426,-0.0016726501360755032
0.003485636845588564,-0.014573292530495652,-0.01196040362366716,-0.0026148344303338453
0.006600829516212107,-0.00868338391461422,0.09615118904304938,0.031945874844200924
-0.01720780853520345,-0.006840737363565047,-0.022549196320499374,-0.019369813209094016
-0.011925709781727502,0.013613234926786594,0.01418033641106544,0.011207888326083592
0.008744131460869912,0.0021082808287951906,0.017320639037477315,0.02159695934809031
-0.004162641212089759,-0.037576685626353086,-0.0059953082833390835,-0.03729015818596526
0.016771973392602623,0.0015020021831503429,-0.03376463807907184,0.007431242464090004
0.00616171314532705,-0.010195699992677222,0.004588376260533905,0.00829505642241891
-0.020194763442652492,-0.029876623570080873,-0.014780377139554338,-0.01785960566303338
-0.00892906664960366,-0.029357493018546243,-0.026588996104119158,-0.01323488515869825
0.004932351263808599,0.014354100540378476,-0.043236555785455495,0.011263990935498654
0.007353165681663005,0.014600853363179905,0.008579557642104906,0.005834347057704151
-0.023676552714194825,-0.0073931834190567765,-0.011687984544270934,-0.006235562280869532
-0.00893711523164852,0.013202411488047856,-0.014939798128788435,-0.004089167355887828
0.0015241662617349202,0.014517047394692987,0.0241549898062297,0.020675419917368584
0.003041922434097799,0.009470389777899418,0.015465456415727708,-0.012414057951782574
0.014726725019495885,0.029068279277082255,0.005500013317318054,0.021779335168893164
-0.00780019368765766,-0.028654808704046148,-0.020356864105244222,-0.01935028751151538
0.007282033818722447,0.011969555124602606,0.05764957536105983,0.015300400702183067
0.00717214517748003,0.014583874659386167,-0.0042593870629195184,-0.0025883560685225604
0.014642764433193877,0.023749093991368018,0.0018441397469999051,0.03431372540821493
0.008415597681590857,-0.010743332053668687,-0.0033063672235030548,0.009246082930287435
-0.0033577451886481983,0.0115296506685786,0.015097007960672728,0.010871520521359826
0.007873019728162086,0.021770887547712822,-0.0023926822540326844,0.018410260284305438
0.005048442640031467,0.002965453587966575,-0.015789985181823882,-0.01122746913321815
-0.010346068027745908,-0.032122029665884205,-0.030395093236742683,-0.02964913162097918
-0.0007272826591422855,0.013849768154018418,0.011088356477393282,0.02032012561959979
-0.008823502115768714,-0.04792478739974007,0.003655911168542864,0.00883541854345044
-0.00742229259433807,-0.04045442920970373,-0.04893148784195894,-0.02193631036631679
-0.002163258201963425,-0.002253727389275111,-0.09761624872658338,-0.013211325680035914
-0.0148135242804315,-0.0171046442887103,-0.037588294506417,-0.013387904985297908
0.0006936977961020858,0.037651681293458736,0.00042444095402800134,0.0172166326087971
0.002540251240338641,0.015882576940104406,0.020719371046622376,-0.004660197991037274
-0.013583422415580103,-0.04410736030689411,-0.01911750338776431,-0.042550038739992184
-0.024913500741231432,-0.03539730788953308,-0.031855023921114375,-0.03803933482595343
0.007938020373692137,0.0043055402851693665,0.007456619810883741,0.02864766881114365
0.012230160660746276,0.016189182371910065,-0.0491375588495086,0.019787251920635917
0.002814731928698879,-0.009299545544453721,0.017479077618859314,-0.004603188371027787
0.018565062879619423,0.037186319364539706,0.02371578467512363,0.03451557922250485
0.020482293541358745,0.027520879689978107,0.06060741733192271,-0.0031475737957035914
-0.005194624711732945,0.0338746383275874,0.0066139872231546415,0.011927009472268223
0.014499573935897648,0.01644003336831661,-0.0031418755173999516,0.0038071798640609946
0.014347323879192003,0.0044491912083922894,0.013183964542986627,0.009517587972788424
0.005867572065280184,0.013379707447339148,-0.0003150737899407528,0.003006536895397791
-0.0026280410318866377,0.008040711044180056,-0.056160489658582134,0.002405038391096178
0.022954796395978864,0.02907278184679651,0.021996498496030296,0.025320223383474887
-0.008620828698050885,0.005878882037206787,0.04134183399945281,0.0012766964058488792
0.014184590299762495,0.021084381044814887,0.059438019477541446,0.021398244467198367
0.003036242891959427,-0.015587285398162495,0.022614155469065075,-0.010762215416771824
0.009001746926012341,0.012036791503114855,-0.03883534904080814,0.004438595082013383
-0.00010558828015691605,-0.003685006251734983,0.0030349323976646067,0.002540111091257367
0.009235488103052462,0.022286012459663444,0.005533119144943252,0.01460745533567313
-0.004239925638913773,-0.009267431421329301,0.023490974516940124,-0.00883357611572937
0.0035085053322246682,-0.024894674013223785,-0.029408274734311717,0.013294613739582361
-0.007029038702051287,-0.019484134458041584,0.005280386261856706,-0.009592371234222529
-0.0009480122300994482,0.00970653911381377,0.0026721746625813217,-0.010491336845624363
0.0032088832240303638,-0.008765128008748443,0.04408335693193017,0.012735818129579472
-0.005424385919268786,0.006648541314692872,-0.010512266581044115,-0.02023305501005658
0.003058071150736485,-0.02887141768871125,-0.01676961998268328,-0.015318517047490373
0.006768450571800688,-0.00010680729828428476,-0.005220199323597404,-0.007147805465739416
-0.009509662473708968,-0.027203301161737685,-0.01370144313218934,-0.014887574682493097
0.020844516613729016,0.023026595498253772,0.013240755825754019,-0.005420464812672378
-0.005703440860318371,-0.023092352018009115,0.002719129460769398,-0.002642638410299781
0.010088385932248046,0.02373644351012513,0.013568409275163597,0.028385201631295848
0.007385140202445583,0.01934141810654601,0.004933396614923965,0.018685918573752645
-0.013011711116514007,-0.018676267850755438,-0.016957231787828677,-0.02270509191663424
0.007888653963756907,0.021849892196661683,-0.011452714531076777,0.027112941741699995
0.016553950885337645,0.009003013819376699,0.009573866272891631,0.0015546496520757445
0.0007574129226230617,0.005433408625641342,0.04797595720291628,-0.004701063998422006
-0.002729531740317661,0.011106766110472522,0.009711688394547188,0.005238659937004689
-0.00853958349739003,0.02398895800507183,-0.0056173183184346845,0.02855078337349721
0.00534586757250156,-0.009490490989417918,0.020185249870892544,0.01651883688080151
-0.010771711423286142,-0.030560673944795336,-0.0399767793773106,-0.0030875361088009107
-0.0007704067535030379,0.018105612801632445,0.029345860784192233,0.013677399100937813
-0.0055628771392838075,-0.0032714253433458727,-0.007731210565404946,-0.0019788616962511467
-0.0028450030001463634,0.009153085878716952,0.01598774007390915,0.004066611489734434
0.0005179265138831432,0.002796569725307487,0.018647455510860632,0.008419189640896592
0.0022236098847195807,0.002122421808972965,-0.032104151730159784,0.0013683815094096428
-0.005438750320762906,0.0,-0.018738327073791184,-0.012242547743419893
-0.036442748656920286,-0.027722022881451765,-0.00024148746074577508,-0.021907454708467097
-0.007515662965967791,-0.012513640070880043,-0.04096122279932548,-0.005269516995757345
-0.012781658086241012,0.008978195428606124,-0.0021831499656647054,0.007663690044978208
-0.0040209787397272965,0.022638425165087076,-0.0018509415250833076,0.01381860533818379
0.023887281752097384,0.0622994832833116,0.012386614576639277,0.018885549261389967
-0.002265981001372861,0.01683262229910543,-0.023096839566935645,-0.0034352586865082258
0.005655478309224867,0.022514641453404198,-0.004350632806278706,0.035833010152519836
-0.0032278437714411503,0.008646859978975924,-0.029145966144498332,-0.002161653980221971
0.0017764663319005786,-0.00204499312760446,-0.03734939877742937,0.012954312332836358
-0.01239338713814514,0.030103445719195286,0.004649070658851297,-0.018950652052444505
-0.005187098299473188,-0.005852263181795017,-0.020025473044372827,0.002473206081677364
0.03205137964644603,0.01862906050900144,-0.017172815629643214,0.020847033652659
0.015413874834183626,0.040898310077154165,0.0014620115002590317,0.019274509042515806
0.012089770994047398,0.0027361855152065275,-0.016105240597581734,-0.004364692035517695
0.006631286055701204,0.003664468857179355,0.0016270106278732431,0.008918152546875162
-0.003490151164270601,0.024564982796435004,-0.006283434610725192,0.014177390295939032
-0.001698034328655446,0.004147172754075872,-0.12925817170128795,0.006327345612042778
-0.009053474723504458,-0.009555948072321678,0.003389065826718794,0.00243869771658495
-0.003592373905251119,0.02322443767939612,0.04105548959785763,0.01730502402203723
-0.019433496605714574,0.004934589260766397,0.0034508226289791306,-0.002396731915222375
-0.019547478611608295,-0.02006490051863293,-0.022699471099276523,-0.02510874033150267
0.013252604214871564,0.02408714652294372,0.008347821172369478,0.011822766973933212
-0.005419817475488798,0.048512966421509054,-0.005042858776994556,0.18496517074234026
0.009798361596405595,0.04683042835872502,-0.03713468972636411,-0.033350680349456305
0.008594754411938656,-0.01612492764584309,0.02206779799027196,-0.010261071440556564
0.0005808972499259666,0.027126803506983203,0.013309178288648728,0.03217815995804693
-0.005771276881799476,-0.006555113769389052,0.010500153377802503,0.0008725948006383334
0.004085679053301888,0.035158392477747866,0.02093365777497024,-0.004029291894330217
-0.009042714055622337,0.0015928451655793376,-0.02850600281752684,0.0016861248503082442
-0.011338441220437194,-0.0016622490324832567,-0.022088768605910858,-0.01890209829042895
-0.004821392006563278,0.02427056284852564,0.02516701014711292,0.028199918201696775
-0.001575985976817636,-0.01694937003100777,0.06035334314528131,0.022459669963022056
-0.008466062732845815,-0.0006196607532090814,-0.0024975038337594173,-0.022375112101718483
-0.004122537516637839,-0.04450794694932884,-0.031447068575792124,-0.003322708826584093
0.004177484708174005,-0.02892315845867648,0.005199145723306879,-0.006856379892284555
0.011181005174071718,0.15186995589680394,0.013463405650618309,0.03794371003846344
-0.010084721437046739,0.0035461054181048835,-0.027943686650054866,-0.004329053080445123
-0.007479066803214636,0.0034829401805524323,0.03797371074003026,-0.004742439125002647
0.00808152784559805,-0.004955751450255468,0.001653606167566249,0.010962211907474895
-0.006647458621441598,-0.013277267053555386,0.011499231283567918,-0.006240485469171377
-0.003699833603836152,0.018485683797895825,-0.0007921787106965236,0.012544421867893216
-0.006048699096041015,0.03925130068310452,0.0037575170226514664,0.024526795852525273
-0.025709078720566617,0.03531988177822795,-0.07424463938175002,-0.00821597442000791
-0.028853158889817144,0.008539910840814603,-0.04012679843323044,-0.016127248003948148
-0.0058955333716418125,0.03133124288282483,-0.023512123304642613,0.011903026826798354
-0.0007096959667851997,0.043774027438991565,0.01188110874296599,0.03193828069453938
0.010184615048572772,-0.05707517394608483,-0.018701625030085045,-0.012257714367300169
0.011762008356213525,-0.020242711332396086,0.013763678693560029,-0.04520041431342778
0.0027747394530746408,0.0691264614312576,-0.0012947061441473569,0.032870521141233726
-0.01219661361146525,-0.011214438440120973,-0.04646099727496628,-0.008399360810113365
0.01086798009486437,-0.03292787133161931,-0.042056898779332184,-0.007575588057271418
-0.0021990047125135808,-0.0012173827742292852,0.006563076277915342,-0.015841565136485894
0.006352278516315229,0.0070113347729951776,0.060664152342604714,0.026258366815861776
0.013493542789916274,0.010604328679217713,-0.014372034891457558,-0.001490181268598562
0.014602129266653649,0.010836038689956905,0.025017133837829976,0.018527876736094677
-0.041715685362750714,0.011693781986421752,-0.016299696542812377,0.004421440626658063
0.005296322964956032,0.030736258511100838,-0.01158171211632812,0.003577881481164783
-0.008335100353999966,0.0075333384261293615,0.010481683435756076,-0.012956869728096202
-0.006694872198337345,-0.02602997359378439,0.0287772826285837,-0.014275756281391917
0.02099065746726129,-0.025284364179448703,0.012084083617363902,-0.004102179279382418
-0.010615181060009696,0.0011738573610852927,-0.02272190773999231,-0.016907990114137426
-0.008491705386029311,7.7475188525043e-05,-0.0032477284143495326,0.011812631577230866
-0.007023430568385549,-0.01013269637319252,-0.05026651935105258,0.012177472338715153
0.004785881069017708,-0.005470320188188814,0.010447544054431742,0.01866387922684029
-0.004904187933610393,-0.034989881506589576,0.016083269202606634,0.008214973382227082
0.004491485038214491,0.02418592661593324,-0.03696743555877544,0.031632616405618014
-0.006685709678678677,-0.009992304876429605,0.04783676362708771,-0.015460021422416781
0.007216594865172666,-0.02062835080327795,0.022295607975213145,-0.00453618138552731
-0.011201961753784257,0.01954908808289071,-0.02937344256551801,0.005652672761687323
0.0423608074764433,0.04027445139496828,0.016399556773736196,0.006385488859173213
0.00858981368688756,-0.027182514333963778,-0.020541749097701737,-0.02175817595338718
-0.022106153320174134,-0.02508924422654499,-0.05757465973833702,-0.023061366192061148
-0.019353377803289405,0.01630791132298644,-0.027435068682222955,-0.0009400038352588469
-0.00818077560279292,-0.03943360069453883,-0.01062208397137564,-0.011248318542215367
-0.005730605115273025,0.007539889631520051,-0.036155647217109545,0.015321961862788107
-0.012287855352796015,-0.10541170570508017,-0.01939578390268632,-0.04218885142011936
0.005077944280213801,0.04262198438879009,-0.0345935559693179,0.0013709783246689266
0.006371429947986639,0.0358810744719712,0.018345226676437152,0.029393704621627978
0.012622170360422387,-0.03388356656318143,0.11387415621830609,-0.005254737885678009
0.0051342001822563,0.036416082465125434,0.04845814470471284,-0.11161660144504597
-0.003479039102698084,0.05992398024707898,-0.011168015552988686,0.0043180093763907825
0.02450551833766155,0.0002505840769067147,0.14242723171122051,-0.02436453282501588
-0.018439868510515062,-0.015560652565725164,-0.05710084205665045,-0.005679181643065136
-0.006065649827146559,-0.03967663429046501,-0.018113707174260838,0.020751552844524207
0.02179273334300478,0.03288272537753157,0.00011105007606901516,0.005653665993346524
0.05809564789844843,0.034045730368031386,0.006533843535574036,0.023008043634678708
-0.009148643120212156,0.0370463470180364,0.019511437908750914,0.02990500906867435
0.003790172854881903,-0.017362710757614815,-0.03834210509362018,0.005482277280669618
0.0018624723228347728,-0.0015694342595613956,-0.017530851194269642,0.009268375884210657
0.009964177978236398,-0.0185873873147716,-0.015864649448707812,0.005949159026865543
-0.00691387641259317,0.012663626144815402,-0.020562350450525728,0.0016394118582070804
0.017491631357885003,0.005780048513865186,0.020097034145307512,-0.017348205488034445
0.006154429233717231,0.010530654288819984,0.03239754278801776,0.00817133737769767
0.01214381252516658,0.03521063686441524,-0.020254418706909572,0.020328240009653796
0.0006322478388491831,-0.0028678814765167406,0.004873391179277019,-0.017407769275306878
0.0001580805810540699,-0.02012509077841976,0.01487402019069651,-0.0027932567331798303
0.006143234152241488,0.024576851447850316,-0.014245067870223688,-0.006526609201945932
0.006833810449374253,0.006373366888694235,0.06446711975223302,-0.009020268714791176
-0.007566970853531189,-0.004581486905525307,-0.035399542384592614,0.006756629138428021
-0.02128301954712243,0.08910616695695792,-0.036007818288810785,-0.004284586096978264
0.016452279877665166,0.025397329448336493,0.03116576011599187,0.0263573827339678
5.257645064729001e-05,0.06747576850928791,-0.013989415788236143,0.0035485928835824014
0.0015776271345335673,0.008079559898810665,-0.0031733327174769638,-0.011652849735496941
0.005241443851042187,-0.038393566183068085,0.014648923152829736,-0.01553028414366438
0.005005987626486173,-0.007877158143722595,-0.003978997402597566,-0.0004711666394233116
0.009216158604185492,0.04779369067186443,-0.010102569596006488,0.02257795492268241
0.0016478382207477022,0.01241821995160374,-0.008659479988969872,-0.0010475230063237962
0.007790578346845174,0.05027082381756565,0.0013151256990527008,0.03718343492188984
-0.007121866994045582,-0.011847076791348733,0.016660454613497404,-0.002629374444384869
0.01231599703058489,-0.0009095817417113023,-0.0025885260992180074,-0.0016215484568953085
-0.01933352900505692,0.007433708457586627,-0.02101026729322036,0.01936653114380137
0.07013136623411645,-0.007169544981148375,-0.01817434057762428,0.009643101986649756
0.028177570015719442,0.034865890116526216,0.03811347747393242,0.0026958124684691395
0.005476159953079917,0.034617402469878815,0.028799010597446485,-0.00935880659473428
-0.008202022465196534,0.01736260322111678,-0.024746085007725318,0.0011113319092948956
0.019480755248153795,-0.0068478547552668426,0.051619109593938894,0.004887441952224768
-0.011045352364239074,0.034517173360562335,-0.013860022086213656,-0.014193593406283839
-0.0217477285630103,-0.03604521722785358,-0.017957490517488177,0.004414913348108094
-0.010499321348076424,-0.032721060319442094,0.007899471520701,-0.013889263325312222
0.003127742803415755,-0.06917909277852484,-0.002352322975825913,0.008312596118450475
0.004458263853892413,0.06537957820588033,0.025790114652126835,0.02316080545627238
0.019795998917311906,0.002455516174175349,0.047022052078927956,0.004923246320495776
0.003977995099310788,-0.01925058090953915,0.005332819818052439,0.012472575445458208
-0.01638773327855436,-0.0036358438127209523,0.0023273813203096337,-0.029969717325037486
0.02868923115047554,0.006133019884037028,0.05877983360300819,0.0009118982886989245
0.0161093404535706,-0.013200186668418504,0.09710195030947986,0.009505251830912193
0.005794185429221236,0.044717431964979695,0.06337304899541438,0.0009024524770439365
0.02139010015486731,-0.0192835870390756,0.02060688228437311,0.05707013792412123
0.006517597481562641,0.018659548373240745,0.005629789876539415,-0.01980910969436557
0.0037677402291072513,0.024502634229791678,0.0364508858978897,0.0012838621519643374
0.01862892428944646,0.026513955094146925,0.0035389720904070512,0.008809950351070095
-0.023494604732204067,-0.05727608897410797,-0.08822077208547265,-0.0419962310351683
0.01296634377394876,0.014339655576997325,0.029434316513726216,-0.02734536299767831
0.01660477788346417,-0.006209682975236932,0.017609829570940913,-0.005447138379622976
0.0017902885361148143,-0.016326765231280987,0.015396997777534727,-0.012921708521298314
-0.025621435576912915,-0.06853520281772835,-0.031919700332288976,-0.05843341112060092
-0.020748621128812438,0.02593422338768684,0.002933302220995548,0.02955936265101721
0.0005797565342873469,-0.026442781063677184,-0.04107613843938729,0.001973558652587756
-0.0015614484586003172,0.046473826258645386,0.05018271902171053,0.0220089852673741
0.0046771867946570475,-0.007719566492033695,-0.02060764898795659,0.0026430836896203015
-0.029175752613832963,-0.07045644048308014,-0.13164294360339135,-0.057744771768223846
-0.004816132906842135,-0.01739334920183426,0.01953112906763447,-0.01718668993503481
0.0021586595305681014,0.0069229047981932785,-0.0020452089625195087,0.02674489876242397
0.001283780474592782,-0.013087225883588452,0.054450283723543685,2.144016490407469e-05
0.002562697568781216,-0.0730399512246307,-0.04170207944562914,-0.005425736519743524
0.014879606517217859,0.12055338567820909,0.04157282172336867,0.024819430030152932
-0.01689258636386748,-0.06907223864812435,-0.06778709499652093,0.04712094284916138
0.006845850096571665,-0.01792359591574375,-0.043301714320780345,-0.019475465288940234
-0.0493655588984285,-0.06568899979458936,-0.04324862022379944,-0.025751762741008627
-0.009796124186903758,0.03713184527639122,0.008810602088580683,0.03786716615911927
0.012420842045709223,-0.0525815357600693,-0.04526769292244102,-0.010518814902613511
0.016496458422253012,0.05946423023994689,0.036255901329012616,0.04148614568589112
0.013642366558736178,-0.0020979349489128204,0.00581690373893266,0.01584604021960165
0.00710462633261756,0.03995475736717387,-0.012629388585244743,-0.0035211423285833217
0.017047047586095453,0.0632650084405513,0.05103246867853809,0.02410872903383826
0.0020315956757248578,0.016565919316263666,-0.03152675190710158,-0.0033736777434853313
0.013439916904741831,0.03968318723371219,0.061436309145650216,0.019867611186136284
0.00590093902569679,0.013902592448209598,0.00920378250292453,-0.01861549192959581
-0.0007080762759528058,0.0425865329118345,0.0300815962441386,0.0035205096064845993
0.002740939342302288,-0.021380919292117873,-0.007300267158314731,-0.0048296707844784756
-0.00048572589701869034,0.009775165482255918,0.00976670507756732,0.01587778473402694
-0.008294054163206246,-0.037746249898085296,-0.05813634375381778,-0.006053814900280424
0.010235543775729607,0.04449380296440854,0.044835591431516886,-0.007415644887537696
0.0014977690839383891,-0.022750412323697136,-0.032803441227522996,-0.01311579125449006
0.0037346038120536456,0.014445301727854366,-0.018939062709292416,-0.0038839170673634006
-0.006776439034797424,-0.021189433109506103,-0.01667672472989858,-0.004479240720131514
0.0144650113469455,-0.06597789271802222,0.0025726237078790366,0.002782415808171888
-0.0034437631846588068,0.015023963959736587,0.03725544123667223,0.0059451330644617415
-0.027582126400669406,-0.10009673083171983,-0.016529275820300126,-0.018489065566075293
-0.008656188095790844,-0.016712902976403345,0.040981513663141275,0.0019130383614140766
0.0069038910994397,0.009371238555318153,0.047876016035803666,0.008003273468345146
-0.007039638093426494,-0.041712338176928654,-0.08824048544582774,-0.03262407671778855
0.0004073944833826125,0.03478611417986346,0.025949973905266994,0.008994441731815907
-0.0036279083487940223,0.015193270603914415,0.044759273955983725,0.0
0.011518497367034124,0.07834787943607494,0.008628742512625562,0.013850008725860731
0.000493951588154967,0.018980388129862528,0.007337206636805016,0.026548010391619293
-0.0012126740199220928,-0.00033581504277515684,0.0020864851607279924,-0.001866246225548332
-0.0281683067139149,-0.01967167744867426,-0.0153589759450266,0.017325956000451594
0.0021700848498277417,-0.010242353155008049,0.004794890315022082,0.005684332641341412
0.017829953513499634,-0.01939264921861312,-0.0029445960609886415,0.0030346040222862425
0.036395241425390926,0.038925528491873085,0.07100962175825201,0.03856280163139165
-0.002931758725845806,-0.015992114455583597,-0.023519752638904136,0.004016125982514873
-0.007609904430239669,0.0022388347228537477,0.048140375327935025,0.005436314505117798
0.00396605631063945,0.03888657411921158,0.016935793509053217,-0.0019151725752770878
-0.004407724405507235,0.021606521130754286,0.010757148762662457,0.008801271564282568
0.0050674099203176955,0.004281921490975103,-0.010953821465680538,-0.0008273092025471504
0.00118579846179928,-0.02151320127664522,0.024249227064234113,-0.000845630068819075
0.022614431919190426,0.0003295167901502374,0.004482044837533062,0.008914053456211556
-0.029574647291485096,-0.03724645706714463,-0.013894251852425751,0.0070151797131586605
0.0025165739228406414,0.015688329814031222,-0.03550382703625727,-0.006369182919605451
-0.004906717668419714,0.033101837465419566,-0.03414806745440706,0.0172385080677698
0.004994839389247269,0.01670944859446635,0.03839570976808335,0.022347400535616836
-0.0227886171247466,0.022166832883765183,-0.03768957599969925,-0.018904022537886034
0.01823688365228133,0.039681232509805514,0.015124010919583781,0.013772951348610172
0.01656043075820059,-0.0018075110362564127,-0.014210915403026646,-0.004022328793931516
-0.002180632877289542,0.016152308494313056,-0.009503630132407154,-0.011376720999334615
-0.006526525804313113,-7.414295172611436e-05,-0.09192353886888906,0.010428100019255121
0.01634554528864221,0.02396856029800029,0.006224848869363662,0.0007962117178757681
0.010964355904422662,-0.04799373574981824,0.0018690482583788197,-0.007053645976841165
-0.008891426736925915,0.030827022710772905,0.007983687088569507,-0.016302309956948893
0.0015952077440672923,0.008875587299495545,-0.0019899714413276278,0.00024273165921545066
0.012201676028378306,0.007784048177151548,-0.0008605378505268966,-0.0007976921637954439
0.00627814999523567,0.04054361255893742,-0.008417707909120813,-0.0022750094165585673
-0.002625229539009119,-0.0008353583882615282,-0.004029147285192923,0.011839431211175085
-0.021860218033772725,-0.028467396044923158,-0.020018310718538105,-0.03198329766974851
-0.0008235593201725486,0.0060721312579055785,0.19818699146920774,0.00722964865784788
0.0036364823576416627,0.008015632664506103,0.032891334056112616,0.009587922270241892
0.008562606538802668,-0.007232379466956991,-0.02512824530239814,0.00852869788765785
0.0011562054870414215,0.005181364081521971,-0.01145548515134625,0.025816025607372735
-0.015395818635662731,-0.013614328493164187,-0.007619899978935549,-0.0024980742356987442
-0.018377393862728672,-0.04837410230040139,-0.03035306639591626,-0.04178687672077642
-0.013368578142622366,0.01969047442405679,-0.0034882074251496174,-0.0007403750370590772
-0.00404563922686414,0.0047889987667041,-0.02496977961188894,-0.011491120506824565
0.006465272303291138,0.027976971740576447,0.03480162701711456,0.020740261343593313
-0.003272345239370778,0.0399326220946718,0.13759466024737685,-0.0006641316342486944
0.021146926054968325,0.022208754262588816,0.028630012464395397,0.033773462603151505
-0.0011889038318105918,-0.008431654418616083,0.07869717552417867,-0.003996477363251606
-0.012101517158939552,-0.01618390385970431,0.08580690404849912,-0.010524737041620462
0.0,0.020644547734824752,-0.06342678815128278,0.002825373589229719
0.00396129963483659,-0.013715359536460858,0.005313266949669512,-0.008275991299605597
0.013676561417135037,0.0033443137834728823,-0.059448133931949705,-0.004908432489654038
-0.014209793979990644,-0.033112678325264884,0.030196972790488486,-0.04081037926987977
0.013333061706218017,-0.012972843013286793,0.054664350493325395,0.0005772688058695348
0.001139454144490976,0.04778748771881101,0.02120595242401374,0.011994987871554535
0.003149168054939831,-0.007647718415685755,-0.01154032611298051,0.007864240353622714
-0.002098163870089303,0.005332321832623484,-0.007012172684276001,-0.00430603911303047
0.005890001571884713,-0.03271024350147696,0.0373345373484672,-0.007039737874647484
0.012966437741126095,-0.04267303581087694,-0.040430888534493496,0.010620519025923989
0.009360464058107474,0.006594725462232286,-0.001063755153845317,0.014807168748350554
-0.0005532298970713366,-0.011606646223961228,-0.015914020837727676,-0.007595621929061107
0.010164053964483975,0.02127370654114112,0.03619593916712737,0.008954735521881536
0.009477482219375487,0.0027447815745265058,0.03397975234247804,0.03172094785581583
0.0126909452049901,0.011689326611084686,-0.016005713052796626,0.03451719960119609
0.0014825707720744507,0.034200872546373697,0.018355288553428408,0.00021175108574040448
0.00012334309857299104,-0.00048237108436141807,0.03178623389945424,-0.007933154321062202
-0.0008231861191854704,-0.018226563702471377,0.05202108959673976,0.024078320663597573
0.015972889432687393,-0.025814886210277353,0.0014634148953150045,-0.01648737121455699
0.004125258950728036,-0.027312918165921154,0.028328310501358537,0.00932773592421279
-0.005179438715064517,0.030908477985586106,0.0576113551148347,0.021342654110207353
0.005945998080516994,-0.014242021112509603,-0.01582716714006912,-0.002991799785561231
0.0006853972311029933,-0.022755843422417737,0.04244899941747966,-0.0166892188272175
0.01165936107652652,-0.016901799807731075,0.05960057359180242,0.007057495435874449
0.00967265630162667,-0.012272009222631544,0.035724138195772255,-0.007719125004877866
-0.021654567925706178,-0.011415279994313075,-0.08642421525210743,-0.03658052277245577
0.006990121496717866,0.0136366621854775,-0.009038042516689774,-0.0027163355625675974
0.018641055903460886,0.030298752021847043,-0.0352567708528249,-0.017479901103490236
0.0030602928334255634,0.03623250513491381,0.02240426356053564,0.02464042880702995
0.01141258455414217,0.0039301152488156405,0.07099116636191981,0.013084092977938111
0.0031707796809900615,-0.002070309525535561,-0.017787254049436575,-0.00726604898015339
-0.01333053752377513,-0.021088410046977663,-0.05074526160258332,-0.0058845110723723115
-0.013352258788576578,0.003497119242535584,-0.03356928885086787,-0.014391089444899622
-0.007082823666737158,-0.02354938461416516,-0.03305021011916344,-0.009738599863286262
-0.026586160060075692,0.02949569906965777,-0.06274403546918701,0.023178828889016206
-0.0020115308879364666,0.043574579626689806,0.07895504556688626,0.008954574677320973
0.006716400145041065,0.03375599570274674,0.0014850709586745647,0.04142049243727152
-0.011453114152515327,-0.06418608663294606,-0.04145067133894483,-0.019726676449633603
0.002021008618495214,-0.00021396936480933167,0.0014697002488738569,-0.011671908537714402
-0.02439903884351732,-0.03043495635733917,-0.0005065652243020289,0.008381019726602329
-0.010398045312126373,-0.019915994674106194,0.021478195369560783,-0.012302194802343762
-0.004789586640451314,-0.011094843218625852,-0.017382638722844804,-0.02341738173220343
0.01948482149103695,0.033436013957587905,0.07731423282838396,0.0377633757422918
-0.04123899879228495,-0.01979244486418121,-0.03420597069137618,-0.009475669430981612
0.007507065199941147,0.030524404626792276,0.03018125256143425,0.0024019225716420942
-0.032436272934589734,0.022403312692880224,-0.005713813715474868,0.006003815316318896
0.00533073634903999,0.043355306092807584,-0.021355043154943146,0.011355222543898112
-0.0007597667449294769,0.0010194296937427129,-0.006598243859181292,0.020557168461758573
-0.003942266133607039,-0.03174431189641363,-0.014164587635274254,0.017197420156840434
0.03128567506779453,-0.1859461722030469,-0.023466650856007368,0.018954713371868014
0.0358920507137915,0.0854971393386406,0.0023640734639690623,0.021661661438103857
0.004606056013497656,-0.04187555452935255,-0.02284170549807513,0.0031979347765439007
-0.007422177136795324,0.007650610402164967,0.028327903495885404,0.015416724551472805
-0.0067145833556527005,-0.0374349340220019,0.010734640646320742,0.0031681527443637994
-0.03444229314672258,-0.028811186779063292,-0.053090087069197885,0.011942653478510099
0.02079032427773206,0.016914242567068184,0.02198853609615247,0.009603042226369584
-0.0014186249231659112,0.05077483241816475,-0.03645352337012321,0.0009651543994941374
0.003221032282342159,0.03037615000652563,-0.01023279935109268,0.010050449847930439
-0.024260676414083616,0.008973819968516874,-0.03451714290429038,0.0035470671066252617
0.0011866193357414547,0.028322911622574144,-0.03057719520938892,0.004022590637269705
0.02159686229322903,-0.0057812795125245005,-0.06547989008634725,0.0033398990360630535
0.018105243650625984,-0.012578952630126927,0.024091057420887543,0.007722339097977342
0.01948224854777441,0.03115507770236104,0.05613428883532556,0.004374170545206798
0.012630532255625458,0.02597367913365412,-0.00028100285016493403,0.01107007283167829
-0.0005315647587211058,0.003953279599679705,-0.004873623368530301,-0.02794312340987352
0.0016348167622983812,-0.0012202009909251757,0.018050813649058695,-0.01774519005505879
0.0039128524958505885,0.006300621854545979,-0.01723217010242546,-0.012770037673533715
-0.0011397330325402413,-0.041384395845709986,-0.04797223327197698,-0.016381745387616234
0.006292589463524479,-0.03135742944169091,-0.021756545199510743,-0.022817068802164178
-0.0002428776543699362,-0.028416629615078307,-0.08762494178787733,-0.016038064512265672
-0.027412498442933024,0.03606306439491651,-0.04043677756749929,0.024340204121919142
-0.012812628391607893,-0.08859149250497897,-0.030905910133740465,-0.023215410892913832
0.01895114882838302,0.03893250388963958,0.03837459125197188,0.01501801386881338
-0.015879649346846304,-0.09094889967224491,-0.028844050845269347,-0.019875874349427655
-0.008861550228096498,0.016779374349874386,-0.045311188236941684,-0.02324344574334035
-0.0008056225157174363,0.011230823529807194,0.025621016692865903,0.025408793205272753
-0.0017406837006826556,-0.059086012880118,-0.05770651942025788,-0.044448347976526525
0.015767651839406743,0.018992000398937475,-0.0029651004058366417,-0.003621528779820042
-0.04969413952822101,-0.051998850623936166,-0.16754574067757613,-0.04523320950855756
-0.02962387616166318,0.01650156149992893,0.037245079838722016,0.012827356873167507
-0.017633249295556267,0.06229482575705598,0.07319368705023706,0.022608194395501553
-0.03422267822985216,-0.0013834199585296947,-0.030323348875332088,-0.047802773835075446
0.01800745100151966,0.051349506075918684,0.037912677650069934,0.029199352676013424
0.002386116066015787,-0.017745041757320636,-0.04906823105490024,-0.004453576342020882
-0.006140313816847984,-0.034903090677900976,-0.05483544563443516,-0.037974345988944926
0.011917875237583938,0.01794423857355824,0.045761190368065426,0.002914855047092691
-0.005310320282632644,0.008557467255265383,0.0016944590202751025,0.0033160966727315794
0.019289579100208714,-0.0070270460654743025,0.0513547158131408,0.017340078373823106
0.011207322790328003,0.031034323089008616,0.11273547481030481,0.03720307663069932
0.01358922785636027,-0.005947987191630208,0.034423463077927825,0.011982568779913567
-0.00997145867359556,-0.05913432079483433,-0.05742390273973778,-0.02478125576428065
0.010418207068331341,-0.02069434936884807,0.003925268964187628,-0.013843835049125485
-0.02693996501737922,-0.015920741714038286,-0.035704833212183235,-0.04382886916219593
0.019226538745356993,-0.011832338692772962,-0.016797411271064034,-0.0006591130910889692
0.004760765723777018,0.01619958874575572,0.03525624951763979,0.016587349282255057
0.0031314273612553694,0.0024480710105487763,0.05189662060946535,-0.0035386667132990294
-0.09701350338936571,-0.08128106743027659,-0.05630172235818194,-0.09385222388247423
-0.07568024497284098,-0.07642292161238848,-0.11003572551557192,-0.05190532923182363
-0.03742591488083676,0.0346999436663738,-0.02597878190231111,0.022567577463107728
-0.05110200938214615,-0.013818873531873348,-0.05023573100190593,-0.011298461264722351
0.14261753799154478,0.17162076075527194,0.20449058000160142,0.13763454787442903
-0.04331863405620976,-0.06094729175802365,-0.0755220285780395,-0.06977718919276725
0.03979211101040739,0.03075767108114559,-0.0003566259450699316,-0.004991505366718347
0.02181440036785725,-0.0019852372644194064,0.00015855643290671638,-0.022493077588783297
-0.0018782124525660647,0.013368756833628433,0.006950209565496345,-0.01891776908803059
-0.039711549127792865,-0.07119155886989582,-0.050690742903996715,-0.037530312849188625
0.013853250405553743,-0.029131198002330435,-0.0007454979855451015,-0.001653625953641523
-0.019583364231764565,-0.046177432034535525,-0.05918076725792799,-0.03411618197140781
0.033497787465208734,0.020225224465680286,0.04499438204493094,0.03172033693304879
0.024040263112388,0.03790149041666721,0.052271947159751794,0.039180114316140595
0.018258483033462374,0.035577974453903545,0.03437870754426389,0.02445480480180396
0.004357700335927208,0.042132889657851204,0.09351849398026,0.026139465411756976
0.0041009269569146625,-0.0207524750939341,0.0032583903115033577,0.004503127364911189
0.005078927436444548,0.0026634881877677487,0.021284373105168935,0.008513130780451917
0.006089082548314729,-0.0009177639988480709,-0.03438223363024816,-0.009860099243007197
0.003851392643997796,0.024397036741896447,-0.005829314402079844,0.04140761942018383
-0.03807750054973233,0.02556424074860387,0.02356864125337387,0.042444696560984416
-0.03196397952264492,-0.005956554248827417,-0.024495847170982712,0.00376149822984753
-0.0019123706185481249,-0.0024630687579338803,-0.01767474071206643,-0.02015931803270076
-0.011450128136799588,0.030531374558073913,0.0031546161942166075,0.01604588400347988
0.006298553278077304,0.002644749615268537,0.030659773437438274,0.0020087220261176377
0.0052522561730470926,-0.00615335446583182,0.046108194570086934,-0.009273694707150424
0.061232680331136,0.0530063298014271,0.06528003118679684,0.07624314668270554
0.010101034632091492,0.05481150122910094,0.04810492051681205,0.025629509250677925
-0.0028217892757707217,0.040794220982518795,0.0399319216619113,0.005062991992224113
-0.004153047235287477,-0.0037752257188410363,-0.01407694599861275,-0.02375716248679145
-0.0008989878747773597,0.004218494116530831,0.020670491941373468,-0.005513045891920741
-0.011808533337582812,0.0012546920779612969,-0.02280219175263177,0.00014048180305284942
-0.00923883715308381,-0.008816425815955615,0.005044436283555748,-0.005213131583809354
-0.023329135189360545,-0.01938595586624129,-0.027122740878422213,-0.0025145698396531976
-0.0036188503375893435,0.007784422282878386,0.019004252475032086,0.0016822808290414093
-0.03071097063426496,-0.011661475557530044,-0.004997253689502847,-0.01505221433920485
0.024983556398390557,0.031562974414774195,0.06709725458197968,0.0240445388493541
0.0010483354048508517,-0.005105197879147071,-0.016644185010272462,0.0019596621013359297
-0.002347813583758254,0.031973530233375014,0.0042777491260106125,0.0022814609813216484
0.004491076551497529,-0.029602538151327566,-0.03396601533337422,0.003775542062371503
0.00422304755014603,0.01651345799010261,-0.010941091649071494,0.03551669556662955
0.007753628371346302,0.02756803483192623,0.004599945784019605,-0.006055000203432145
-0.0022162082530769673,0.004944668689518938,-0.03614067809813415,0.031151106772823022
-0.010856416731508965,-0.01369258481151794,-0.15384948606327908,-0.0048522498762754735
0.016265235233562988,0.012282223020938508,0.0360138325066553,0.01893972817349227
-0.01218645226259795,0.00640076746753005,0.04453121583281344,-0.00524527117458473
0.006037678889490072,0.009281522624728413,0.05519232015438431,0.011944677494993484
-0.0193803061435197,-0.007810938453748301,0.0010421025390305668,-0.011829370327077208
0.0021107094022437905,0.015078635267653356,-0.022679683166052338,-0.0011242379375966851
-0.01390141153604722,-0.021118088008102703,0.019242741328905938,-0.01524501862863972
0.00997806923497654,0.018977882756237567,0.011674257976472,0.028569009189470973
-0.014109826849418127,-0.003947360668708717,-0.03960360944657592,-0.00698898506383578
0.004793205712486797,0.009392397697284088,0.017857560202303197,-0.002096240438237996
0.022235476071869577,-0.011267468084258936,0.00034155282181088666,-0.01947642484634646
0.0024845862325690205,0.0022221085511937373,0.07910624722725408,0.023435658963368088
-0.005973181188035858,0.025543093068303727,-0.023827555571310416,0.019380501354321664
0.00627085632161283,0.04242729945917625,-0.03868634165630777,-0.004954661880486081
-0.002782261366145821,0.00459050878320667,-0.005418374727754274,0.024269921540753102
0.0003979945789484961,0.017457332008347648,-0.006621400161764133,0.010330689456552645
0.02013605979229072,0.001520362465989865,-0.01861926308527601,0.0060610434685441136
0.01283340638163014,-0.03013495171069394,-0.0548353231730864,-0.025898638118355632
0.021987282881436514,0.025440023440004986,0.04848766871497916,-0.007886564179350993
0.005211437084864038,0.013203383786024163,-0.0009508330128998894,0.007594742933843095
-0.01700171208706939,-0.006927347614395662,-0.07030747928005848,-0.0009184257726390464
0.00028584204423298497,0.011060857368697092,0.013080017887538436,0.0032243594094181907
0.0053662683820817954,0.017839954149815006,-0.006501707849529647,0.016664263926196608
0.005996888569178622,0.007462304828640099,0.046198855706690405,-0.0075889867743847966
-0.005902208401073387,0.0049845059826317175,0.01167844971117151,-0.013469701293919709
-0.012101749648500403,-0.005167294757861245,0.01075495879659973,0.0047413807061852655
0.0023461060134709884,0.039614395606997935,-0.019500985006087518,-0.014714065119858356
0.005008724256493555,0.003917357282829712,0.03444095462458378,-0.010585430764233456
-0.0006664697157571819,0.009466668777072643,-0.007050661595447646,-0.0021362038816777947
0.005508060298912894,-0.003416250050641185,0.031555911584314186,0.004083456034197845
0.006137005974840423,-0.005992021538431036,-0.003525100711992725,0.012263267210394516
0.008995641893247627,-0.02570983749370646,0.010959828902223289,-0.01151102187915983
-0.001166706650818722,0.02220264008780086,0.0013540923687317768,0.012366438869383939
-0.0018229539227858852,0.017183791372874523,-0.08552542784602518,0.0017080422174792665
0.0005613455732988572,-0.0013823541396934624,0.034637201499348805,-0.0029703051172506375
0.0007945872262707551,0.01855864510264024,0.029706848621967902,0.00692170205197423
-0.013072756763627699,-0.007040236055244424,-0.013574889801361277,-0.024873841700934794
-0.010563550635202222,0.021197062230718208,-0.006747506520358081,-0.0068662906429154714
-0.0071047515593244985,-0.00784015751888624,-0.03434052685502853,0.10663412148350125
-0.025321452731960625,-0.02360808283998426,-0.018465033347039538,-0.030761551849959407
0.004781459275903073,0.03551207195474499,0.02167142527004271,0.03454264157229949
-0.0021168857193060897,-0.009713780471523306,-0.0017476574412364776,-0.01676844152434695
0.049653465367576075,0.006486298088631934,0.03560499649944306,0.011110866042345171
0.03129862336367004,0.00749617014752595,0.007349951735303974,-0.013248271632362111
0.04148539226384542,0.010619853644031441,0.02264179762598033,0.009757684198273102
-0.008372376345528211,-0.003509223219586762,0.028057128395424267,-0.004468604995590724
0.010813739262220462,0.006023892571502235,0.005324552775796538,0.03102047216167369
0.015897409188223566,-0.008608717349844527,-0.004292710283261014,-0.012636363204743286
-0.0023600172840491777,0.002365088903671358,-0.011260099884090402,0.0026243728028834835
-0.005125246266400223,-0.008662784671288152,-0.015072159502432556,0.003955664331457935
-0.0030271086609148412,0.008607801184158664,0.013819862125930686,-0.02300748185962629
-0.0014302831382129908,-0.035625098554270825,-0.017608491717904177,-0.020924547545095932
-0.01993191516264375,-0.0013673902756099587,-0.01656474162017639,-0.005015970798854225
-0.004923337094260738,-0.0023974413321251535,-0.011770166368817137,-0.011595453537636106
0.012636571111288266,0.017055862688769675,0.0603104166993377,0.021006403934366404
-0.002637850248934095,0.010173294276644033,0.019196337227210383,-0.0019759767623025734
0.009420191929208597,0.010841438539146547,0.01452187916170169,0.0010613994178273922
0.005132723136336729,-0.0009357442470731524,-0.005903612812939926,-0.008951162470971545
0.00894079103525418,-0.007905546767859262,-0.010408659566889222,0.004978381261342312
-0.0018076532753705872,-0.03381173379975708,-0.0356293206445078,-0.016660291993539477
-0.010479415315868323,-0.019712979462313325,-0.01360034804236362,-0.004871785746540775
0.03738232170686491,-0.0009372442279620256,0.014259073808795026,0.0026355744054087724
0.005478258508480344,0.006076933767151556,0.01320230431684188,0.015615973447210461
-0.00037544004701183827,-0.02740215622865982,0.035717557533237444,0.005062979737083909
-0.0075800439522243105,0.007693769707076887,-0.0127361095766315,-0.00019940353179613758
-0.014950592233048619,0.014451488819847015,0.0016441653277190816,0.01765531597457443
-0.03279128326264767,0.037753447894249226,0.0023605495234688204,-0.01808078882697554
0.014185282152052413,-0.0008462105389974989,0.05868272574299215,-0.0014372476753343373
0.017410513088878223,0.0036619809787885797,0.07098109112687562,0.006226500147136608
0.011173207622585361,-0.0003936758742360118,0.034992045964953526,0.011984646485385515
0.0061072678411055875,-0.01627806682973421,0.027849686096646824,0.01852745953344011
0.0035210509004652986,-0.026597241403402035,0.010006196509857018,-0.004219497141556134
-0.00465544610939042,0.03434396892143857,-0.021384159862326838,0.005822746333825859
0.03153063426328445,0.002436745997643716,0.021877209710827277,-0.0023995450981298557
0.04219290013168558,0.03853040216217526,0.01892459915165681,-0.01645514374604022
-0.006464126391678221,-0.028617571377575424,-0.019441082441463448,-0.012837549943720366
-0.008367236857623894,-0.008216168557129732,0.03900845039857305,0.006939044481408313
0.01791156533826258,0.004060334377331126,-0.04480186162620923,-0.015567693785758497
-0.0055042148040742,0.0028099153155892965,0.03938961629749567,-0.006913848705659479
-0.004040113676564628,0.020331839161166973,0.006360288086303643,-0.0004706558436045484
0.0007858087357872592,0.025677811217956793,0.0034011943142930328,-0.012207625657312168
0.0032151298202565005,0.0035311424333920476,0.03260699487618123,-0.023476752751056738
0.006555105475919997,0.00877364616369359,-0.052409624917241146,0.013445329488949413
0.0034552785601604428,-0.006746218470695698,-0.014252492909231236,-0.02294183364169024
-0.005167971387568354,-0.011148210742574051,0.05305409919515741,0.007151832988227419
-0.0008183388500996244,-0.0026984529592276167,-0.04549829949251959,-0.00361157202811533
0.006141440918380204,0.021756858631033507,0.012847468714676217,0.006653126586502596
-0.01570053155599148,0.018130890013948877,-0.007206358713169257,0.021594502976112075
-0.03513201331059678,-0.050099617507457596,-0.05195335338705128,-0.03921801348755149
0.009697244813388845,0.0277825544651176,0.052779538485349636,0.01463779042685272
0.00044402022615236544,-0.04501927478738404,-0.01539666493428667,-0.00989928479724481
0.006316514957929752,-0.0011114158244270305,0.013674604901329141,0.012480851199708425
-0.007608847967879364,0.010950226124179306,-0.014816786729139185,-0.007666375206432122
0.019370592698148312,0.007725426200566742,0.024331310172500658,0.006788014230305782
0.03868092101339173,-0.0031706593282750787,0.01831477587612344,0.02104848161665333
0.002018888131504994,-0.008136406510658164,-0.01085364312168525,0.0015012852185218224
-0.016576708850049894,-0.004869402639927996,-0.008235365016010689,0.00019083978282160153
0.0043625258369113535,0.01037424620852365,0.022547291398770954,0.0008041809835501669
0.012404704167094445,0.022258016158518332,-0.03457920037137167,0.005922487390872179
0.022535353479356313,0.027692149273092357,0.042211814191010485,0.016734344524543265
0.0007065287393462459,0.04861863582365977,0.01781041931942346,0.0008255266357758657
0.002598862988010724,0.029457811052411947,0.002082342411769511,0.00030598781254312623
0.006283466664280875,-0.020248053829069825,-0.047501755655160294,-0.12030221062296055
-0.00380226296753672,-0.0019734570078558597,0.03671813319553837,-0.02756455092563916
-0.004894298833628012,0.021448370488581326,0.025538450543862383,-0.016546892147518498
0.0036729963281676823,-0.04039308421323307,-0.052848572813666,-0.01642693673302252
0.00037029726863190167,-0.017669859029216153,0.03930641199562339,0.013663153711260779
-0.0013707172835239541,-0.03720853949792179,-0.035599264459215095,-0.02711161729408456
-0.0048305427121975416,0.00037213908360064416,-0.03744886561150212,0.00446541349512957
0.004538380514148896,0.05631657163129625,0.03592274671529928,0.016035920223837603
0.021371148071028613,-0.030037238330691364,-0.01268032095842644,-0.007435429549109321
-0.006487862890758322,0.003307868914437253,-0.020731107188327342,-0.029239545769439032
-0.001903213145158224,-0.03646714782519775,-0.06875241071018368,0.0014439733950654045
-0.001980466546235507,0.01755874961995923,0.005853666241942873,-0.0007053094271526698
-0.018338285065585238,-0.018951081026778376,0.011238716089416035,-0.012299347331415831
-7.464947758260898e-05,-0.028483265509903405,-0.01893489628165649,-0.007201701565769876
0.0041789849317348,0.028054465542118427,0.006805426562391663,-0.012407581004564943
-0.008638554808404069,-0.03203238704693301,-0.021922199285516537,-0.0019838852074643815
0.01948948732721377,-0.009790873441003703,-0.010530198558583292,0.008619322769074808
0.016185769721398423,0.020308938810314977,0.0660172720981127,0.031146373658558404
0.0037982730766835957,-0.026252354221238554,0.003870128654219355,0.03709776932249228
0.0020917682533082623,0.013628437947211431,0.016974787220379935,-0.0041106661136424095
0.004672971434540764,-0.01825050237722547,0.008380619474776033,0.022379901030830283
0.0151262172065036,0.016362629615955304,-6.97394621241348e-05,-0.010986922793942587
0.010855696011275954,0.008522861496818633,-0.0020945908399217085,0.009674163300367944
-0.007153684504557431,-0.010358750886118864,0.039960567737700375,-0.01165783901427715
-0.012215789741831256,0.020939759460909875,0.017287167308555625,0.03371253370045904
-0.00686355564689062,-0.005303645265539134,0.0010335035967348669,0.017813741091340294
-0.003197540392983899,0.017067539740813674,-0.03447772390855956,-0.009879081056581996
-0.0025583326534953568,-0.0031307726339145528,0.012636566806914386,-0.01486689201555283
0.005755873046479309,-0.006454273212194532,0.014008389943790958,-0.010450937147005302
-0.0026938721785778564,-0.015629252452978915,-0.010152139695978377,0.003960577562137858
0.0008988005844432756,-0.03320988405610645,0.026650529578487583,-0.013077035716333868
-0.015098408555415868,0.0072300846298920425,0.03500417593015653,0.0058936797766686415
0.0018224664254049999,0.008078970801869827,0.03019325551468915,0.014778109019416348
-0.010138247658845124,-0.03889667710610827,-0.04727460429487326,-0.011709520323177205
0.001286746577224654,0.01854689154035358,0.03389652701091261,0.022756733885575087
0.005422681951884745,0.0385822323928654,-0.0044993863680713635,-0.008585132748912054
-0.009914939859583293,0.014807802897141563,0.015527202757109204,0.004135553565664006
0.005116600880012278,0.029607952574700207,-0.006507353223946919,0.005186771874033061
0.005309660095674185,-0.003176142656346988,-0.0003295782832779731,0.00391747403462239
-0.0014985148401437073,0.010128284734973564,-0.021258551524587485,-0.006401942101222528
0.0013160418504418513,-0.012198192178212625,-0.03327112293491262,-0.006959267343993393
-0.002487138437606135,-0.0036193198928964683,-0.01139973602177475,0.010961574488480381
-0.004477584501558454,-0.005560883274468545,-0.0104187006411069,-0.008838469437340053
-0.0031314907649584198,0.012521810833682744,-0.02624643791802105,-0.014773282949542107
-0.013933739398968666,-0.003872991969811118,0.03057312274344065,0.012801938058977794
-0.018504426184870557,-0.004688805860122811,-0.04230652917497186,0.00277393819506747
-0.007767587254826069,0.009937556278234288,-0.003586402728205757,-0.01822383661849573
-0.004967410582383972,-0.02175679022132189,0.010124471981728621,-0.004062547750147667
0.0012730781005779077,-0.0009733096453260929,0.02091338126870214,0.01077665023750994
0.0033871684089656568,0.00043270820192001583,0.00883700211279967,-0.017127527812730442
0.003069160037768495,0.004693209374154674,-0.003927828743923437,-0.01709294557748412
-0.004184200562639289,-0.014473845297566582,-0.018051031148363036,-0.024981077684351052
-0.0067546064536927915,0.0211251888846915,-0.0014354670972459708,0.008541482039797271
-0.01043328271118352,-0.004393569228210795,-0.0024427450941923528,-0.0008863310845809698
-0.03516681140302266,-0.04480571352822744,-0.042609305094350874,-0.026349733663020885
0.0038434513252299496,0.029056623452312275,0.02866105598439217,0.01452686023188949
0.002822574664753265,0.008257212491436692,0.040695858938020815,0.055019782929853496
-0.0012490498169329728,0.015194520290977908,-0.0006678119583802994,0.017039807335167065
0.029280096957102087,-0.006414700713591816,-0.03135078007637384,0.020434481253087985
0.011135311634926056,0.010933722693939045,-0.009929693133760457,0.0009068913588675953
-0.007110624097650485,0.015788180324216493,0.0012987560805733547,-0.006320410222100932
0.007149452337149825,0.0051558106250884595,-0.0351442835440217,0.09898350615029354
0.004635398415236556,-0.007194235238293908,0.032707748293060876,-0.029985563188647524
0.039779460893500804,-0.029306123614050272,-0.02018328139266714,-0.014182511319568216
-0.001964837922112354,-0.028803825223368506,0.00035553266889641583,-0.021043427681574568
0.025680287047938025,-0.03469726658767911,-0.038532688670109685,-0.03338312330932552
-0.0020997961220096443,-0.0133501220397345,-0.02191272731756527,0.0018219938622909511
0.00797784107081465,0.07577304156935682,0.03439569638292661,-0.013141606918423851
-0.011729000497211482,0.024664984785234986,0.014992548192064116,0.02354657289088363
-0.003428831498793266,-0.007924370677356948,0.018729813289406434,-0.009644478696859545
0.006628103245317512,0.00797702503371531,0.007170667714086594,-0.0030310693655162288
-0.05127407257936166,-0.016499430880248904,-0.026499721174377204,-0.028640550214027307
-0.022995839415095466,-0.02234034990641119,0.0008867362574486323,-0.015571327214771068
0.03117681438621338,0.011746261049877795,-0.016448249621048336,-0.0007505209541119311
0.0017795532383034164,0.016141838338721674,0.001678940551719039,0.006128581884773992
-0.014364224365880748,-0.0004256277036358056,0.000947679089765262,0.0024224061806033905
0.015233823534795543,0.010166442233303357,0.0002671812076260135,0.01673323408663877
0.00602904668779855,0.009072602696341523,-0.02954695527872473,-0.028480283268426505
0.022144036649487702,0.00676381203940997,0.023604408796446652,0.003211746552263668
0.007650520846136862,0.013954458115647371,0.01940114803767631,0.022259315138828957
-0.0046786052410885525,-0.05610616371498543,-0.021357279325286554,0.005066097189523062
-0.032657957379533524,-0.04253841115102456,-0.014967735162802963,-0.013530886153766148
0.002041924719824955,0.029417965049183585,0.002010344152525457,0.008265910075498125
-0.0036708976244395467,-0.013406031910892074,-0.027372150980348144,0.0023230854579415765
-0.004674468498819032,0.01647012436394315,0.03384721273919843,0.019126483335465395
-0.008530831338801404,0.0016376569434080994,-0.00096123102727329,-0.010780750218416239
-0.01093213459894777,-0.030570547947451978,-0.02198816416611494,-0.024069923175256292
0.009355669414157603,0.026799927974745296,0.004903095477786746,0.0039156834447055516
0.003648874557014285,0.011540132553405798,0.0014036436297643494,0.010265555471366521
-7.670972662595488e-05,0.0068501971802928125,0.02126320318819362,0.0012070636730406865
-0.0195526595655038,-0.015657017582739324,-0.031914812787204434,-0.025801047858578785
-0.02229865363447962,-0.01590614903148685,-0.009692136394107657,-0.03909800723548689
0.010737011185857437,0.016342896559540954,0.011083506865035645,0.02299736633433219
0.005561553592463054,-0.007065700712188807,0.00933537602077204,-0.007663393274436528
-0.017018440434935896,-0.008445360648967679,-0.016388196671314647,-0.011273233148284706
-0.003928637969992818,-0.010251940462499028,-0.03228927274343446,-0.014692904057745948
-0.0039038546496206693,-0.03336870520646045,-0.032986169449252166,-0.02172771740000326
0.014014812591042392,0.016880501264273443,0.03443139945829688,0.01736678392254706
0.0005962460475602484,-0.0025083307357880963,0.005707699063017406,-0.018614073048194207
0.0038868788463975487,0.019668337891847958,0.007594547116542637,0.0033170736732061044
0.0010682625170895263,-0.0425303080215932,-0.036518388902705916,-0.08294109895877108
-0.016305280196262602,-0.021963413780231762,-0.0280150189690427,-0.04066678726205274
-0.008760109701824332,-0.01412747193455417,-0.018268243604687585,0.02007426140964033
0.02861786495948073,0.05437625561333066,0.045315377792307994,0.06452330162265603
0.007223978636376895,0.00771105353121578,0.02525999735964806,0.012333430331749967
0.0011338123573076417,0.009288088228185538,-0.05574001402961767,-0.008269132622956196
0.01142239161475063,0.0014083382738375788,-0.021783536042954785,-0.0025098367236974298
-0.020923456036972127,0.0025862058206754654,-0.017642424845982326,0.0035362963950763718
0.02107802518992581,0.02210099101794525,-0.009856563133277247,0.06296131492105915
0.006122567123347408,0.010000334200718075,0.0068808468500743715,0.02574274969004378
-3.8345556912621514e-05,0.025340931070435613,0.009588788947183922,0.002336465202516237
-0.0049260673756055485,0.0035984100488998323,0.00989500379675574,0.007387146364669433
-0.0014286068821369137,0.03732744648887824,0.03287951656879651,0.04312075772108938
0.028940120889102108,0.011938031369764115,0.07343111096819813,0.013627804672031613
-0.011437796552710188,-0.002618194278043067,-0.0078120863116936485,0.007845985357244307
0.025599724502604514,0.016649073332435406,0.0296911094422974,0.017108713626815247
0.010381401662850636,0.0018824237593380586,-0.020476797687229584,-0.02595292477717801
-0.02551957602598669,-0.01084740809684451,-0.0156116416401595,-0.0030900877519639235
0.025959122658055597,0.013022666698602456,0.0028167845306925577,0.008752856380746823
0.0009512419139857489,-0.014224159796213538,-0.03623482292188371,-0.023346602573655204
-0.00870548556450589,0.04231955004193406,0.006879807968652782,0.023806006921236807
-0.012809554739298108,0.03926319027785601,0.006278483691632188,0.005304181205167543
0.011517520751980868,-0.01600850416151377,-0.007022844604162197,-0.010785602217771114
-0.0019966978339397375,-0.018560255972615913,-0.008600254179982027,-0.003312316930648197
0.0043581493936293405,-0.04736465906513777,0.023409515563600516,-0.08937823141819438
0.03187991038650981,-0.00562788249813037,0.02379554904158833,-0.005177488415403541
-0.011885962197690256,0.00015109925506329687,0.004314924812415465,0.002723162409339637
0.026204338554427865,-0.010025891482081857,-0.008032003657369561,-0.008968510390804464
0.011649801728447845,0.05605804652492139,0.023754487827164997,0.013006805266546462
-0.00024353676707370125,0.017504551528897266,0.03222900776203085,0.006391827246250566
0.020250074126795237,0.017342835809247024,0.03942710124226755,-0.011708800290584477
-0.0012634684139431265,0.019511007291121277,0.03813364950728898,-0.017824338822277564
0.007217281916175962,0.006087883494185524,-0.026297804689101322,0.006889353612012059
0.013711560991706276,0.02261580585803677,0.02690433759547956,0.022351957398803673
-0.002210772244144634,0.04294701759820982,-0.004434100858338372,0.002914850865910365
0.006750976522238501,-0.04520787679613538,-0.048672864587404434,-0.0068145493567160825
-0.007992466908238653,-0.013403819528754392,-0.029441104289050234,-0.00492886541882719
0.003786820722815226,-0.00772141061963216,-0.014445663458309575,-0.014170384779384529
0.010911251503184886,0.012880756382786308,0.03202247022638431,0.004057442622716455
0.009024467670268961,-0.017879425943107992,0.0014129789484986274,0.0038269293201572126
0.012479649444335736,-0.01922601401684015,0.019340312041325056,0.004730548527984734
-0.0015880121843198519,-0.0021850774060261733,0.017636535587117294,0.0034025714037103465
0.008139905925081868,-0.010574191531007708,0.015493162254673815,0.036746721454421066
0.005325999563197865,0.007731054577228179,0.003943573700417892,4.712123853181468e-05
-0.0014410307239461104,-0.014622087317938178,-0.014375619088440037,-0.004385523673373945
-0.0185978161231111,0.06073045986638763,-0.046763726698806594,-0.051983422142678065
0.02860974364520492,-0.0068876374559193035,0.018723267699191404,-0.0047408004140199285
-0.0157967095998125,-0.03688972124723909,-9.435010681166908e-05,0.041542601453710186
0.0031215368741391546,0.019208290386228847,-0.012468248792164637,0.007340810380850341
-0.012577609274253502,-0.06402033391723558,-0.06784987766553562,-0.05666077654197565
-0.01905190902330898,0.017112580975841913,0.04488536904530807,-0.012916128735448184
-0.03712706918079524,-0.0021591397984066225,-0.030463037176546175,-0.0013675383254841552
0.0035387281174611347,-0.03803598052040507,-0.0387831676710731,-0.023556588800602806
0.013794324313997033,0.02196045231330065,0.044990546617469984,-0.004476060439686304
-0.015338769356976291,0.0015607832565316107,0.018074423616042716,-0.002554166283448287
0.018007493246393634,0.034770261132300154,0.011546402155351725,0.046605917567477714
0.009468481540986734,-0.02400912389906229,-0.015910879171028017,0.011276148415824264
-0.011055331985774613,-0.013396355182919827,-0.020673857986175808,-0.05589789189536283
0.0069365133751416366,0.02908669731246372,0.010315413608767319,0.01684168688558637
-0.0033612346094813285,-0.009729692641559137,0.01132171311591987,-0.023435210199502732
-0.009166227388095017,-0.04214086479707091,-0.059611379843779726,-0.0029305351940348474
-0.004154050285409865,-0.005212488263586544,-0.016060748057995154,-0.008090321243322048
-0.06312918215256177,-0.016517548663244935,-0.0010923964729650014,-0.026897487347296307
0.030882904454319803,-0.016535296660330157,0.012161819203993191,0.013502848811789085
-0.00721466060725805,0.012593727434429082,0.08122713454703766,0.022196132254121426
0.02668691184994011,0.025921540190744,0.02104736226435513,0.00122570154494565
0.017199929330940868,-0.012623672142353475,0.011112495777372573,0.08442350821195795
0.047271697894878145,-0.014016182027723867,-0.07784074755080678,-0.05020237548230075
0.012973185615845364,0.0036887239515329033,0.06475289005284912,0.029397148242849627
-0.0064172715140114545,0.00703218164456726,-0.041018539011121395,0.0251521053920136
0.008749389702145728,0.03585973382237286,-0.022185201276039682,-0.020448766762634237
0.00898970969223071,-0.006586390769892467,0.0312037168556396,0.04595006592667653
-0.0028501583226974415,0.03954693236574592,0.0029718973532871238,0.058031705316322596
0.0062911868943995525,-0.03585516570320906,-0.03240077993929111,-0.018824999676927696
-0.0077511572511698955,0.039829039408852435,0.003590624905497913,0.0065413737798066165
0.039360006012478126,0.0032995407884884027,-0.004350915634406925,0.030203092756913113
